time,wspd,wgust
2024-11-01 00:00:00,7.88,15.3
2024-11-01 01:00:00,7.84,15.6
2024-11-01 02:00:00,7.83,16.0
2024-11-01 03:00:00,7.68,16.3
2024-11-01 04:00:00,7.84,16.8
2024-11-01 05:00:00,7.85,16.7
2024-11-01 06:00:00,7.87,17.3
2024-11-01 07:00:00,8.46,17.4
2024-11-01 08:00:00,7.27,17.1
2024-11-01 09:00:00,8.71,16.1
2024-11-01 10:00:00,7.97,17.5
2024-11-01 11:00:00,8.66,17.9
2024-11-01 12:00:00,9.78,21.7
2024-11-01 13:00:00,10.23,20.9
2024-11-01 14:00:00,9.69,20.0
2024-11-01 15:00:00,8.97,18.6
2024-11-01 16:00:00,8.69,17.5
2024-11-01 17:00:00,7.13,17.0
2024-11-01 18:00:00,6.31,13.9
2024-11-01 19:00:00,5.61,12.9
2024-11-01 20:00:00,5.62,11.4
2024-11-01 21:00:00,5.41,11.6
2024-11-01 22:00:00,5.41,10.6
2024-11-01 23:00:00,5.16,10.5
2024-11-02 00:00:00,5.12,10.0
2024-11-02 01:00:00,4.88,10.0
2024-11-02 02:00:00,4.36,9.5
2024-11-02 03:00:00,4.56,9.8
2024-11-02 04:00:00,4.6,9.2
2024-11-02 05:00:00,4.47,9.2
2024-11-02 06:00:00,4.58,9.0
2024-11-02 07:00:00,4.6,9.2
2024-11-02 08:00:00,4.25,9.2
2024-11-02 09:00:00,3.86,8.4
2024-11-02 10:00:00,3.29,7.6
2024-11-02 11:00:00,3.51,7.4
2024-11-02 12:00:00,3.47,7.5
2024-11-02 13:00:00,3.52,7.5
2024-11-02 14:00:00,3.34,7.4
2024-11-02 15:00:00,3.14,6.9
2024-11-02 16:00:00,2.55,6.4
2024-11-02 17:00:00,2.46,5.1
2024-11-02 18:00:00,2.21,4.7
2024-11-02 19:00:00,2.48,4.5
2024-11-02 20:00:00,2.66,5.1
2024-11-02 21:00:00,2.19,5.0
2024-11-02 22:00:00,2.16,4.2
2024-11-02 23:00:00,2.96,5.3
2024-11-03 00:00:00,3.4,6.6
2024-11-03 01:00:00,3.43,6.6
2024-11-03 02:00:00,4.27,8.0
2024-11-03 03:00:00,4.86,9.5
2024-11-03 04:00:00,4.79,9.4
2024-11-03 05:00:00,5.19,10.0
2024-11-03 06:00:00,5.63,10.8
2024-11-03 07:00:00,5.98,11.7
2024-11-03 08:00:00,6.03,11.7
2024-11-03 09:00:00,6.47,12.5
2024-11-03 10:00:00,7.05,13.7
2024-11-03 11:00:00,7.32,14.2
2024-11-03 12:00:00,7.14,14.3
2024-11-03 13:00:00,7.33,14.2
2024-11-03 14:00:00,7.48,14.5
2024-11-03 15:00:00,6.85,15.1
2024-11-03 16:00:00,7.1,13.7
2024-11-03 17:00:00,6.59,13.9
2024-11-03 18:00:00,6.09,12.6
2024-11-03 19:00:00,5.37,11.7
2024-11-03 20:00:00,4.7,10.2
2024-11-03 21:00:00,3.77,8.7
2024-11-03 22:00:00,2.97,6.8
2024-11-03 23:00:00,2.82,5.3
2024-11-04 00:00:00,2.77,5.0
2024-11-04 01:00:00,2.47,4.9
2024-11-04 02:00:00,2.5,4.3
2024-11-04 03:00:00,2.49,4.7
2024-11-04 04:00:00,2.17,4.4
2024-11-04 05:00:00,1.84,4.0
2024-11-04 06:00:00,2.39,3.4
2024-11-04 07:00:00,1.84,3.5
2024-11-04 08:00:00,0.97,2.5
2024-11-04 09:00:00,0.97,1.5
2024-11-04 10:00:00,1.17,2.2
2024-11-04 11:00:00,0.81,2.6
2024-11-04 12:00:00,0.86,2.8
2024-11-04 13:00:00,1.19,3.3
2024-11-04 14:00:00,1.25,3.5
2024-11-04 15:00:00,1.35,3.1
2024-11-04 16:00:00,1.39,3.1
2024-11-04 17:00:00,1.63,3.0
2024-11-04 18:00:00,1.92,3.5
2024-11-04 19:00:00,1.98,3.8
2024-11-04 20:00:00,2.05,3.7
2024-11-04 21:00:00,2.44,4.4
2024-11-04 22:00:00,2.42,4.4
2024-11-04 23:00:00,2.4,4.4
2024-11-05 00:00:00,2.56,4.7
2024-11-05 01:00:00,2.57,4.7
2024-11-05 02:00:00,2.75,4.9
2024-11-05 03:00:00,2.72,5.0
2024-11-05 04:00:00,2.55,5.0
2024-11-05 05:00:00,2.51,4.7
2024-11-05 06:00:00,2.66,4.9
2024-11-05 07:00:00,2.98,5.4
2024-11-05 08:00:00,3.05,5.7
2024-11-05 09:00:00,2.69,5.6
2024-11-05 10:00:00,2.36,5.0
2024-11-05 11:00:00,1.97,4.5
2024-11-05 12:00:00,2.56,5.1
2024-11-05 13:00:00,2.97,6.1
2024-11-05 14:00:00,2.01,5.8
2024-11-05 15:00:00,2.1,4.6
2024-11-05 16:00:00,1.9,3.9
2024-11-05 17:00:00,1.77,3.4
2024-11-05 18:00:00,1.76,3.0
2024-11-05 19:00:00,1.79,3.0
2024-11-05 20:00:00,2.04,3.5
2024-11-05 21:00:00,1.98,3.6
2024-11-05 22:00:00,2.04,3.6
2024-11-05 23:00:00,2.37,4.2
2024-11-06 00:00:00,2.58,4.7
2024-11-06 01:00:00,2.56,4.7
2024-11-06 02:00:00,2.28,4.6
2024-11-06 03:00:00,1.57,2.8
2024-11-06 04:00:00,1.57,2.8
2024-11-06 05:00:00,1.6,3.0
2024-11-06 06:00:00,1.5,3.0
2024-11-06 07:00:00,1.37,2.8
2024-11-06 08:00:00,1.24,2.5
2024-11-06 09:00:00,1.3,2.2
2024-11-06 10:00:00,1.46,3.0
2024-11-06 11:00:00,2.42,4.9
2024-11-06 12:00:00,2.57,5.5
2024-11-06 13:00:00,2.76,6.0
2024-11-06 14:00:00,2.93,6.2
2024-11-06 15:00:00,2.53,5.7
2024-11-06 16:00:00,2.51,5.1
2024-11-06 17:00:00,2.61,4.7
2024-11-06 18:00:00,2.56,4.8
2024-11-06 19:00:00,2.27,4.6
2024-11-06 20:00:00,2.17,4.1
2024-11-06 21:00:00,2.51,4.5
2024-11-06 22:00:00,2.79,5.1
2024-11-06 23:00:00,3.15,5.9
2024-11-07 00:00:00,3.5,6.7
2024-11-07 01:00:00,3.3,6.7
2024-11-07 02:00:00,3.32,6.3
2024-11-07 03:00:00,2.45,5.7
2024-11-07 04:00:00,2.43,4.6
2024-11-07 05:00:00,2.8,5.1
2024-11-07 06:00:00,3.0,5.7
2024-11-07 07:00:00,2.95,5.7
2024-11-07 08:00:00,2.74,5.5
2024-11-07 09:00:00,2.89,5.3
2024-11-07 10:00:00,2.98,5.3
2024-11-07 11:00:00,2.97,6.0
2024-11-07 12:00:00,3.21,6.8
2024-11-07 13:00:00,2.55,6.7
2024-11-07 14:00:00,2.55,5.4
2024-11-07 15:00:00,1.8,5.0
2024-11-07 16:00:00,0.89,3.8
2024-11-07 17:00:00,2.15,2.5
2024-11-07 18:00:00,2.67,3.5
2024-11-07 19:00:00,2.59,3.5
2024-11-07 20:00:00,2.54,3.6
2024-11-07 21:00:00,2.13,3.4
2024-11-07 22:00:00,2.21,3.0
2024-11-07 23:00:00,1.8,3.0
2024-11-08 00:00:00,1.12,2.5
2024-11-08 01:00:00,1.05,1.6
2024-11-08 02:00:00,1.18,1.8
2024-11-08 03:00:00,0.98,1.6
2024-11-08 04:00:00,0.84,1.5
2024-11-08 05:00:00,0.65,1.3
2024-11-08 06:00:00,0.78,1.4
2024-11-08 07:00:00,0.94,1.8
2024-11-08 08:00:00,0.69,1.8
2024-11-08 09:00:00,0.11,1.3
2024-11-08 10:00:00,0.47,2.0
2024-11-08 11:00:00,0.58,2.5
2024-11-08 12:00:00,0.62,2.6
2024-11-08 13:00:00,0.72,2.8
2024-11-08 14:00:00,0.73,2.8
2024-11-08 15:00:00,1.65,3.8
2024-11-08 16:00:00,2.11,4.4
2024-11-08 17:00:00,2.05,4.6
2024-11-08 18:00:00,2.05,4.5
2024-11-08 19:00:00,1.3,4.1
2024-11-08 20:00:00,0.95,2.6
2024-11-08 21:00:00,1.19,2.1
2024-11-08 22:00:00,1.61,3.0
2024-11-08 23:00:00,1.49,3.0
2024-11-09 00:00:00,1.45,2.8
2024-11-09 01:00:00,1.63,3.0
2024-11-09 02:00:00,1.84,3.4
2024-11-09 03:00:00,1.81,3.6
2024-11-09 04:00:00,2.01,3.7
2024-11-09 05:00:00,2.16,4.0
2024-11-09 06:00:00,2.39,4.5
2024-11-09 07:00:00,2.23,4.5
2024-11-09 08:00:00,2.32,4.4
2024-11-09 09:00:00,2.31,4.4
2024-11-09 10:00:00,2.43,4.7
2024-11-09 11:00:00,3.22,6.6
2024-11-09 12:00:00,2.87,6.5
2024-11-09 13:00:00,2.8,5.9
2024-11-09 14:00:00,2.88,6.0
2024-11-09 15:00:00,2.8,5.8
2024-11-09 16:00:00,2.53,5.8
2024-11-09 17:00:00,1.96,5.1
2024-11-09 18:00:00,1.94,3.7
2024-11-09 19:00:00,2.35,4.5
2024-11-09 20:00:00,2.49,5.1
2024-11-09 21:00:00,2.84,5.8
2024-11-09 22:00:00,2.76,5.8
2024-11-09 23:00:00,2.76,5.7
2024-11-10 00:00:00,2.87,5.8
2024-11-10 01:00:00,3.05,6.4
2024-11-10 02:00:00,2.94,6.4
2024-11-10 03:00:00,2.36,5.5
2024-11-10 04:00:00,2.62,5.7
2024-11-10 05:00:00,2.52,5.4
2024-11-10 06:00:00,2.55,5.1
2024-11-10 07:00:00,2.69,5.4
2024-11-10 08:00:00,2.97,5.9
2024-11-10 09:00:00,2.93,6.0
2024-11-10 10:00:00,2.87,6.1
2024-11-10 11:00:00,2.47,5.8
2024-11-10 12:00:00,2.43,5.3
2024-11-10 13:00:00,2.44,5.3
2024-11-10 14:00:00,2.35,5.3
2024-11-10 15:00:00,2.15,4.6
2024-11-10 16:00:00,2.09,4.7
2024-11-10 17:00:00,1.75,4.5
2024-11-10 18:00:00,2.1,4.1
2024-11-10 19:00:00,2.23,4.4
2024-11-10 20:00:00,2.51,5.0
2024-11-10 21:00:00,2.46,5.2
2024-11-10 22:00:00,2.65,5.2
2024-11-10 23:00:00,2.85,5.6
2024-11-11 00:00:00,2.84,5.6
2024-11-11 01:00:00,2.77,5.7
2024-11-11 02:00:00,2.56,5.5
2024-11-11 03:00:00,2.48,5.1
2024-11-11 04:00:00,2.75,5.6
2024-11-11 05:00:00,2.14,5.3
2024-11-11 06:00:00,2.05,4.3
2024-11-11 07:00:00,2.16,4.2
2024-11-11 08:00:00,2.6,4.7
2024-11-11 09:00:00,2.56,4.9
2024-11-11 10:00:00,2.34,5.0
2024-11-11 11:00:00,2.41,4.4
2024-11-11 12:00:00,2.55,4.6
2024-11-11 13:00:00,2.33,4.9
2024-11-11 14:00:00,2.11,4.6
2024-11-11 15:00:00,2.26,4.8
2024-11-11 16:00:00,1.76,4.1
2024-11-11 17:00:00,0.74,3.0
2024-11-11 18:00:00,0.74,1.2
2024-11-11 19:00:00,0.47,0.8
2024-11-11 20:00:00,0.68,1.0
2024-11-11 21:00:00,0.81,1.0
2024-11-11 22:00:00,0.81,1.2
2024-11-11 23:00:00,0.99,1.7
2024-11-12 00:00:00,1.17,2.2
2024-11-12 01:00:00,1.37,2.3
2024-11-12 02:00:00,1.76,3.4
2024-11-12 03:00:00,1.1,3.1
2024-11-12 04:00:00,1.35,3.1
2024-11-12 05:00:00,1.71,3.9
2024-11-12 06:00:00,2.36,4.7
2024-11-12 07:00:00,2.99,5.8
2024-11-12 08:00:00,2.67,5.9
2024-11-12 09:00:00,2.01,5.1
2024-11-12 10:00:00,2.15,3.9
2024-11-12 11:00:00,2.6,5.8
2024-11-12 12:00:00,2.4,5.7
2024-11-12 13:00:00,1.84,5.3
2024-11-12 14:00:00,2.33,5.1
2024-11-12 15:00:00,2.26,5.9
2024-11-12 16:00:00,2.26,5.2
2024-11-12 17:00:00,1.75,5.0
2024-11-12 18:00:00,2.37,4.4
2024-11-12 19:00:00,2.33,4.5
2024-11-12 20:00:00,2.21,4.5
2024-11-12 21:00:00,2.14,4.2
2024-11-12 22:00:00,2.0,4.1
2024-11-12 23:00:00,2.11,4.2
2024-11-13 00:00:00,2.06,4.2
2024-11-13 01:00:00,2.02,4.0
2024-11-13 02:00:00,2.21,4.5
2024-11-13 03:00:00,2.06,4.8
2024-11-13 04:00:00,1.81,4.4
2024-11-13 05:00:00,1.47,3.9
2024-11-13 06:00:00,1.05,3.2
2024-11-13 07:00:00,0.73,2.5
2024-11-13 08:00:00,0.74,2.0
2024-11-13 09:00:00,0.89,2.3
2024-11-13 10:00:00,1.18,3.0
2024-11-13 11:00:00,1.82,4.2
2024-11-13 12:00:00,2.26,5.1
2024-11-13 13:00:00,2.28,5.6
2024-11-13 14:00:00,2.25,5.7
2024-11-13 15:00:00,2.93,6.9
2024-11-13 16:00:00,2.66,6.3
2024-11-13 17:00:00,3.24,6.3
2024-11-13 18:00:00,3.62,7.2
2024-11-13 19:00:00,3.34,7.3
2024-11-13 20:00:00,3.44,7.0
2024-11-13 21:00:00,3.43,7.0
2024-11-13 22:00:00,3.4,6.8
2024-11-13 23:00:00,3.54,6.9
2024-11-14 00:00:00,3.63,6.9
2024-11-14 01:00:00,3.46,7.0
2024-11-14 02:00:00,3.18,6.5
2024-11-14 03:00:00,3.56,6.6
2024-11-14 04:00:00,3.45,6.6
2024-11-14 05:00:00,3.08,6.4
2024-11-14 06:00:00,2.8,5.7
2024-11-14 07:00:00,2.91,5.6
2024-11-14 08:00:00,2.82,5.7
2024-11-14 09:00:00,3.36,6.3
2024-11-14 10:00:00,3.45,6.8
2024-11-14 11:00:00,2.95,6.8
2024-11-14 12:00:00,3.1,7.0
2024-11-14 13:00:00,2.13,6.9
2024-11-14 14:00:00,1.93,5.1
2024-11-14 15:00:00,2.45,6.8
2024-11-14 16:00:00,1.3,5.1
2024-11-14 17:00:00,1.94,3.5
2024-11-14 18:00:00,2.47,4.5
2024-11-14 19:00:00,2.29,4.6
2024-11-14 20:00:00,2.39,4.3
2024-11-14 21:00:00,2.68,4.9
2024-11-14 22:00:00,2.48,4.9
2024-11-14 23:00:00,1.94,4.4
2024-11-15 00:00:00,2.11,3.8
2024-11-15 01:00:00,2.15,4.0
2024-11-15 02:00:00,2.17,4.0
2024-11-15 03:00:00,2.96,5.5
2024-11-15 04:00:00,2.65,5.9
2024-11-15 05:00:00,3.13,5.7
2024-11-15 06:00:00,3.13,6.1
2024-11-15 07:00:00,3.01,5.7
2024-11-15 08:00:00,2.95,5.6
2024-11-15 09:00:00,3.03,5.6
2024-11-15 10:00:00,2.98,5.5
2024-11-15 11:00:00,2.56,5.6
2024-11-15 12:00:00,2.25,4.8
2024-11-15 13:00:00,2.44,5.4
2024-11-15 14:00:00,3.16,6.4
2024-11-15 15:00:00,4.23,8.8
2024-11-15 16:00:00,3.93,8.3
2024-11-15 17:00:00,4.21,8.2
2024-11-15 18:00:00,4.57,8.9
2024-11-15 19:00:00,4.8,9.4
2024-11-15 20:00:00,4.85,9.5
2024-11-15 21:00:00,4.86,9.6
2024-11-15 22:00:00,5.05,9.9
2024-11-15 23:00:00,5.55,11.0
2024-11-16 00:00:00,5.43,11.0
2024-11-16 01:00:00,5.08,10.7
2024-11-16 02:00:00,4.55,10.2
2024-11-16 03:00:00,5.28,10.5
2024-11-16 04:00:00,5.43,10.9
2024-11-16 05:00:00,5.77,11.7
2024-11-16 06:00:00,5.74,11.9
2024-11-16 07:00:00,5.79,11.8
2024-11-16 08:00:00,6.0,12.3
2024-11-16 09:00:00,6.11,12.5
2024-11-16 10:00:00,6.13,12.7
2024-11-16 11:00:00,6.2,13.0
2024-11-16 12:00:00,6.27,13.2
2024-11-16 13:00:00,6.3,12.9
2024-11-16 14:00:00,6.04,12.2
2024-11-16 15:00:00,6.32,12.8
2024-11-16 16:00:00,6.22,12.8
2024-11-16 17:00:00,6.05,12.7
2024-11-16 18:00:00,5.67,12.2
2024-11-16 19:00:00,5.54,11.4
2024-11-16 20:00:00,5.15,11.2
2024-11-16 21:00:00,5.22,10.4
2024-11-16 22:00:00,5.48,11.2
2024-11-16 23:00:00,5.82,11.7
2024-11-17 00:00:00,6.11,12.4
2024-11-17 01:00:00,5.79,12.2
2024-11-17 02:00:00,5.75,12.0
2024-11-17 03:00:00,5.35,11.4
2024-11-17 04:00:00,5.24,10.8
2024-11-17 05:00:00,5.22,10.9
2024-11-17 06:00:00,5.5,11.0
2024-11-17 07:00:00,5.66,11.7
2024-11-17 08:00:00,5.54,11.5
2024-11-17 09:00:00,5.41,11.6
2024-11-17 10:00:00,5.48,11.8
2024-11-17 11:00:00,4.74,14.1
2024-11-17 12:00:00,6.37,15.2
2024-11-17 13:00:00,7.07,14.8
2024-11-17 14:00:00,6.83,14.4
2024-11-17 15:00:00,5.64,12.8
2024-11-17 16:00:00,5.41,12.3
2024-11-17 17:00:00,4.82,10.8
2024-11-17 18:00:00,5.07,10.2
2024-11-17 19:00:00,5.49,11.0
2024-11-17 20:00:00,5.53,11.1
2024-11-17 21:00:00,5.57,11.3
2024-11-17 22:00:00,5.34,11.2
2024-11-17 23:00:00,5.06,10.7
2024-11-18 00:00:00,4.35,10.0
2024-11-18 01:00:00,4.04,8.6
2024-11-18 02:00:00,3.94,8.0
2024-11-18 03:00:00,3.15,7.0
2024-11-18 04:00:00,3.06,6.1
2024-11-18 05:00:00,2.74,6.0
2024-11-18 06:00:00,2.57,5.3
2024-11-18 07:00:00,2.16,4.9
2024-11-18 08:00:00,1.95,4.2
2024-11-18 09:00:00,1.86,4.0
2024-11-18 10:00:00,1.85,4.1
2024-11-18 11:00:00,2.13,4.9
2024-11-18 12:00:00,1.83,4.9
2024-11-18 13:00:00,1.87,4.7
2024-11-18 14:00:00,1.76,4.8
2024-11-18 15:00:00,1.8,4.1
2024-11-18 16:00:00,1.57,4.0
2024-11-18 17:00:00,1.77,3.5
2024-11-18 18:00:00,1.74,3.8
2024-11-18 19:00:00,1.59,3.4
2024-11-18 20:00:00,1.3,3.1
2024-11-18 21:00:00,1.1,2.8
2024-11-18 22:00:00,0.86,2.2
2024-11-18 23:00:00,0.82,2.3
2024-11-19 00:00:00,1.0,2.3
2024-11-19 01:00:00,1.1,2.5
2024-11-19 02:00:00,1.6,3.3
2024-11-19 03:00:00,1.88,4.1
2024-11-19 04:00:00,0.96,4.2
2024-11-19 05:00:00,1.52,3.1
2024-11-19 06:00:00,1.88,4.0
2024-11-19 07:00:00,1.98,3.8
2024-11-19 08:00:00,2.39,4.5
2024-11-19 09:00:00,2.55,4.9
2024-11-19 10:00:00,2.72,5.4
2024-11-19 11:00:00,2.39,5.6
2024-11-19 12:00:00,2.47,6.0
2024-11-19 13:00:00,1.61,5.4
2024-11-19 14:00:00,1.31,4.0
2024-11-19 15:00:00,1.06,3.5
2024-11-19 16:00:00,1.47,3.2
2024-11-19 17:00:00,1.68,3.5
2024-11-19 18:00:00,1.75,3.6
2024-11-19 19:00:00,2.3,4.2
2024-11-19 20:00:00,2.59,5.0
2024-11-19 21:00:00,2.6,5.2
2024-11-19 22:00:00,2.9,5.7
2024-11-19 23:00:00,3.3,6.4
2024-11-20 00:00:00,4.09,8.0
2024-11-20 01:00:00,4.1,8.3
2024-11-20 02:00:00,4.16,8.4
2024-11-20 03:00:00,4.41,9.1
2024-11-20 04:00:00,4.41,9.0
2024-11-20 05:00:00,4.76,9.7
2024-11-20 06:00:00,5.4,11.8
2024-11-20 07:00:00,4.96,11.3
2024-11-20 08:00:00,4.6,10.5
2024-11-20 09:00:00,4.9,10.4
2024-11-20 10:00:00,4.83,10.3
2024-11-20 11:00:00,4.76,10.2
2024-11-20 12:00:00,4.8,10.2
2024-11-20 13:00:00,4.79,10.3
2024-11-20 14:00:00,4.66,10.4
2024-11-20 15:00:00,4.67,10.2
2024-11-20 16:00:00,4.37,10.4
2024-11-20 17:00:00,3.83,9.9
2024-11-20 18:00:00,3.9,8.8
2024-11-20 19:00:00,4.17,8.8
2024-11-20 20:00:00,4.26,9.0
2024-11-20 21:00:00,4.46,9.3
2024-11-20 22:00:00,4.67,9.8
2024-11-20 23:00:00,4.24,9.8
2024-11-21 00:00:00,4.05,8.9
2024-11-21 01:00:00,4.85,10.2
2024-11-21 02:00:00,5.03,11.4
2024-11-21 03:00:00,4.85,11.1
2024-11-21 04:00:00,4.76,10.8
2024-11-21 05:00:00,4.63,10.5
2024-11-21 06:00:00,4.82,10.1
2024-11-21 07:00:00,4.69,10.4
2024-11-21 08:00:00,4.48,10.0
2024-11-21 09:00:00,4.47,9.8
2024-11-21 10:00:00,4.35,9.5
2024-11-21 11:00:00,4.24,9.3
2024-11-21 12:00:00,4.09,9.2
2024-11-21 13:00:00,4.1,9.0
2024-11-21 14:00:00,4.12,9.1
2024-11-21 15:00:00,3.98,9.1
2024-11-21 16:00:00,3.61,8.6
2024-11-21 17:00:00,3.13,8.2
2024-11-21 18:00:00,3.07,6.5
2024-11-21 19:00:00,2.98,6.6
2024-11-21 20:00:00,2.82,6.6
2024-11-21 21:00:00,2.87,6.3
2024-11-21 22:00:00,2.69,6.3
2024-11-21 23:00:00,2.94,6.5
2024-11-22 00:00:00,3.2,6.9
2024-11-22 01:00:00,2.98,7.0
2024-11-22 02:00:00,2.67,6.6
2024-11-22 03:00:00,2.63,7.0
2024-11-22 04:00:00,2.53,5.8
2024-11-22 05:00:00,2.67,6.1
2024-11-22 06:00:00,2.98,6.4
2024-11-22 07:00:00,3.24,6.9
2024-11-22 08:00:00,3.08,6.9
2024-11-22 09:00:00,2.84,6.6
2024-11-22 10:00:00,2.78,6.1
2024-11-22 11:00:00,2.85,6.5
2024-11-22 12:00:00,2.85,6.5
2024-11-22 13:00:00,3.24,7.3
2024-11-22 14:00:00,3.0,7.6
2024-11-22 15:00:00,2.21,6.4
2024-11-22 16:00:00,1.6,4.8
2024-11-22 17:00:00,2.48,5.0
2024-11-22 18:00:00,1.57,5.4
2024-11-22 19:00:00,1.16,3.9
2024-11-22 20:00:00,0.85,3.3
2024-11-22 21:00:00,0.78,2.1
2024-11-22 22:00:00,0.98,2.2
2024-11-22 23:00:00,1.53,3.1
2024-11-23 00:00:00,2.25,4.5
2024-11-23 01:00:00,2.79,5.2
2024-11-23 02:00:00,3.25,6.2
2024-11-23 03:00:00,3.69,7.6
2024-11-23 04:00:00,3.56,7.5
2024-11-23 05:00:00,3.11,7.0
2024-11-23 06:00:00,3.54,6.7
2024-11-23 07:00:00,3.76,7.3
2024-11-23 08:00:00,3.34,7.3
2024-11-23 09:00:00,3.05,6.4
2024-11-23 10:00:00,3.37,6.2
2024-11-23 11:00:00,3.86,7.9
2024-11-23 12:00:00,5.2,9.5
2024-11-23 13:00:00,4.23,10.5
2024-11-23 14:00:00,5.27,11.0
2024-11-23 15:00:00,4.5,10.3
2024-11-23 16:00:00,4.03,8.9
2024-11-23 17:00:00,3.87,7.8
2024-11-23 18:00:00,4.07,7.8
2024-11-23 19:00:00,3.7,7.8
2024-11-23 20:00:00,3.48,6.9
2024-11-23 21:00:00,3.54,6.8
2024-11-23 22:00:00,3.58,6.9
2024-11-23 23:00:00,2.52,6.7
2024-11-24 00:00:00,3.07,5.7
2024-11-24 01:00:00,3.08,6.0
2024-11-24 02:00:00,3.45,6.6
2024-11-24 03:00:00,3.31,6.7
2024-11-24 04:00:00,3.57,6.9
2024-11-24 05:00:00,4.3,8.1
2024-11-24 06:00:00,4.43,8.5
2024-11-24 07:00:00,4.4,8.5
2024-11-24 08:00:00,4.74,9.3
2024-11-24 09:00:00,4.73,9.0
2024-11-24 10:00:00,4.94,9.4
2024-11-24 11:00:00,5.04,9.6
2024-11-24 12:00:00,5.28,10.0
2024-11-24 13:00:00,5.78,11.1
2024-11-24 14:00:00,5.95,11.3
2024-11-24 15:00:00,5.95,11.3
2024-11-24 16:00:00,5.71,11.3
2024-11-24 17:00:00,5.79,10.9
2024-11-24 18:00:00,5.85,11.3
2024-11-24 19:00:00,5.84,11.1
2024-11-24 20:00:00,5.96,11.3
2024-11-24 21:00:00,6.12,11.5
2024-11-24 22:00:00,6.49,12.3
2024-11-24 23:00:00,6.58,12.6
2024-11-25 00:00:00,6.33,12.2
2024-11-25 01:00:00,6.55,12.4
2024-11-25 02:00:00,6.7,13.1
2024-11-25 03:00:00,6.64,12.9
2024-11-25 04:00:00,6.42,13.3
2024-11-25 05:00:00,6.74,13.0
2024-11-25 06:00:00,7.11,13.8
2024-11-25 07:00:00,7.45,14.6
2024-11-25 08:00:00,7.02,14.6
2024-11-25 09:00:00,6.94,13.7
2024-11-25 10:00:00,6.97,13.8
2024-11-25 11:00:00,6.85,13.8
2024-11-25 12:00:00,6.69,13.5
2024-11-25 13:00:00,6.35,13.2
2024-11-25 14:00:00,6.13,12.4
2024-11-25 15:00:00,5.08,9.5
2024-11-25 16:00:00,5.59,10.3
2024-11-25 17:00:00,5.69,10.8
2024-11-25 18:00:00,5.52,10.6
2024-11-25 19:00:00,5.39,10.4
2024-11-25 20:00:00,5.61,10.4
2024-11-25 21:00:00,5.85,10.9
2024-11-25 22:00:00,5.79,11.5
2024-11-25 23:00:00,4.6,10.9
2024-11-26 00:00:00,4.14,8.5
2024-11-26 01:00:00,4.81,8.7
2024-11-26 02:00:00,5.01,9.6
2024-11-26 03:00:00,4.74,9.1
2024-11-26 04:00:00,4.67,8.9
2024-11-26 05:00:00,4.65,9.0
2024-11-26 06:00:00,4.7,8.9
2024-11-26 07:00:00,4.89,9.3
2024-11-26 08:00:00,4.88,9.7
2024-11-26 09:00:00,4.96,9.6
2024-11-26 10:00:00,4.9,9.6
2024-11-26 11:00:00,4.94,9.8
2024-11-26 12:00:00,5.15,10.9
2024-11-26 13:00:00,5.45,11.3
2024-11-26 14:00:00,5.84,11.9
2024-11-26 15:00:00,5.66,11.8
2024-11-26 16:00:00,5.28,11.1
2024-11-26 17:00:00,4.97,10.3
2024-11-26 18:00:00,5.04,9.9
2024-11-26 19:00:00,5.28,10.5
2024-11-26 20:00:00,5.51,10.9
2024-11-26 21:00:00,5.34,11.0
2024-11-26 22:00:00,5.16,10.7
2024-11-26 23:00:00,4.78,10.3
2024-11-27 00:00:00,4.46,9.4
2024-11-27 01:00:00,4.23,8.8
2024-11-27 02:00:00,4.12,8.3
2024-11-27 03:00:00,4.14,8.3
2024-11-27 04:00:00,4.17,8.4
2024-11-27 05:00:00,3.96,8.3
2024-11-27 06:00:00,3.93,7.9
2024-11-27 07:00:00,4.07,8.1
2024-11-27 08:00:00,3.89,8.0
2024-11-27 09:00:00,3.89,7.8
2024-11-27 10:00:00,4.0,8.0
2024-11-27 11:00:00,4.0,8.2
2024-11-27 12:00:00,4.72,9.3
2024-11-27 13:00:00,4.3,9.6
2024-11-27 14:00:00,4.42,9.8
2024-11-27 15:00:00,3.74,8.1
2024-11-27 16:00:00,3.32,7.4
2024-11-27 17:00:00,2.62,6.5
2024-11-27 18:00:00,2.68,5.1
2024-11-27 19:00:00,3.13,6.0
2024-11-27 20:00:00,2.84,6.2
2024-11-27 21:00:00,2.79,5.5
2024-11-27 22:00:00,2.3,5.5
2024-11-27 23:00:00,2.01,4.4
2024-11-28 00:00:00,2.08,4.1
2024-11-28 01:00:00,2.3,4.4
2024-11-28 02:00:00,2.74,5.2
2024-11-28 03:00:00,3.25,6.3
2024-11-28 04:00:00,3.47,6.6
2024-11-28 05:00:00,3.76,7.3
2024-11-28 06:00:00,4.23,8.1
2024-11-28 07:00:00,4.54,8.8
2024-11-28 08:00:00,4.59,9.0
2024-11-28 09:00:00,4.47,8.9
2024-11-28 10:00:00,4.63,9.0
2024-11-28 11:00:00,5.0,9.6
2024-11-28 12:00:00,5.24,10.2
2024-11-28 13:00:00,5.12,10.2
2024-11-28 14:00:00,5.46,10.9
2024-11-28 15:00:00,5.14,11.7
2024-11-28 16:00:00,4.73,11.2
2024-11-28 17:00:00,4.62,9.8
2024-11-28 18:00:00,4.91,10.0
2024-11-28 19:00:00,5.47,11.2
2024-11-28 20:00:00,4.94,11.3
2024-11-28 21:00:00,4.87,10.2
2024-11-28 22:00:00,4.33,10.0
2024-11-28 23:00:00,3.61,9.5
2024-11-29 00:00:00,3.05,7.7
2024-11-29 01:00:00,2.6,6.9
2024-11-29 02:00:00,2.17,5.7
2024-11-29 03:00:00,1.61,4.3
2024-11-29 04:00:00,2.05,4.0
2024-11-29 05:00:00,2.16,5.2
2024-11-29 06:00:00,1.32,4.8
2024-11-29 07:00:00,1.91,3.6
2024-11-29 08:00:00,1.75,4.5
2024-11-29 09:00:00,2.15,4.0
2024-11-29 10:00:00,2.17,5.0
2024-11-29 11:00:00,2.25,4.8
2024-11-29 12:00:00,1.82,5.8
2024-11-29 13:00:00,2.05,4.7
2024-11-29 14:00:00,2.27,4.8
2024-11-29 15:00:00,3.04,7.0
2024-11-29 16:00:00,3.11,6.9
2024-11-29 17:00:00,3.08,6.4
2024-11-29 18:00:00,3.04,6.2
2024-11-29 19:00:00,3.39,6.7
2024-11-29 20:00:00,3.64,7.0
2024-11-29 21:00:00,3.54,7.0
2024-11-29 22:00:00,3.83,7.1
2024-11-29 23:00:00,3.97,7.5
2024-11-30 00:00:00,4.09,7.8
2024-11-30 01:00:00,4.05,7.8
2024-11-30 02:00:00,4.08,7.8
2024-11-30 03:00:00,4.18,8.1
2024-11-30 04:00:00,4.07,8.1
2024-11-30 05:00:00,3.96,7.9
2024-11-30 06:00:00,3.83,7.6
2024-11-30 07:00:00,3.95,7.5
2024-11-30 08:00:00,4.13,8.0
2024-11-30 09:00:00,4.39,8.5
2024-11-30 10:00:00,4.48,8.8
2024-11-30 11:00:00,4.5,8.9
2024-11-30 12:00:00,4.63,9.3
2024-11-30 13:00:00,5.17,10.5
2024-11-30 14:00:00,3.94,11.2
2024-11-30 15:00:00,4.25,10.5
2024-11-30 16:00:00,4.34,8.9
2024-11-30 17:00:00,4.07,8.5
2024-11-30 18:00:00,4.1,7.9
2024-11-30 19:00:00,4.21,8.2
2024-11-30 20:00:00,4.25,8.3
2024-11-30 21:00:00,3.91,8.3
2024-11-30 22:00:00,3.91,7.6
2024-11-30 23:00:00,3.79,7.6
2024-12-01 00:00:00,3.64,7.3
2024-12-01 01:00:00,3.64,7.1
2024-12-01 02:00:00,3.38,7.0
2024-12-01 03:00:00,3.19,6.3
2024-12-01 04:00:00,3.21,6.1
2024-12-01 05:00:00,2.82,6.1
2024-12-01 06:00:00,2.89,5.4
2024-12-01 07:00:00,2.93,5.7
2024-12-01 08:00:00,2.92,5.7
2024-12-01 09:00:00,2.89,5.7
2024-12-01 10:00:00,2.75,5.4
2024-12-01 11:00:00,2.72,5.4
2024-12-01 12:00:00,3.32,7.0
2024-12-01 13:00:00,3.24,7.2
2024-12-01 14:00:00,2.98,6.8
2024-12-01 15:00:00,3.1,6.5
2024-12-01 16:00:00,3.22,6.5
2024-12-01 17:00:00,3.25,6.4
2024-12-01 18:00:00,3.35,6.3
2024-12-01 19:00:00,3.6,6.7
2024-12-01 20:00:00,3.73,7.1
2024-12-01 21:00:00,3.67,7.1
2024-12-01 22:00:00,3.76,7.0
2024-12-01 23:00:00,3.71,7.0
2024-12-02 00:00:00,3.85,7.2
2024-12-02 01:00:00,3.95,7.4
2024-12-02 02:00:00,4.03,7.5
2024-12-02 03:00:00,4.1,7.9
2024-12-02 04:00:00,4.36,8.3
2024-12-02 05:00:00,4.55,8.6
2024-12-02 06:00:00,4.59,8.9
2024-12-02 07:00:00,4.07,8.6
2024-12-02 08:00:00,4.16,7.9
2024-12-02 09:00:00,3.78,7.8
2024-12-02 10:00:00,3.62,7.1
2024-12-02 11:00:00,3.3,6.8
2024-12-02 12:00:00,3.36,6.6
2024-12-02 13:00:00,3.38,6.6
2024-12-02 14:00:00,3.61,6.6
2024-12-02 15:00:00,3.51,6.6
2024-12-02 16:00:00,3.47,6.6
2024-12-02 17:00:00,3.63,6.6
2024-12-02 18:00:00,4.17,7.8
2024-12-02 19:00:00,3.95,7.8
2024-12-02 20:00:00,4.16,7.7
2024-12-02 21:00:00,4.09,7.8
2024-12-02 22:00:00,4.34,8.0
2024-12-02 23:00:00,4.47,8.4
2024-12-03 00:00:00,4.52,8.8
2024-12-03 01:00:00,4.36,8.5
2024-12-03 02:00:00,4.21,8.1
2024-12-03 03:00:00,4.38,8.8
2024-12-03 04:00:00,3.67,8.2
2024-12-03 05:00:00,3.15,6.7
2024-12-03 06:00:00,3.18,5.8
2024-12-03 07:00:00,2.63,5.7
2024-12-03 08:00:00,2.83,5.1
2024-12-03 09:00:00,2.52,5.1
2024-12-03 10:00:00,1.66,4.4
2024-12-03 11:00:00,1.98,3.8
2024-12-03 12:00:00,6.43,12.8
2024-12-03 13:00:00,6.36,12.1
2024-12-03 14:00:00,6.28,11.5
2024-12-03 15:00:00,4.44,9.5
2024-12-03 16:00:00,4.64,9.9
2024-12-03 17:00:00,4.82,10.1
2024-12-03 18:00:00,5.14,11.1
2024-12-03 19:00:00,5.02,11.3
2024-12-03 20:00:00,4.57,10.6
2024-12-03 21:00:00,4.56,9.7
2024-12-03 22:00:00,4.56,9.5
2024-12-03 23:00:00,4.54,9.8
2024-12-04 00:00:00,4.07,9.4
2024-12-04 01:00:00,3.54,8.4
2024-12-04 02:00:00,3.41,7.4
2024-12-04 03:00:00,3.62,8.6
2024-12-04 04:00:00,3.94,8.0
2024-12-04 05:00:00,3.84,8.1
2024-12-04 06:00:00,4.14,8.8
2024-12-04 07:00:00,3.98,8.8
2024-12-04 08:00:00,3.98,8.3
2024-12-04 09:00:00,3.92,8.0
2024-12-04 10:00:00,4.19,8.3
2024-12-04 11:00:00,3.84,8.2
2024-12-04 12:00:00,3.87,8.0
2024-12-04 13:00:00,3.22,8.3
2024-12-04 14:00:00,3.8,7.4
2024-12-04 15:00:00,3.76,8.4
2024-12-04 16:00:00,3.54,7.7
2024-12-04 17:00:00,3.28,7.0
2024-12-04 18:00:00,3.08,6.4
2024-12-04 19:00:00,3.13,6.0
2024-12-04 20:00:00,3.02,6.0
2024-12-04 21:00:00,2.99,5.7
2024-12-04 22:00:00,2.77,5.6
2024-12-04 23:00:00,2.77,5.2
2024-12-05 00:00:00,2.65,5.2
2024-12-05 01:00:00,2.43,5.0
2024-12-05 02:00:00,2.18,4.6
2024-12-05 03:00:00,1.73,4.7
2024-12-05 04:00:00,1.35,3.5
2024-12-05 05:00:00,1.45,2.8
2024-12-05 06:00:00,0.82,2.9
2024-12-05 07:00:00,0.47,1.8
2024-12-05 08:00:00,0.86,1.9
2024-12-05 09:00:00,1.03,2.0
2024-12-05 10:00:00,1.6,2.8
2024-12-05 11:00:00,1.68,3.0
2024-12-05 12:00:00,1.11,3.0
2024-12-05 13:00:00,1.07,2.5
2024-12-05 14:00:00,1.89,4.1
2024-12-05 15:00:00,2.03,4.0
2024-12-05 16:00:00,3.04,5.6
2024-12-05 17:00:00,3.82,7.2
2024-12-05 18:00:00,4.26,8.2
2024-12-05 19:00:00,4.57,8.8
2024-12-05 20:00:00,4.86,9.5
2024-12-05 21:00:00,4.9,9.6
2024-12-05 22:00:00,5.23,10.1
2024-12-05 23:00:00,5.4,10.6
2024-12-06 00:00:00,5.12,10.6
2024-12-06 01:00:00,5.34,10.5
2024-12-06 02:00:00,5.46,10.9
2024-12-06 03:00:00,5.42,10.6
2024-12-06 04:00:00,5.56,10.9
2024-12-06 05:00:00,5.62,11.1
2024-12-06 06:00:00,5.59,11.1
2024-12-06 07:00:00,5.55,11.0
2024-12-06 08:00:00,5.65,11.4
2024-12-06 09:00:00,5.47,11.2
2024-12-06 10:00:00,5.24,10.8
2024-12-06 11:00:00,5.35,10.6
2024-12-06 12:00:00,5.44,10.8
2024-12-06 13:00:00,5.01,10.9
2024-12-06 14:00:00,4.43,10.1
2024-12-06 15:00:00,4.12,9.1
2024-12-06 16:00:00,3.68,8.1
2024-12-06 17:00:00,3.74,7.3
2024-12-06 18:00:00,3.7,7.4
2024-12-06 19:00:00,3.3,7.3
2024-12-06 20:00:00,3.28,6.4
2024-12-06 21:00:00,3.08,6.4
2024-12-06 22:00:00,2.01,5.9
2024-12-06 23:00:00,2.25,4.1
2024-12-07 00:00:00,2.5,4.6
2024-12-07 01:00:00,2.6,4.8
2024-12-07 02:00:00,2.45,5.0
2024-12-07 03:00:00,2.7,4.8
2024-12-07 04:00:00,3.11,5.8
2024-12-07 05:00:00,3.39,6.3
2024-12-07 06:00:00,3.38,6.4
2024-12-07 07:00:00,3.49,6.7
2024-12-07 08:00:00,3.8,7.3
2024-12-07 09:00:00,3.65,7.4
2024-12-07 10:00:00,3.74,7.2
2024-12-07 11:00:00,3.69,7.2
2024-12-07 12:00:00,3.68,7.2
2024-12-07 13:00:00,4.17,8.1
2024-12-07 14:00:00,4.37,8.6
2024-12-07 15:00:00,4.51,8.8
2024-12-07 16:00:00,4.7,9.2
2024-12-07 17:00:00,4.44,9.2
2024-12-07 18:00:00,4.49,8.8
2024-12-07 19:00:00,4.5,8.9
2024-12-07 20:00:00,4.48,8.8
2024-12-07 21:00:00,4.33,8.7
2024-12-07 22:00:00,4.11,8.3
2024-12-07 23:00:00,4.03,7.8
2024-12-08 00:00:00,4.0,7.7
2024-12-08 01:00:00,3.96,7.5
2024-12-08 02:00:00,3.93,7.5
2024-12-08 03:00:00,3.73,7.2
2024-12-08 04:00:00,3.63,7.0
2024-12-08 05:00:00,3.57,6.8
2024-12-08 06:00:00,3.52,6.6
2024-12-08 07:00:00,3.41,6.5
2024-12-08 08:00:00,3.56,6.6
2024-12-08 09:00:00,3.6,6.7
2024-12-08 10:00:00,3.9,7.2
2024-12-08 11:00:00,4.17,7.7
2024-12-08 12:00:00,4.33,8.2
2024-12-08 13:00:00,4.05,8.2
2024-12-08 14:00:00,3.98,7.7
2024-12-08 15:00:00,3.79,7.2
2024-12-08 16:00:00,4.09,7.9
2024-12-08 17:00:00,4.16,8.2
2024-12-08 18:00:00,4.25,8.3
2024-12-08 19:00:00,4.37,8.6
2024-12-08 20:00:00,4.55,9.0
2024-12-08 21:00:00,4.69,9.3
2024-12-08 22:00:00,5.04,10.0
2024-12-08 23:00:00,5.29,10.6
2024-12-09 00:00:00,5.14,10.6
2024-12-09 01:00:00,4.92,10.3
2024-12-09 02:00:00,4.92,10.0
2024-12-09 03:00:00,5.31,10.5
2024-12-09 04:00:00,5.58,11.2
2024-12-09 05:00:00,5.53,11.2
2024-12-09 06:00:00,5.06,11.1
2024-12-09 07:00:00,5.33,10.7
2024-12-09 08:00:00,5.45,11.0
2024-12-09 09:00:00,5.51,11.0
2024-12-09 10:00:00,5.42,11.1
2024-12-09 11:00:00,4.67,10.9
2024-12-09 12:00:00,5.88,12.3
2024-12-09 13:00:00,5.5,12.1
2024-12-09 14:00:00,5.76,11.9
2024-12-09 15:00:00,3.87,10.7
2024-12-09 16:00:00,4.36,8.9
2024-12-09 17:00:00,4.49,9.4
2024-12-09 18:00:00,4.47,9.2
2024-12-09 19:00:00,4.37,9.1
2024-12-09 20:00:00,4.3,8.9
2024-12-09 21:00:00,4.47,9.0
2024-12-09 22:00:00,3.86,8.9
2024-12-09 23:00:00,3.29,7.7
2024-12-10 00:00:00,2.84,6.5
2024-12-10 01:00:00,2.66,5.6
2024-12-10 02:00:00,2.55,5.3
2024-12-10 03:00:00,3.0,5.9
2024-12-10 04:00:00,2.72,6.0
2024-12-10 05:00:00,2.33,5.3
2024-12-10 06:00:00,2.04,4.6
2024-12-10 07:00:00,1.79,4.0
2024-12-10 08:00:00,1.55,3.6
2024-12-10 09:00:00,1.0,3.0
2024-12-10 10:00:00,0.7,2.1
2024-12-10 11:00:00,1.1,2.8
2024-12-10 12:00:00,1.31,3.4
2024-12-10 13:00:00,1.41,3.7
2024-12-10 14:00:00,1.71,4.2
2024-12-10 15:00:00,1.79,4.5
2024-12-10 16:00:00,1.84,4.2
2024-12-10 17:00:00,2.12,4.4
2024-12-10 18:00:00,2.35,5.0
2024-12-10 19:00:00,2.15,5.0
2024-12-10 20:00:00,2.02,4.7
2024-12-10 21:00:00,2.09,4.7
2024-12-10 22:00:00,2.12,4.9
2024-12-10 23:00:00,2.1,4.5
2024-12-11 00:00:00,2.27,4.8
2024-12-11 01:00:00,2.72,5.4
2024-12-11 02:00:00,1.83,5.4
2024-12-11 03:00:00,2.66,5.6
2024-12-11 04:00:00,2.83,6.2
2024-12-11 05:00:00,3.12,6.4
2024-12-11 06:00:00,3.19,6.8
2024-12-11 07:00:00,3.51,7.6
2024-12-11 08:00:00,2.62,7.3
2024-12-11 09:00:00,2.87,5.7
2024-12-11 10:00:00,2.42,5.8
2024-12-11 11:00:00,2.65,5.5
2024-12-11 12:00:00,2.4,5.5
2024-12-11 13:00:00,2.26,5.1
2024-12-11 14:00:00,1.87,4.7
2024-12-11 15:00:00,2.46,4.7
2024-12-11 16:00:00,2.82,5.2
2024-12-11 17:00:00,2.65,5.3
2024-12-11 18:00:00,2.51,4.8
2024-12-11 19:00:00,2.62,4.8
2024-12-11 20:00:00,2.75,5.0
2024-12-11 21:00:00,2.66,5.1
2024-12-11 22:00:00,2.24,4.9
2024-12-11 23:00:00,2.24,4.2
2024-12-12 00:00:00,1.87,4.2
2024-12-12 01:00:00,1.74,3.5
2024-12-12 02:00:00,1.46,3.3
2024-12-12 03:00:00,1.2,2.9
2024-12-12 04:00:00,1.25,2.5
2024-12-12 05:00:00,1.24,2.5
2024-12-12 06:00:00,1.21,2.4
2024-12-12 07:00:00,1.04,2.3
2024-12-12 08:00:00,1.03,2.0
2024-12-12 09:00:00,1.46,2.7
2024-12-12 10:00:00,1.73,3.0
2024-12-12 11:00:00,2.41,3.9
2024-12-12 12:00:00,2.42,4.8
2024-12-12 13:00:00,1.62,4.9
2024-12-12 14:00:00,1.37,3.8
2024-12-12 15:00:00,1.11,3.7
2024-12-12 16:00:00,1.31,2.6
2024-12-12 17:00:00,1.47,2.9
2024-12-12 18:00:00,1.43,2.9
2024-12-12 19:00:00,1.46,2.8
2024-12-12 20:00:00,1.66,3.1
2024-12-12 21:00:00,1.66,3.1
2024-12-12 22:00:00,1.77,3.7
2024-12-12 23:00:00,1.42,3.3
2024-12-13 00:00:00,1.16,2.7
2024-12-13 01:00:00,0.76,2.1
2024-12-13 02:00:00,0.93,1.8
2024-12-13 03:00:00,0.68,1.9
2024-12-13 04:00:00,0.64,1.6
2024-12-13 05:00:00,1.2,2.2
2024-12-13 06:00:00,1.88,3.4
2024-12-13 07:00:00,2.5,4.6
2024-12-13 08:00:00,2.93,5.3
2024-12-13 09:00:00,2.96,5.5
2024-12-13 10:00:00,3.72,6.8
2024-12-13 11:00:00,3.97,7.6
2024-12-13 12:00:00,4.14,8.1
2024-12-13 13:00:00,3.7,9.4
2024-12-13 14:00:00,3.36,7.5
2024-12-13 15:00:00,4.35,8.6
2024-12-13 16:00:00,4.45,8.9
2024-12-13 17:00:00,4.15,8.7
2024-12-13 18:00:00,4.13,8.1
2024-12-13 19:00:00,4.24,8.4
2024-12-13 20:00:00,4.37,8.6
2024-12-13 21:00:00,4.54,9.0
2024-12-13 22:00:00,4.55,9.2
2024-12-13 23:00:00,4.23,9.1
2024-12-14 00:00:00,3.73,8.4
2024-12-14 01:00:00,3.4,7.4
2024-12-14 02:00:00,3.3,6.9
2024-12-14 03:00:00,3.26,6.5
2024-12-14 04:00:00,3.33,6.7
2024-12-14 05:00:00,3.63,7.2
2024-12-14 06:00:00,4.14,8.4
2024-12-14 07:00:00,3.96,8.4
2024-12-14 08:00:00,4.04,8.5
2024-12-14 09:00:00,3.76,8.3
2024-12-14 10:00:00,3.71,7.6
2024-12-14 11:00:00,3.85,8.4
2024-12-14 12:00:00,4.31,8.8
2024-12-14 13:00:00,5.81,11.6
2024-12-14 14:00:00,5.62,11.8
2024-12-14 15:00:00,5.96,11.8
2024-12-14 16:00:00,5.4,11.5
2024-12-14 17:00:00,5.48,10.4
2024-12-14 18:00:00,5.12,10.4
2024-12-14 19:00:00,4.92,9.7
2024-12-14 20:00:00,4.49,9.4
2024-12-14 21:00:00,4.38,8.4
2024-12-14 22:00:00,4.47,8.3
2024-12-14 23:00:00,4.57,8.5
2024-12-15 00:00:00,5.01,9.3
2024-12-15 01:00:00,5.23,9.9
2024-12-15 02:00:00,5.23,10.0
2024-12-15 03:00:00,5.0,9.8
2024-12-15 04:00:00,4.91,9.5
2024-12-15 05:00:00,4.97,9.6
2024-12-15 06:00:00,5.03,9.7
2024-12-15 07:00:00,4.9,9.8
2024-12-15 08:00:00,4.74,9.5
2024-12-15 09:00:00,4.07,9.1
2024-12-15 10:00:00,3.54,7.7
2024-12-15 11:00:00,3.43,6.6
2024-12-15 12:00:00,3.16,6.5
2024-12-15 13:00:00,3.2,6.2
2024-12-15 14:00:00,3.49,6.8
2024-12-15 15:00:00,3.49,6.7
2024-12-15 16:00:00,3.96,7.7
2024-12-15 17:00:00,4.55,8.5
2024-12-15 18:00:00,5.08,9.6
2024-12-15 19:00:00,5.27,10.0
2024-12-15 20:00:00,5.84,10.8
2024-12-15 21:00:00,7.36,13.9
2024-12-15 22:00:00,8.23,15.7
2024-12-15 23:00:00,8.37,16.2
2024-12-16 00:00:00,8.91,17.2
2024-12-16 01:00:00,9.12,17.7
2024-12-16 02:00:00,9.96,19.1
2024-12-16 03:00:00,10.1,19.8
2024-12-16 04:00:00,8.97,19.7
2024-12-16 05:00:00,9.4,18.1
2024-12-16 06:00:00,9.55,19.2
2024-12-16 07:00:00,8.62,19.5
2024-12-16 08:00:00,7.76,17.5
2024-12-16 09:00:00,6.83,15.7
2024-12-16 10:00:00,6.67,14.2
2024-12-16 11:00:00,6.76,13.8
2024-12-16 12:00:00,6.85,14.5
2024-12-16 13:00:00,6.35,14.9
2024-12-16 14:00:00,6.71,14.9
2024-12-16 15:00:00,5.6,13.4
2024-12-16 16:00:00,5.66,12.2
2024-12-16 17:00:00,5.53,11.8
2024-12-16 18:00:00,6.13,12.5
2024-12-16 19:00:00,6.38,12.7
2024-12-16 20:00:00,5.79,12.6
2024-12-16 21:00:00,6.07,12.5
2024-12-16 22:00:00,6.17,13.4
2024-12-16 23:00:00,5.86,13.3
2024-12-17 00:00:00,6.26,13.0
2024-12-17 01:00:00,6.87,14.4
2024-12-17 02:00:00,6.77,14.6
2024-12-17 03:00:00,5.81,12.3
2024-12-17 04:00:00,5.45,11.8
2024-12-17 05:00:00,5.53,11.2
2024-12-17 06:00:00,5.13,11.2
2024-12-17 07:00:00,5.06,10.5
2024-12-17 08:00:00,4.98,10.2
2024-12-17 09:00:00,5.0,9.8
2024-12-17 10:00:00,4.83,9.4
2024-12-17 11:00:00,4.86,9.2
2024-12-17 12:00:00,4.63,9.2
2024-12-17 13:00:00,4.32,8.8
2024-12-17 14:00:00,4.19,8.4
2024-12-17 15:00:00,3.6,7.1
2024-12-17 16:00:00,3.7,7.0
2024-12-17 17:00:00,4.05,7.5
2024-12-17 18:00:00,4.01,7.6
2024-12-17 19:00:00,3.86,7.6
2024-12-17 20:00:00,3.27,7.2
2024-12-17 21:00:00,2.66,6.1
2024-12-17 22:00:00,2.71,4.9
2024-12-17 23:00:00,2.56,4.9
2024-12-18 00:00:00,2.49,4.6
2024-12-18 01:00:00,2.29,4.5
2024-12-18 02:00:00,2.26,4.1
2024-12-18 03:00:00,2.39,4.2
2024-12-18 04:00:00,2.49,4.6
2024-12-18 05:00:00,2.35,4.4
2024-12-18 06:00:00,3.21,5.7
2024-12-18 07:00:00,3.14,6.1
2024-12-18 08:00:00,3.2,5.8
2024-12-18 09:00:00,4.14,7.4
2024-12-18 10:00:00,4.95,9.3
2024-12-18 11:00:00,5.25,10.1
2024-12-18 12:00:00,5.25,10.3
2024-12-18 13:00:00,5.25,10.2
2024-12-18 14:00:00,5.31,10.4
2024-12-18 15:00:00,5.09,10.0
2024-12-18 16:00:00,5.09,9.8
2024-12-18 17:00:00,5.19,9.8
2024-12-18 18:00:00,5.26,10.0
2024-12-18 19:00:00,5.46,10.4
2024-12-18 20:00:00,5.89,11.0
2024-12-18 21:00:00,6.46,12.5
2024-12-18 22:00:00,6.83,13.1
2024-12-18 23:00:00,7.59,14.5
2024-12-19 00:00:00,7.92,15.4
2024-12-19 01:00:00,7.58,15.4
2024-12-19 02:00:00,6.82,14.9
2024-12-19 03:00:00,5.86,12.8
2024-12-19 04:00:00,6.03,12.0
2024-12-19 05:00:00,5.58,12.2
2024-12-19 06:00:00,5.23,11.0
2024-12-19 07:00:00,5.17,10.4
2024-12-19 08:00:00,4.46,10.0
2024-12-19 09:00:00,2.92,8.4
2024-12-19 10:00:00,2.55,5.2
2024-12-19 11:00:00,2.5,5.1
2024-12-19 12:00:00,3.49,6.0
2024-12-19 13:00:00,3.31,7.4
2024-12-19 14:00:00,4.29,7.6
2024-12-19 15:00:00,4.15,8.9
2024-12-19 16:00:00,4.35,11.6
2024-12-19 17:00:00,3.7,8.3
2024-12-19 18:00:00,3.75,7.1
2024-12-19 19:00:00,3.85,7.5
2024-12-19 20:00:00,4.41,8.5
2024-12-19 21:00:00,5.05,9.9
2024-12-19 22:00:00,5.33,10.6
2024-12-19 23:00:00,5.45,11.0
2024-12-20 00:00:00,5.55,11.3
2024-12-20 01:00:00,5.6,11.4
2024-12-20 02:00:00,5.67,11.5
2024-12-20 03:00:00,4.76,10.3
2024-12-20 04:00:00,5.34,10.6
2024-12-20 05:00:00,6.38,12.4
2024-12-20 06:00:00,6.2,13.4
2024-12-20 07:00:00,5.49,12.5
2024-12-20 08:00:00,5.28,10.9
2024-12-20 09:00:00,5.14,10.5
2024-12-20 10:00:00,5.05,10.2
2024-12-20 11:00:00,5.16,10.3
2024-12-20 12:00:00,5.27,10.6
2024-12-20 13:00:00,5.17,10.6
2024-12-20 14:00:00,5.04,10.6
2024-12-20 15:00:00,5.19,11.2
2024-12-20 16:00:00,4.48,10.5
2024-12-20 17:00:00,3.92,8.9
2024-12-20 18:00:00,3.52,7.6
2024-12-20 19:00:00,3.25,6.8
2024-12-20 20:00:00,3.2,6.2
2024-12-20 21:00:00,3.01,6.0
2024-12-20 22:00:00,3.11,5.7
2024-12-20 23:00:00,3.44,6.3
2024-12-21 00:00:00,3.39,6.8
2024-12-21 01:00:00,3.51,6.6
2024-12-21 02:00:00,4.1,7.7
2024-12-21 03:00:00,4.65,8.9
2024-12-21 04:00:00,5.09,10.0
2024-12-21 05:00:00,5.55,10.9
2024-12-21 06:00:00,5.95,11.9
2024-12-21 07:00:00,6.15,12.1
2024-12-21 08:00:00,6.52,12.6
2024-12-21 09:00:00,6.23,12.7
2024-12-21 10:00:00,5.88,12.1
2024-12-21 11:00:00,5.37,11.3
2024-12-21 12:00:00,5.12,10.3
2024-12-21 13:00:00,4.73,9.9
2024-12-21 14:00:00,5.05,9.7
2024-12-21 15:00:00,4.95,9.9
2024-12-21 16:00:00,4.6,9.5
2024-12-21 17:00:00,4.94,9.3
2024-12-21 18:00:00,4.9,9.6
2024-12-21 19:00:00,5.1,9.7
2024-12-21 20:00:00,5.35,10.2
2024-12-21 21:00:00,5.93,11.5
2024-12-21 22:00:00,6.44,12.4
2024-12-21 23:00:00,7.0,13.6
2024-12-22 00:00:00,6.39,13.6
2024-12-22 01:00:00,6.31,12.5
2024-12-22 02:00:00,5.97,12.3
2024-12-22 03:00:00,4.57,10.2
2024-12-22 04:00:00,4.55,8.6
2024-12-22 05:00:00,4.43,8.7
2024-12-22 06:00:00,4.56,8.6
2024-12-22 07:00:00,4.39,8.7
2024-12-22 08:00:00,4.42,8.4
2024-12-22 09:00:00,4.1,8.3
2024-12-22 10:00:00,3.75,7.6
2024-12-22 11:00:00,3.58,6.9
2024-12-22 12:00:00,3.76,7.3
2024-12-22 13:00:00,3.78,7.2
2024-12-22 14:00:00,3.79,7.6
2024-12-22 15:00:00,3.33,8.4
2024-12-22 16:00:00,3.04,6.2
2024-12-22 17:00:00,2.93,5.7
2024-12-22 18:00:00,3.4,6.4
2024-12-22 19:00:00,3.34,6.7
2024-12-22 20:00:00,3.06,6.4
2024-12-22 21:00:00,2.92,5.9
2024-12-22 22:00:00,2.75,5.6
2024-12-22 23:00:00,2.77,5.4
2024-12-23 00:00:00,2.88,5.6
2024-12-23 01:00:00,3.02,5.8
2024-12-23 02:00:00,3.28,6.4
2024-12-23 03:00:00,3.46,6.9
2024-12-23 04:00:00,3.28,6.8
2024-12-23 05:00:00,3.02,6.4
2024-12-23 06:00:00,2.92,5.9
2024-12-23 07:00:00,2.24,5.7
2024-12-23 08:00:00,2.21,4.3
2024-12-23 09:00:00,2.33,4.6
2024-12-23 10:00:00,2.24,4.6
2024-12-23 11:00:00,2.41,4.8
2024-12-23 12:00:00,2.15,5.1
2024-12-23 13:00:00,1.75,4.7
2024-12-23 14:00:00,1.18,4.1
2024-12-23 15:00:00,1.36,3.5
2024-12-23 16:00:00,1.03,3.1
2024-12-23 17:00:00,0.56,2.0
2024-12-23 18:00:00,0.82,1.5
2024-12-23 19:00:00,1.29,2.5
2024-12-23 20:00:00,0.95,2.3
2024-12-23 21:00:00,0.25,1.8
2024-12-23 22:00:00,0.32,0.7
2024-12-23 23:00:00,0.69,1.4
2024-12-24 00:00:00,0.78,1.7
2024-12-24 01:00:00,1.15,2.6
2024-12-24 02:00:00,1.35,2.9
2024-12-24 03:00:00,1.59,3.7
2024-12-24 04:00:00,0.95,3.2
2024-12-24 05:00:00,0.92,2.1
2024-12-24 06:00:00,1.43,2.8
2024-12-24 07:00:00,1.72,3.7
2024-12-24 08:00:00,2.18,4.1
2024-12-24 09:00:00,2.34,4.8
2024-12-24 10:00:00,2.17,4.7
2024-12-24 11:00:00,2.32,4.8
2024-12-24 12:00:00,3.64,7.5
2024-12-24 13:00:00,3.61,8.2
2024-12-24 14:00:00,3.25,7.8
2024-12-24 15:00:00,2.53,6.4
2024-12-24 16:00:00,2.08,5.1
2024-12-24 17:00:00,2.57,4.8
2024-12-24 18:00:00,3.03,5.7
2024-12-24 19:00:00,3.08,5.9
2024-12-24 20:00:00,3.29,6.4
2024-12-24 21:00:00,3.44,6.8
2024-12-24 22:00:00,3.69,7.3
2024-12-24 23:00:00,3.74,7.3
2024-12-25 00:00:00,3.8,7.3
2024-12-25 01:00:00,3.88,7.5
2024-12-25 02:00:00,4.11,8.1
2024-12-25 03:00:00,3.97,7.8
2024-12-25 04:00:00,4.08,7.9
2024-12-25 05:00:00,4.04,7.9
2024-12-25 06:00:00,4.04,8.0
2024-12-25 07:00:00,3.88,7.8
2024-12-25 08:00:00,3.78,7.5
2024-12-25 09:00:00,3.74,7.2
2024-12-25 10:00:00,3.67,7.1
2024-12-25 11:00:00,3.86,7.2
2024-12-25 12:00:00,4.0,7.5
2024-12-25 13:00:00,3.91,7.6
2024-12-25 14:00:00,3.8,7.4
2024-12-25 15:00:00,3.24,6.4
2024-12-25 16:00:00,3.24,6.0
2024-12-25 17:00:00,3.34,6.0
2024-12-25 18:00:00,3.46,6.2
2024-12-25 19:00:00,3.59,6.5
2024-12-25 20:00:00,3.73,6.7
2024-12-25 21:00:00,3.91,7.1
2024-12-25 22:00:00,3.93,7.2
2024-12-25 23:00:00,4.2,7.7
2024-12-26 00:00:00,4.29,8.0
2024-12-26 01:00:00,4.14,7.9
2024-12-26 02:00:00,4.1,7.7
2024-12-26 03:00:00,3.78,7.0
2024-12-26 04:00:00,3.8,7.1
2024-12-26 05:00:00,3.99,7.4
2024-12-26 06:00:00,4.07,7.7
2024-12-26 07:00:00,3.92,7.6
2024-12-26 08:00:00,3.98,7.5
2024-12-26 09:00:00,3.87,7.5
2024-12-26 10:00:00,3.75,7.3
2024-12-26 11:00:00,3.8,7.2
2024-12-26 12:00:00,4.02,7.6
2024-12-26 13:00:00,4.17,8.1
2024-12-26 14:00:00,4.0,7.8
2024-12-26 15:00:00,3.37,6.6
2024-12-26 16:00:00,3.48,6.6
2024-12-26 17:00:00,3.63,6.7
2024-12-26 18:00:00,3.7,7.0
2024-12-26 19:00:00,3.41,6.9
2024-12-26 20:00:00,3.15,6.4
2024-12-26 21:00:00,3.08,5.9
2024-12-26 22:00:00,3.0,5.8
2024-12-26 23:00:00,2.82,5.8
2024-12-27 00:00:00,2.8,5.2
2024-12-27 01:00:00,2.85,5.3
2024-12-27 02:00:00,2.74,5.7
2024-12-27 03:00:00,2.52,4.7
2024-12-27 04:00:00,2.55,4.7
2024-12-27 05:00:00,2.7,4.9
2024-12-27 06:00:00,2.81,5.1
2024-12-27 07:00:00,2.35,5.1
2024-12-27 08:00:00,2.45,4.4
2024-12-27 09:00:00,2.46,4.5
2024-12-27 10:00:00,2.29,4.3
2024-12-27 11:00:00,2.06,4.0
2024-12-27 12:00:00,1.83,3.8
2024-12-27 13:00:00,2.17,4.2
2024-12-27 14:00:00,1.96,4.3
2024-12-27 15:00:00,0.84,2.5
2024-12-27 16:00:00,1.07,2.0
2024-12-27 17:00:00,1.34,2.3
2024-12-27 18:00:00,1.37,2.4
2024-12-27 19:00:00,1.43,2.3
2024-12-27 20:00:00,1.59,2.8
2024-12-27 21:00:00,1.63,2.8
2024-12-27 22:00:00,1.61,2.8
2024-12-27 23:00:00,2.05,3.6
2024-12-28 00:00:00,2.26,4.1
2024-12-28 01:00:00,2.47,4.4
2024-12-28 02:00:00,2.52,4.5
2024-12-28 03:00:00,2.35,4.4
2024-12-28 04:00:00,2.4,4.4
2024-12-28 05:00:00,2.52,4.8
2024-12-28 06:00:00,2.32,4.7
2024-12-28 07:00:00,2.05,4.2
2024-12-28 08:00:00,2.09,3.9
2024-12-28 09:00:00,2.33,4.2
2024-12-28 10:00:00,2.47,4.6
2024-12-28 11:00:00,2.51,4.9
2024-12-28 12:00:00,2.59,5.1
2024-12-28 13:00:00,2.8,5.5
2024-12-28 14:00:00,2.95,5.8
2024-12-28 15:00:00,3.18,6.0
2024-12-28 16:00:00,2.65,6.1
2024-12-28 17:00:00,3.12,5.9
2024-12-28 18:00:00,3.08,6.1
2024-12-28 19:00:00,3.05,5.9
2024-12-28 20:00:00,2.91,5.8
2024-12-28 21:00:00,3.05,6.0
2024-12-28 22:00:00,2.9,5.9
2024-12-28 23:00:00,2.79,5.5
2024-12-29 00:00:00,3.11,6.0
2024-12-29 01:00:00,3.42,6.5
2024-12-29 02:00:00,3.96,7.6
2024-12-29 03:00:00,3.39,6.9
2024-12-29 04:00:00,3.32,6.6
2024-12-29 05:00:00,4.85,7.8
2024-12-29 06:00:00,4.7,8.7
2024-12-29 07:00:00,4.8,9.7
2024-12-29 08:00:00,4.41,9.4
2024-12-29 09:00:00,4.47,8.7
2024-12-29 10:00:00,4.73,9.2
2024-12-29 11:00:00,5.04,9.8
2024-12-29 12:00:00,5.52,10.9
2024-12-29 13:00:00,5.68,11.2
2024-12-29 14:00:00,6.2,12.3
2024-12-29 15:00:00,6.1,12.7
2024-12-29 16:00:00,5.69,12.2
2024-12-29 17:00:00,5.46,11.4
2024-12-29 18:00:00,5.12,10.9
2024-12-29 19:00:00,4.98,10.3
2024-12-29 20:00:00,5.06,10.2
2024-12-29 21:00:00,5.54,10.8
2024-12-29 22:00:00,6.15,12.0
2024-12-29 23:00:00,5.97,12.2
2024-12-30 00:00:00,5.99,11.7
2024-12-30 01:00:00,6.48,12.0
2024-12-30 02:00:00,6.8,13.5
2024-12-30 03:00:00,6.42,15.0
2024-12-30 04:00:00,6.31,14.9
2024-12-30 05:00:00,6.91,15.9
2024-12-30 06:00:00,6.24,16.0
2024-12-30 07:00:00,6.76,15.4
2024-12-30 08:00:00,6.28,15.4
2024-12-30 09:00:00,6.18,14.1
2024-12-30 10:00:00,5.16,13.0
2024-12-30 11:00:00,4.69,10.4
2024-12-30 12:00:00,4.62,9.3
2024-12-30 13:00:00,4.22,8.6
2024-12-30 14:00:00,3.37,7.9
2024-12-30 15:00:00,1.68,5.0
2024-12-30 16:00:00,0.9,3.0
2024-12-30 17:00:00,0.57,1.6
2024-12-30 18:00:00,0.3,1.0
2024-12-30 19:00:00,0.49,1.4
2024-12-30 20:00:00,0.62,1.2
2024-12-30 21:00:00,2.56,4.5
2024-12-30 22:00:00,3.38,7.4
2024-12-30 23:00:00,2.44,6.4
2024-12-31 00:00:00,3.2,6.0
2024-12-31 01:00:00,2.07,6.1
2024-12-31 02:00:00,2.01,4.1
2024-12-31 03:00:00,1.98,4.1
2024-12-31 04:00:00,2.6,4.8
2024-12-31 05:00:00,2.8,5.4
2024-12-31 06:00:00,3.07,5.9
2024-12-31 07:00:00,3.09,6.0
2024-12-31 08:00:00,2.97,6.4
2024-12-31 09:00:00,2.91,5.8
2024-12-31 10:00:00,2.52,5.6
2024-12-31 11:00:00,2.46,5.1
2024-12-31 12:00:00,2.55,4.9
2024-12-31 13:00:00,2.55,5.0
2024-12-31 14:00:00,2.17,5.1
2024-12-31 15:00:00,1.85,4.9
2024-12-31 16:00:00,2.64,4.9
2024-12-31 17:00:00,3.79,6.8
2024-12-31 18:00:00,4.09,7.1
2024-12-31 19:00:00,4.29,8.2
2024-12-31 20:00:00,5.72,10.8
2024-12-31 21:00:00,6.24,12.1
2024-12-31 22:00:00,6.73,13.1
2024-12-31 23:00:00,7.23,14.1
2025-01-01 00:00:00,7.27,14.5
2025-01-01 01:00:00,7.79,15.5
2025-01-01 02:00:00,7.53,15.7
2025-01-01 03:00:00,7.04,14.5
2025-01-01 04:00:00,7.03,14.5
2025-01-01 05:00:00,6.83,13.9
2025-01-01 06:00:00,6.68,13.4
2025-01-01 07:00:00,6.29,13.1
2025-01-01 08:00:00,6.19,12.5
2025-01-01 09:00:00,6.32,12.1
2025-01-01 10:00:00,6.28,12.6
2025-01-01 11:00:00,6.19,12.0
2025-01-01 12:00:00,5.67,12.0
2025-01-01 13:00:00,5.05,11.1
2025-01-01 14:00:00,3.76,9.9
2025-01-01 15:00:00,4.49,9.8
2025-01-01 16:00:00,4.43,9.8
2025-01-01 17:00:00,0.85,8.2
2025-01-01 18:00:00,3.76,6.6
2025-01-01 19:00:00,5.04,9.6
2025-01-01 20:00:00,5.04,10.2
2025-01-01 21:00:00,5.17,10.7
2025-01-01 22:00:00,5.32,10.9
2025-01-01 23:00:00,5.68,12.2
2025-01-02 00:00:00,5.65,11.5
2025-01-02 01:00:00,4.52,11.2
2025-01-02 02:00:00,3.97,9.6
2025-01-02 03:00:00,4.17,9.7
2025-01-02 04:00:00,3.92,9.2
2025-01-02 05:00:00,4.18,8.8
2025-01-02 06:00:00,4.49,9.6
2025-01-02 07:00:00,4.46,9.8
2025-01-02 08:00:00,4.51,9.6
2025-01-02 09:00:00,5.1,10.9
2025-01-02 10:00:00,4.81,10.7
2025-01-02 11:00:00,4.82,10.2
2025-01-02 12:00:00,4.72,10.3
2025-01-02 13:00:00,4.85,10.4
2025-01-02 14:00:00,4.25,10.4
2025-01-02 15:00:00,3.49,9.4
2025-01-02 16:00:00,2.81,7.4
2025-01-02 17:00:00,3.18,6.4
2025-01-02 18:00:00,3.62,7.2
2025-01-02 19:00:00,4.65,9.3
2025-01-02 20:00:00,4.78,9.6
2025-01-02 21:00:00,4.35,9.6
2025-01-02 22:00:00,3.6,8.7
2025-01-02 23:00:00,3.71,7.3
2025-01-03 00:00:00,3.67,7.4
2025-01-03 01:00:00,3.55,7.7
2025-01-03 02:00:00,3.0,7.3
2025-01-03 03:00:00,3.15,6.6
2025-01-03 04:00:00,3.12,6.6
2025-01-03 05:00:00,2.98,6.2
2025-01-03 06:00:00,3.32,6.6
2025-01-03 07:00:00,3.29,6.6
2025-01-03 08:00:00,4.68,9.3
2025-01-03 09:00:00,6.03,13.4
2025-01-03 10:00:00,5.23,12.6
2025-01-03 11:00:00,5.48,10.4
2025-01-03 12:00:00,4.17,13.6
2025-01-03 13:00:00,3.16,10.9
2025-01-03 14:00:00,4.76,9.4
2025-01-03 15:00:00,6.59,18.6
2025-01-03 16:00:00,4.84,13.3
2025-01-03 17:00:00,3.75,9.9
2025-01-03 18:00:00,3.39,8.1
2025-01-03 19:00:00,2.9,6.7
2025-01-03 20:00:00,3.95,8.3
2025-01-03 21:00:00,4.5,10.3
2025-01-03 22:00:00,4.35,9.1
2025-01-03 23:00:00,4.42,9.2
2025-01-04 00:00:00,4.55,9.4
2025-01-04 01:00:00,4.65,10.1
2025-01-04 02:00:00,3.86,9.3
2025-01-04 03:00:00,3.6,8.9
2025-01-04 04:00:00,3.14,7.4
2025-01-04 05:00:00,3.12,6.4
2025-01-04 06:00:00,3.07,6.4
2025-01-04 07:00:00,2.81,6.6
2025-01-04 08:00:00,2.55,5.4
2025-01-04 09:00:00,3.03,5.2
2025-01-04 10:00:00,3.39,5.5
2025-01-04 11:00:00,4.14,8.5
2025-01-04 12:00:00,4.41,9.3
2025-01-04 13:00:00,3.99,10.0
2025-01-04 14:00:00,3.82,7.9
2025-01-04 15:00:00,3.83,7.6
2025-01-04 16:00:00,3.91,8.1
2025-01-04 17:00:00,3.45,7.7
2025-01-04 18:00:00,3.3,6.7
2025-01-04 19:00:00,3.12,6.3
2025-01-04 20:00:00,3.43,6.6
2025-01-04 21:00:00,2.95,6.6
2025-01-04 22:00:00,2.84,5.4
2025-01-04 23:00:00,3.01,6.0
2025-01-05 00:00:00,2.48,5.7
2025-01-05 01:00:00,2.33,4.8
2025-01-05 02:00:00,2.08,4.4
2025-01-05 03:00:00,2.57,5.3
2025-01-05 04:00:00,2.53,5.6
2025-01-05 05:00:00,2.2,5.0
2025-01-05 06:00:00,1.51,4.1
2025-01-05 07:00:00,1.73,3.3
2025-01-05 08:00:00,1.65,3.4
2025-01-05 09:00:00,1.0,3.4
2025-01-05 10:00:00,0.61,2.1
2025-01-05 11:00:00,1.14,2.5
2025-01-05 12:00:00,1.41,3.4
2025-01-05 13:00:00,1.37,3.5
2025-01-05 14:00:00,1.73,3.6
2025-01-05 15:00:00,1.53,3.9
2025-01-05 16:00:00,1.48,3.5
2025-01-05 17:00:00,2.33,4.5
2025-01-05 18:00:00,2.33,4.5
2025-01-05 19:00:00,2.38,4.5
2025-01-05 20:00:00,2.84,5.2
2025-01-05 21:00:00,3.29,6.1
2025-01-05 22:00:00,3.84,7.2
2025-01-05 23:00:00,4.03,7.9
2025-01-06 00:00:00,4.47,8.7
2025-01-06 01:00:00,4.66,9.2
2025-01-06 02:00:00,4.77,9.3
2025-01-06 03:00:00,4.67,9.4
2025-01-06 04:00:00,5.02,10.0
2025-01-06 05:00:00,5.4,10.6
2025-01-06 06:00:00,5.87,11.5
2025-01-06 07:00:00,5.87,11.9
2025-01-06 08:00:00,6.59,12.9
2025-01-06 09:00:00,6.78,13.7
2025-01-06 10:00:00,6.44,13.8
2025-01-06 11:00:00,6.36,13.1
2025-01-06 12:00:00,6.16,12.7
2025-01-06 13:00:00,6.16,12.2
2025-01-06 14:00:00,5.81,12.1
2025-01-06 15:00:00,5.53,11.2
2025-01-06 16:00:00,5.28,10.8
2025-01-06 17:00:00,4.96,10.2
2025-01-06 18:00:00,4.84,9.5
2025-01-06 19:00:00,4.83,9.3
2025-01-06 20:00:00,4.31,9.1
2025-01-06 21:00:00,4.12,8.5
2025-01-06 22:00:00,4.68,8.6
2025-01-06 23:00:00,5.65,11.0
2025-01-07 00:00:00,6.29,12.2
2025-01-07 01:00:00,6.69,12.9
2025-01-07 02:00:00,6.97,13.5
2025-01-07 03:00:00,6.62,12.7
2025-01-07 04:00:00,6.98,13.5
2025-01-07 05:00:00,7.08,13.8
2025-01-07 06:00:00,7.04,14.0
2025-01-07 07:00:00,7.02,13.8
2025-01-07 08:00:00,6.56,13.7
2025-01-07 09:00:00,6.75,13.6
2025-01-07 10:00:00,7.38,14.7
2025-01-07 11:00:00,8.1,16.1
2025-01-07 12:00:00,7.7,16.4
2025-01-07 13:00:00,8.0,16.7
2025-01-07 14:00:00,7.39,16.1
2025-01-07 15:00:00,6.85,14.4
2025-01-07 16:00:00,6.9,13.8
2025-01-07 17:00:00,6.15,13.4
2025-01-07 18:00:00,5.97,12.3
2025-01-07 19:00:00,5.81,11.9
2025-01-07 20:00:00,5.68,11.7
2025-01-07 21:00:00,5.54,11.2
2025-01-07 22:00:00,5.45,11.2
2025-01-07 23:00:00,5.43,11.0
2025-01-08 00:00:00,5.37,10.9
2025-01-08 01:00:00,5.58,11.1
2025-01-08 02:00:00,5.68,11.3
2025-01-08 03:00:00,5.98,11.8
2025-01-08 04:00:00,6.11,11.9
2025-01-08 05:00:00,6.26,12.2
2025-01-08 06:00:00,5.79,12.4
2025-01-08 07:00:00,6.69,12.9
2025-01-08 08:00:00,6.29,13.6
2025-01-08 09:00:00,6.32,12.5
2025-01-08 10:00:00,6.32,12.5
2025-01-08 11:00:00,6.17,13.4
2025-01-08 12:00:00,5.5,13.8
2025-01-08 13:00:00,6.4,12.4
2025-01-08 14:00:00,5.33,12.4
2025-01-08 15:00:00,5.01,10.8
2025-01-08 16:00:00,4.67,9.5
2025-01-08 17:00:00,4.07,8.9
2025-01-08 18:00:00,3.42,7.7
2025-01-08 19:00:00,4.38,8.3
2025-01-08 20:00:00,3.61,8.8
2025-01-08 21:00:00,3.92,7.6
2025-01-08 22:00:00,4.1,7.9
2025-01-08 23:00:00,3.99,8.1
2025-01-09 00:00:00,4.29,8.1
2025-01-09 01:00:00,4.52,9.0
2025-01-09 02:00:00,4.27,8.6
2025-01-09 03:00:00,4.49,9.0
2025-01-09 04:00:00,4.63,8.9
2025-01-09 05:00:00,4.36,8.9
2025-01-09 06:00:00,3.75,8.2
2025-01-09 07:00:00,3.95,7.7
2025-01-09 08:00:00,3.49,7.4
2025-01-09 09:00:00,3.18,6.6
2025-01-09 10:00:00,3.01,6.0
2025-01-09 11:00:00,2.75,5.5
2025-01-09 12:00:00,3.25,6.6
2025-01-09 13:00:00,2.98,6.7
2025-01-09 14:00:00,2.37,6.0
2025-01-09 15:00:00,2.67,6.2
2025-01-09 16:00:00,1.95,5.1
2025-01-09 17:00:00,1.71,3.4
2025-01-09 18:00:00,1.39,3.0
2025-01-09 19:00:00,1.1,2.3
2025-01-09 20:00:00,0.82,1.9
2025-01-09 21:00:00,0.65,1.3
2025-01-09 22:00:00,2.3,3.9
2025-01-09 23:00:00,1.65,4.7
2025-01-10 00:00:00,1.46,3.0
2025-01-10 01:00:00,2.53,4.6
2025-01-10 02:00:00,2.12,4.6
2025-01-10 03:00:00,1.12,3.2
2025-01-10 04:00:00,2.31,4.3
2025-01-10 05:00:00,2.72,5.4
2025-01-10 06:00:00,3.35,7.0
2025-01-10 07:00:00,3.45,7.2
2025-01-10 08:00:00,3.34,7.0
2025-01-10 09:00:00,3.88,7.8
2025-01-10 10:00:00,3.91,8.9
2025-01-10 11:00:00,5.01,11.4
2025-01-10 12:00:00,4.15,11.3
2025-01-10 13:00:00,3.89,8.4
2025-01-10 14:00:00,5.52,10.8
2025-01-10 15:00:00,5.45,11.3
2025-01-10 16:00:00,4.83,11.5
2025-01-10 17:00:00,5.45,11.9
2025-01-10 18:00:00,5.96,12.9
2025-01-10 19:00:00,5.91,12.9
2025-01-10 20:00:00,6.4,13.8
2025-01-10 21:00:00,6.46,14.2
2025-01-10 22:00:00,6.91,14.8
2025-01-10 23:00:00,6.22,14.7
2025-01-11 00:00:00,5.99,12.9
2025-01-11 01:00:00,6.07,12.6
2025-01-11 02:00:00,6.48,12.9
2025-01-11 03:00:00,6.85,13.2
2025-01-11 04:00:00,7.81,15.2
2025-01-11 05:00:00,7.78,16.5
2025-01-11 06:00:00,7.22,16.1
2025-01-11 07:00:00,7.05,14.6
2025-01-11 08:00:00,6.82,14.4
2025-01-11 09:00:00,7.02,13.9
2025-01-11 10:00:00,6.98,13.8
2025-01-11 11:00:00,6.94,14.2
2025-01-11 12:00:00,7.27,14.1
2025-01-11 13:00:00,7.08,15.2
2025-01-11 14:00:00,6.12,14.3
2025-01-11 15:00:00,6.81,13.7
2025-01-11 16:00:00,6.75,14.3
2025-01-11 17:00:00,6.3,13.7
2025-01-11 18:00:00,6.7,13.4
2025-01-11 19:00:00,6.91,13.7
2025-01-11 20:00:00,6.95,13.8
2025-01-11 21:00:00,6.5,13.8
2025-01-11 22:00:00,6.35,12.8
2025-01-11 23:00:00,6.05,12.4
2025-01-12 00:00:00,5.65,11.9
2025-01-12 01:00:00,5.36,10.9
2025-01-12 02:00:00,5.07,10.4
2025-01-12 03:00:00,5.41,10.5
2025-01-12 04:00:00,5.5,10.6
2025-01-12 05:00:00,5.6,10.9
2025-01-12 06:00:00,5.45,10.8
2025-01-12 07:00:00,5.25,10.6
2025-01-12 08:00:00,5.15,10.2
2025-01-12 09:00:00,5.01,10.0
2025-01-12 10:00:00,4.81,9.6
2025-01-12 11:00:00,4.45,9.3
2025-01-12 12:00:00,3.6,8.7
2025-01-12 13:00:00,2.34,7.5
2025-01-12 14:00:00,2.11,5.1
2025-01-12 15:00:00,3.0,7.1
2025-01-12 16:00:00,2.65,6.0
2025-01-12 17:00:00,2.55,5.0
2025-01-12 18:00:00,2.32,4.6
2025-01-12 19:00:00,2.23,4.2
2025-01-12 20:00:00,2.28,4.3
2025-01-12 21:00:00,1.79,4.1
2025-01-12 22:00:00,2.02,3.7
2025-01-12 23:00:00,0.57,3.6
2025-01-13 00:00:00,1.06,2.0
2025-01-13 01:00:00,0.78,2.1
2025-01-13 02:00:00,0.6,1.8
2025-01-13 03:00:00,0.51,1.6
2025-01-13 04:00:00,0.76,1.6
2025-01-13 05:00:00,2.02,3.4
2025-01-13 06:00:00,2.58,4.3
2025-01-13 07:00:00,2.89,5.1
2025-01-13 08:00:00,3.09,5.4
2025-01-13 09:00:00,3.44,6.2
2025-01-13 10:00:00,3.59,6.5
2025-01-13 11:00:00,3.91,7.4
2025-01-13 12:00:00,4.48,8.5
2025-01-13 13:00:00,5.09,9.8
2025-01-13 14:00:00,5.28,10.6
2025-01-13 15:00:00,4.42,9.8
2025-01-13 16:00:00,5.77,11.4
2025-01-13 17:00:00,5.91,11.7
2025-01-13 18:00:00,5.84,11.7
2025-01-13 19:00:00,5.84,11.6
2025-01-13 20:00:00,5.79,11.5
2025-01-13 21:00:00,6.11,12.0
2025-01-13 22:00:00,6.13,12.2
2025-01-13 23:00:00,6.04,12.1
2025-01-14 00:00:00,6.22,12.2
2025-01-14 01:00:00,6.31,12.5
2025-01-14 02:00:00,6.27,12.4
2025-01-14 03:00:00,5.82,11.7
2025-01-14 04:00:00,5.57,11.3
2025-01-14 05:00:00,6.09,11.7
2025-01-14 06:00:00,6.45,12.6
2025-01-14 07:00:00,6.16,12.6
2025-01-14 08:00:00,5.79,11.9
2025-01-14 09:00:00,5.72,11.3
2025-01-14 10:00:00,5.78,11.1
2025-01-14 11:00:00,5.7,11.0
2025-01-14 12:00:00,5.48,10.9
2025-01-14 13:00:00,5.22,10.4
2025-01-14 14:00:00,5.3,10.0
2025-01-14 15:00:00,5.27,10.0
2025-01-14 16:00:00,5.36,10.2
2025-01-14 17:00:00,5.2,10.1
2025-01-14 18:00:00,5.06,9.8
2025-01-14 19:00:00,4.51,9.6
2025-01-14 20:00:00,4.33,8.4
2025-01-14 21:00:00,4.07,8.0
2025-01-14 22:00:00,3.89,7.5
2025-01-14 23:00:00,3.45,7.2
2025-01-15 00:00:00,3.3,6.2
2025-01-15 01:00:00,3.29,6.1
2025-01-15 02:00:00,2.82,6.0
2025-01-15 03:00:00,2.94,5.8
2025-01-15 04:00:00,2.58,5.4
2025-01-15 05:00:00,2.55,4.7
2025-01-15 06:00:00,2.47,4.6
2025-01-15 07:00:00,2.35,4.5
2025-01-15 08:00:00,2.1,4.3
2025-01-15 09:00:00,1.94,3.7
2025-01-15 10:00:00,2.0,3.5
2025-01-15 11:00:00,2.44,4.1
2025-01-15 12:00:00,1.52,4.1
2025-01-15 13:00:00,0.53,3.1
2025-01-15 14:00:00,0.71,2.5
2025-01-15 15:00:00,1.47,2.3
2025-01-15 16:00:00,1.32,2.6
2025-01-15 17:00:00,2.52,4.0
2025-01-15 18:00:00,2.36,4.1
2025-01-15 19:00:00,2.34,3.8
2025-01-15 20:00:00,2.83,4.9
2025-01-15 21:00:00,3.34,5.9
2025-01-15 22:00:00,3.55,6.4
2025-01-15 23:00:00,3.79,6.8
2025-01-16 00:00:00,3.79,6.8
2025-01-16 01:00:00,3.93,7.0
2025-01-16 02:00:00,4.29,7.8
2025-01-16 03:00:00,4.27,7.9
2025-01-16 04:00:00,4.23,7.9
2025-01-16 05:00:00,4.37,8.0
2025-01-16 06:00:00,4.53,8.3
2025-01-16 07:00:00,4.74,8.7
2025-01-16 08:00:00,4.89,9.0
2025-01-16 09:00:00,5.29,9.7
2025-01-16 10:00:00,5.36,10.1
2025-01-16 11:00:00,5.32,10.0
2025-01-16 12:00:00,5.35,10.1
2025-01-16 13:00:00,5.17,10.0
2025-01-16 14:00:00,5.39,10.0
2025-01-16 15:00:00,5.16,10.0
2025-01-16 16:00:00,4.86,9.9
2025-01-16 17:00:00,4.9,9.2
2025-01-16 18:00:00,4.91,9.4
2025-01-16 19:00:00,5.05,9.6
2025-01-16 20:00:00,4.96,9.5
2025-01-16 21:00:00,4.97,9.4
2025-01-16 22:00:00,5.16,9.7
2025-01-16 23:00:00,5.51,10.4
2025-01-17 00:00:00,5.61,10.7
2025-01-17 01:00:00,5.51,10.6
2025-01-17 02:00:00,5.25,10.4
2025-01-17 03:00:00,5.61,10.5
2025-01-17 04:00:00,5.37,10.5
2025-01-17 05:00:00,4.76,10.0
2025-01-17 06:00:00,4.15,8.8
2025-01-17 07:00:00,3.77,7.7
2025-01-17 08:00:00,3.8,7.1
2025-01-17 09:00:00,4.11,7.6
2025-01-17 10:00:00,4.39,8.2
2025-01-17 11:00:00,4.92,9.1
2025-01-17 12:00:00,5.08,9.8
2025-01-17 13:00:00,5.0,9.7
2025-01-17 14:00:00,5.47,10.5
2025-01-17 15:00:00,4.83,9.6
2025-01-17 16:00:00,5.34,9.9
2025-01-17 17:00:00,5.34,10.4
2025-01-17 18:00:00,5.26,10.3
2025-01-17 19:00:00,5.69,10.8
2025-01-17 20:00:00,5.6,11.2
2025-01-17 21:00:00,5.71,10.9
2025-01-17 22:00:00,6.13,11.7
2025-01-17 23:00:00,6.48,12.4
2025-01-18 00:00:00,6.07,12.6
2025-01-18 01:00:00,5.5,11.5
2025-01-18 02:00:00,5.42,10.4
2025-01-18 03:00:00,5.3,10.0
2025-01-18 04:00:00,5.51,10.4
2025-01-18 05:00:00,5.3,10.4
2025-01-18 06:00:00,5.01,9.9
2025-01-18 07:00:00,4.74,9.4
2025-01-18 08:00:00,3.56,8.9
2025-01-18 09:00:00,3.4,6.3
2025-01-18 10:00:00,3.51,6.5
2025-01-18 11:00:00,3.14,6.4
2025-01-18 12:00:00,2.55,5.6
2025-01-18 13:00:00,2.8,4.9
2025-01-18 14:00:00,2.86,5.2
2025-01-18 15:00:00,3.51,6.3
2025-01-18 16:00:00,3.32,6.4
2025-01-18 17:00:00,3.31,6.1
2025-01-18 18:00:00,3.44,6.2
2025-01-18 19:00:00,3.49,6.3
2025-01-18 20:00:00,3.3,6.3
2025-01-18 21:00:00,3.1,6.0
2025-01-18 22:00:00,3.15,5.7
2025-01-18 23:00:00,3.32,6.0
2025-01-19 00:00:00,3.29,6.1
2025-01-19 01:00:00,3.23,6.0
2025-01-19 02:00:00,3.17,5.9
2025-01-19 03:00:00,3.0,5.4
2025-01-19 04:00:00,3.32,6.1
2025-01-19 05:00:00,3.71,6.9
2025-01-19 06:00:00,3.66,7.0
2025-01-19 07:00:00,3.06,6.8
2025-01-19 08:00:00,2.97,5.8
2025-01-19 09:00:00,3.22,5.8
2025-01-19 10:00:00,3.36,6.1
2025-01-19 11:00:00,3.6,7.6
2025-01-19 12:00:00,3.35,7.2
2025-01-19 13:00:00,3.35,7.2
2025-01-19 14:00:00,3.33,7.4
2025-01-19 15:00:00,3.25,7.3
2025-01-19 16:00:00,2.7,6.6
2025-01-19 17:00:00,2.34,5.1
2025-01-19 18:00:00,2.37,4.4
2025-01-19 19:00:00,2.2,4.3
2025-01-19 20:00:00,1.74,4.0
2025-01-19 21:00:00,0.88,3.2
2025-01-19 22:00:00,0.18,1.6
2025-01-19 23:00:00,0.45,1.2
2025-01-20 00:00:00,0.82,1.7
2025-01-20 01:00:00,0.76,1.9
2025-01-20 02:00:00,0.83,1.7
2025-01-20 03:00:00,0.81,1.6
2025-01-20 04:00:00,1.22,2.1
2025-01-20 05:00:00,1.38,2.4
2025-01-20 06:00:00,1.55,2.8
2025-01-20 07:00:00,1.61,3.0
2025-01-20 08:00:00,1.77,3.3
2025-01-20 09:00:00,1.84,3.5
2025-01-20 10:00:00,2.37,4.3
2025-01-20 11:00:00,2.26,4.6
2025-01-20 12:00:00,1.93,4.3
2025-01-20 13:00:00,1.64,4.2
2025-01-20 14:00:00,1.91,4.4
2025-01-20 15:00:00,2.19,4.9
2025-01-20 16:00:00,2.15,4.9
2025-01-20 17:00:00,2.47,4.6
2025-01-20 18:00:00,2.44,4.8
2025-01-20 19:00:00,2.44,4.6
2025-01-20 20:00:00,2.78,5.3
2025-01-20 21:00:00,3.64,7.4
2025-01-20 22:00:00,3.22,7.4
2025-01-20 23:00:00,2.83,5.9
2025-01-21 00:00:00,2.87,5.1
2025-01-21 01:00:00,2.82,4.7
2025-01-21 02:00:00,2.77,4.9
2025-01-21 03:00:00,2.25,4.1
2025-01-21 04:00:00,1.57,3.9
2025-01-21 05:00:00,1.39,2.6
2025-01-21 06:00:00,1.42,2.6
2025-01-21 07:00:00,1.34,2.7
2025-01-21 08:00:00,1.43,2.4
2025-01-21 09:00:00,2.38,4.4
2025-01-21 10:00:00,2.41,4.6
2025-01-21 11:00:00,2.45,4.7
2025-01-21 12:00:00,2.87,5.8
2025-01-21 13:00:00,2.9,5.7
2025-01-21 14:00:00,2.9,5.7
2025-01-21 15:00:00,2.62,4.8
2025-01-21 16:00:00,2.78,5.6
2025-01-21 17:00:00,2.78,5.3
2025-01-21 18:00:00,3.31,6.2
2025-01-21 19:00:00,3.34,6.5
2025-01-21 20:00:00,3.4,6.3
2025-01-21 21:00:00,3.34,6.4
2025-01-21 22:00:00,3.25,6.3
2025-01-21 23:00:00,3.5,6.5
2025-01-22 00:00:00,3.69,6.9
2025-01-22 01:00:00,3.31,6.9
2025-01-22 02:00:00,3.18,6.2
2025-01-22 03:00:00,3.04,5.8
2025-01-22 04:00:00,3.04,5.8
2025-01-22 05:00:00,2.96,5.6
2025-01-22 06:00:00,3.09,5.7
2025-01-22 07:00:00,3.19,6.1
2025-01-22 08:00:00,3.23,6.1
2025-01-22 09:00:00,3.44,6.4
2025-01-22 10:00:00,3.17,6.6
2025-01-22 11:00:00,2.98,6.1
2025-01-22 12:00:00,3.86,6.7
2025-01-22 13:00:00,3.72,7.6
2025-01-22 14:00:00,3.48,7.3
2025-01-22 15:00:00,2.99,6.3
2025-01-22 16:00:00,2.72,5.4
2025-01-22 17:00:00,2.8,5.2
2025-01-22 18:00:00,2.82,5.3
2025-01-22 19:00:00,2.73,5.2
2025-01-22 20:00:00,3.26,5.9
2025-01-22 21:00:00,3.18,6.2
2025-01-22 22:00:00,4.1,8.0
2025-01-22 23:00:00,4.27,8.5
2025-01-23 00:00:00,4.42,8.6
2025-01-23 01:00:00,4.21,8.6
2025-01-23 02:00:00,3.76,7.9
2025-01-23 03:00:00,4.76,9.3
2025-01-23 04:00:00,4.9,9.3
2025-01-23 05:00:00,4.96,9.5
2025-01-23 06:00:00,5.27,10.2
2025-01-23 07:00:00,5.52,10.8
2025-01-23 08:00:00,5.45,10.8
2025-01-23 09:00:00,5.77,11.0
2025-01-23 10:00:00,5.98,11.6
2025-01-23 11:00:00,6.03,11.5
2025-01-23 12:00:00,6.55,12.5
2025-01-23 13:00:00,6.35,12.7
2025-01-23 14:00:00,5.96,12.2
2025-01-23 15:00:00,5.22,11.0
2025-01-23 16:00:00,5.41,10.7
2025-01-23 17:00:00,4.66,10.5
2025-01-23 18:00:00,4.25,8.9
2025-01-23 19:00:00,4.25,8.2
2025-01-23 20:00:00,4.58,8.8
2025-01-23 21:00:00,4.41,8.8
2025-01-23 22:00:00,5.06,9.7
2025-01-23 23:00:00,5.31,10.2
2025-01-24 00:00:00,5.55,10.7
2025-01-24 01:00:00,5.23,10.7
2025-01-24 02:00:00,4.56,10.1
2025-01-24 03:00:00,3.5,8.1
2025-01-24 04:00:00,4.42,8.3
2025-01-24 05:00:00,4.68,9.0
2025-01-24 06:00:00,4.36,9.0
2025-01-24 07:00:00,3.83,8.4
2025-01-24 08:00:00,4.13,8.0
2025-01-24 09:00:00,4.41,8.4
2025-01-24 10:00:00,4.67,9.2
2025-01-24 11:00:00,4.85,9.4
2025-01-24 12:00:00,5.05,10.3
2025-01-24 13:00:00,4.98,10.3
2025-01-24 14:00:00,5.15,10.5
2025-01-24 15:00:00,5.17,10.5
2025-01-24 16:00:00,5.43,10.8
2025-01-24 17:00:00,5.84,11.7
2025-01-24 18:00:00,6.15,12.2
2025-01-24 19:00:00,7.31,14.2
2025-01-24 20:00:00,7.32,14.5
2025-01-24 21:00:00,6.95,14.2
2025-01-24 22:00:00,6.32,13.5
2025-01-24 23:00:00,5.67,12.3
2025-01-25 00:00:00,5.27,11.0
2025-01-25 01:00:00,5.48,10.5
2025-01-25 02:00:00,5.88,11.2
2025-01-25 03:00:00,6.12,11.8
2025-01-25 04:00:00,5.84,11.8
2025-01-25 05:00:00,5.48,11.2
2025-01-25 06:00:00,5.42,10.7
2025-01-25 07:00:00,5.35,10.6
2025-01-25 08:00:00,5.01,10.5
2025-01-25 09:00:00,5.1,10.1
2025-01-25 10:00:00,4.73,9.9
2025-01-25 11:00:00,4.37,9.1
2025-01-25 12:00:00,4.23,8.5
2025-01-25 13:00:00,4.68,9.3
2025-01-25 14:00:00,4.55,9.2
2025-01-25 15:00:00,3.93,9.1
2025-01-25 16:00:00,3.66,7.3
2025-01-25 17:00:00,3.16,6.8
2025-01-25 18:00:00,3.83,7.1
2025-01-25 19:00:00,4.0,7.4
2025-01-25 20:00:00,4.72,8.7
2025-01-25 21:00:00,4.8,9.0
2025-01-25 22:00:00,5.33,10.4
2025-01-25 23:00:00,4.85,10.2
2025-01-26 00:00:00,4.7,9.4
2025-01-26 01:00:00,4.52,9.1
2025-01-26 02:00:00,4.23,8.8
2025-01-26 03:00:00,3.84,8.4
2025-01-26 04:00:00,3.75,7.2
2025-01-26 05:00:00,3.41,7.0
2025-01-26 06:00:00,3.01,6.3
2025-01-26 07:00:00,2.94,5.5
2025-01-26 08:00:00,2.39,5.3
2025-01-26 09:00:00,1.32,4.2
2025-01-26 10:00:00,2.1,4.0
2025-01-26 11:00:00,1.73,3.8
2025-01-26 12:00:00,1.54,4.0
2025-01-26 13:00:00,0.78,3.5
2025-01-26 14:00:00,0.92,2.6
2025-01-26 15:00:00,0.9,2.6
2025-01-26 16:00:00,0.55,2.6
2025-01-26 17:00:00,0.4,1.7
2025-01-26 18:00:00,0.99,1.7
2025-01-26 19:00:00,1.26,2.3
2025-01-26 20:00:00,1.57,2.8
2025-01-26 21:00:00,1.61,2.9
2025-01-26 22:00:00,1.96,3.5
2025-01-26 23:00:00,0.75,3.5
2025-01-27 00:00:00,1.0,2.3
2025-01-27 01:00:00,1.08,2.4
2025-01-27 02:00:00,1.63,3.7
2025-01-27 03:00:00,1.6,3.6
2025-01-27 04:00:00,2.6,5.3
2025-01-27 05:00:00,2.26,5.7
2025-01-27 06:00:00,2.33,5.0
2025-01-27 07:00:00,2.62,5.2
2025-01-27 08:00:00,3.27,5.7
2025-01-27 09:00:00,4.79,9.6
2025-01-27 10:00:00,4.01,9.8
2025-01-27 11:00:00,5.01,8.8
2025-01-27 12:00:00,6.96,10.6
2025-01-27 13:00:00,6.27,10.7
2025-01-27 14:00:00,6.48,12.5
2025-01-27 15:00:00,6.59,13.3
2025-01-27 16:00:00,6.18,12.9
2025-01-27 17:00:00,5.38,11.8
2025-01-27 18:00:00,4.48,10.2
2025-01-27 19:00:00,4.15,8.4
2025-01-27 20:00:00,4.0,7.7
2025-01-27 21:00:00,4.1,7.8
2025-01-27 22:00:00,3.65,7.6
2025-01-27 23:00:00,3.3,6.7
2025-01-28 00:00:00,3.05,6.0
2025-01-28 01:00:00,2.65,5.5
2025-01-28 02:00:00,2.14,4.7
2025-01-28 03:00:00,2.78,5.6
2025-01-28 04:00:00,2.47,5.2
2025-01-28 05:00:00,2.84,5.1
2025-01-28 06:00:00,2.93,5.3
2025-01-28 07:00:00,3.25,5.8
2025-01-28 08:00:00,3.64,6.9
2025-01-28 09:00:00,3.44,6.6
2025-01-28 10:00:00,3.53,6.4
2025-01-28 11:00:00,3.51,6.5
2025-01-28 12:00:00,3.3,6.5
2025-01-28 13:00:00,2.68,6.4
2025-01-28 14:00:00,2.53,5.6
2025-01-28 15:00:00,2.91,6.2
2025-01-28 16:00:00,2.25,6.0
2025-01-28 17:00:00,1.67,4.4
2025-01-28 18:00:00,2.56,4.5
2025-01-28 19:00:00,2.62,5.0
2025-01-28 20:00:00,2.02,4.7
2025-01-28 21:00:00,1.86,3.5
2025-01-28 22:00:00,1.4,3.2
2025-01-28 23:00:00,1.75,2.9
2025-01-29 00:00:00,1.91,3.5
2025-01-29 01:00:00,1.8,3.4
2025-01-29 02:00:00,1.5,3.2
2025-01-29 03:00:00,0.68,1.5
2025-01-29 04:00:00,0.27,1.0
2025-01-29 05:00:00,0.25,0.5
2025-01-29 06:00:00,0.46,0.8
2025-01-29 07:00:00,1.03,1.7
2025-01-29 08:00:00,1.37,2.3
2025-01-29 09:00:00,1.51,2.7
2025-01-29 10:00:00,1.42,2.6
2025-01-29 11:00:00,1.99,4.2
2025-01-29 12:00:00,1.5,4.3
2025-01-29 13:00:00,1.48,3.7
2025-01-29 14:00:00,1.16,3.8
2025-01-29 15:00:00,1.1,3.8
2025-01-29 16:00:00,1.92,3.5
2025-01-29 17:00:00,2.46,4.3
2025-01-29 18:00:00,2.74,5.0
2025-01-29 19:00:00,2.48,5.0
2025-01-29 20:00:00,2.21,4.6
2025-01-29 21:00:00,1.8,4.1
2025-01-29 22:00:00,1.42,3.2
2025-01-29 23:00:00,1.41,2.5
2025-01-30 00:00:00,1.98,3.4
2025-01-30 01:00:00,2.53,4.6
2025-01-30 02:00:00,2.46,4.8
2025-01-30 03:00:00,2.55,4.7
2025-01-30 04:00:00,3.49,6.5
2025-01-30 05:00:00,2.94,6.8
2025-01-30 06:00:00,1.79,5.5
2025-01-30 07:00:00,2.62,4.6
2025-01-30 08:00:00,4.07,7.6
2025-01-30 09:00:00,4.32,8.3
2025-01-30 10:00:00,4.46,8.7
2025-01-30 11:00:00,3.94,8.7
2025-01-30 12:00:00,3.89,7.7
2025-01-30 13:00:00,3.83,7.8
2025-01-30 14:00:00,4.2,8.3
2025-01-30 15:00:00,3.85,8.5
2025-01-30 16:00:00,3.79,7.7
2025-01-30 17:00:00,4.27,8.3
2025-01-30 18:00:00,4.01,8.2
2025-01-30 19:00:00,3.83,7.7
2025-01-30 20:00:00,3.94,7.5
2025-01-30 21:00:00,4.16,8.0
2025-01-30 22:00:00,4.22,8.1
2025-01-30 23:00:00,4.02,8.1
2025-01-31 00:00:00,3.67,7.6
2025-01-31 01:00:00,3.11,6.9
2025-01-31 02:00:00,3.26,6.0
2025-01-31 03:00:00,3.24,6.0
2025-01-31 04:00:00,3.64,6.8
2025-01-31 05:00:00,3.77,7.1
2025-01-31 06:00:00,3.92,7.4
2025-01-31 07:00:00,3.87,7.4
2025-01-31 08:00:00,3.77,7.3
2025-01-31 09:00:00,3.32,7.4
2025-01-31 10:00:00,3.28,6.3
2025-01-31 11:00:00,3.47,6.5
2025-01-31 12:00:00,3.43,7.4
2025-01-31 13:00:00,3.41,7.2
2025-01-31 14:00:00,3.86,7.5
2025-01-31 15:00:00,3.96,7.8
2025-01-31 16:00:00,3.55,7.9
2025-01-31 17:00:00,3.22,7.1
2025-01-31 18:00:00,2.78,6.2
2025-01-31 19:00:00,3.02,5.6
2025-01-31 20:00:00,3.04,5.6
2025-01-31 21:00:00,3.25,6.1
2025-01-31 22:00:00,3.25,6.2
2025-01-31 23:00:00,3.22,6.2
2025-02-01 00:00:00,3.16,6.2
2025-02-01 01:00:00,2.79,6.0
2025-02-01 02:00:00,2.61,5.2
2025-02-01 03:00:00,2.77,5.8
2025-02-01 04:00:00,2.9,5.6
2025-02-01 05:00:00,2.76,5.5
2025-02-01 06:00:00,2.86,5.4
2025-02-01 07:00:00,2.72,5.4
2025-02-01 08:00:00,2.32,5.1
2025-02-01 09:00:00,1.91,4.4
2025-02-01 10:00:00,1.99,3.8
2025-02-01 11:00:00,2.17,4.9
2025-02-01 12:00:00,1.95,4.9
2025-02-01 13:00:00,2.15,5.4
2025-02-01 14:00:00,2.21,5.5
2025-02-01 15:00:00,2.58,5.9
2025-02-01 16:00:00,2.34,5.8
2025-02-01 17:00:00,2.05,4.6
2025-02-01 18:00:00,2.09,4.0
2025-02-01 19:00:00,2.37,4.5
2025-02-01 20:00:00,2.35,4.6
2025-02-01 21:00:00,1.98,4.5
2025-02-01 22:00:00,1.46,3.9
2025-02-01 23:00:00,1.38,3.0
2025-02-02 00:00:00,1.37,3.0
2025-02-02 01:00:00,1.27,2.9
2025-02-02 02:00:00,1.29,2.7
2025-02-02 03:00:00,1.28,2.9
2025-02-02 04:00:00,1.52,3.3
2025-02-02 05:00:00,1.63,3.8
2025-02-02 06:00:00,1.17,3.5
2025-02-02 07:00:00,0.87,2.7
2025-02-02 08:00:00,1.25,2.8
2025-02-02 09:00:00,1.25,3.0
2025-02-02 10:00:00,1.19,2.8
2025-02-02 11:00:00,1.17,3.1
2025-02-02 12:00:00,1.43,3.7
2025-02-02 13:00:00,1.7,4.3
2025-02-02 14:00:00,1.58,4.4
2025-02-02 15:00:00,1.69,4.3
2025-02-02 16:00:00,1.81,4.3
2025-02-02 17:00:00,1.11,4.2
2025-02-02 18:00:00,1.6,3.0
2025-02-02 19:00:00,1.41,3.5
2025-02-02 20:00:00,1.05,3.0
2025-02-02 21:00:00,0.89,2.2
2025-02-02 22:00:00,0.52,2.0
2025-02-02 23:00:00,0.5,1.4
2025-02-03 00:00:00,0.6,1.4
2025-02-03 01:00:00,1.34,2.7
2025-02-03 02:00:00,1.17,2.9
2025-02-03 03:00:00,1.32,3.2
2025-02-03 04:00:00,0.78,2.9
2025-02-03 05:00:00,1.14,2.8
2025-02-03 06:00:00,1.06,2.7
2025-02-03 07:00:00,1.1,2.7
2025-02-03 08:00:00,0.56,2.7
2025-02-03 09:00:00,0.81,2.1
2025-02-03 10:00:00,0.96,2.5
2025-02-03 11:00:00,0.84,2.7
2025-02-03 12:00:00,0.85,2.5
2025-02-03 13:00:00,1.43,3.5
2025-02-03 14:00:00,1.43,3.9
2025-02-03 15:00:00,1.69,4.2
2025-02-03 16:00:00,2.22,4.7
2025-02-03 17:00:00,1.67,4.7
2025-02-03 18:00:00,1.71,3.1
2025-02-03 19:00:00,1.92,3.5
2025-02-03 20:00:00,2.29,4.3
2025-02-03 21:00:00,2.47,4.9
2025-02-03 22:00:00,1.84,4.8
2025-02-03 23:00:00,1.44,3.5
2025-02-04 00:00:00,1.5,3.0
2025-02-04 01:00:00,1.72,3.3
2025-02-04 02:00:00,1.66,3.4
2025-02-04 03:00:00,1.84,4.4
2025-02-04 04:00:00,2.01,4.1
2025-02-04 05:00:00,2.06,4.1
2025-02-04 06:00:00,2.12,4.2
2025-02-04 07:00:00,2.23,4.3
2025-02-04 08:00:00,2.94,6.1
2025-02-04 09:00:00,2.65,6.1
2025-02-04 10:00:00,2.59,5.6
2025-02-04 11:00:00,2.57,5.7
2025-02-04 12:00:00,2.89,6.2
2025-02-04 13:00:00,3.3,7.4
2025-02-04 14:00:00,2.86,7.4
2025-02-04 15:00:00,2.94,6.4
2025-02-04 16:00:00,2.91,6.3
2025-02-04 17:00:00,2.8,5.8
2025-02-04 18:00:00,2.94,5.6
2025-02-04 19:00:00,3.21,6.1
2025-02-04 20:00:00,3.61,6.9
2025-02-04 21:00:00,3.92,7.6
2025-02-04 22:00:00,3.94,7.9
2025-02-04 23:00:00,3.62,7.9
2025-02-05 00:00:00,3.44,7.3
2025-02-05 01:00:00,3.65,7.3
2025-02-05 02:00:00,3.63,7.4
2025-02-05 03:00:00,4.14,8.1
2025-02-05 04:00:00,4.45,8.7
2025-02-05 05:00:00,4.72,9.4
2025-02-05 06:00:00,4.47,9.4
2025-02-05 07:00:00,4.49,9.0
2025-02-05 08:00:00,4.47,8.9
2025-02-05 09:00:00,4.41,8.8
2025-02-05 10:00:00,4.58,9.1
2025-02-05 11:00:00,4.49,9.0
2025-02-05 12:00:00,4.42,9.0
2025-02-05 13:00:00,5.07,10.0
2025-02-05 14:00:00,5.3,10.6
2025-02-05 15:00:00,5.11,11.3
2025-02-05 16:00:00,5.05,10.4
2025-02-05 17:00:00,4.71,10.0
2025-02-05 18:00:00,4.83,9.3
2025-02-05 19:00:00,4.92,9.5
2025-02-05 20:00:00,4.35,9.5
2025-02-05 21:00:00,3.48,8.3
2025-02-05 22:00:00,3.27,6.5
2025-02-05 23:00:00,3.22,5.9
2025-02-06 00:00:00,3.21,5.9
2025-02-06 01:00:00,3.0,5.9
2025-02-06 02:00:00,2.85,5.5
2025-02-06 03:00:00,2.89,5.5
2025-02-06 04:00:00,2.71,5.3
2025-02-06 05:00:00,2.55,4.8
2025-02-06 06:00:00,2.45,4.7
2025-02-06 07:00:00,2.42,4.7
2025-02-06 08:00:00,2.29,4.5
2025-02-06 09:00:00,2.16,4.4
2025-02-06 10:00:00,2.52,4.4
2025-02-06 11:00:00,2.3,5.2
2025-02-06 12:00:00,2.71,5.9
2025-02-06 13:00:00,3.26,7.1
2025-02-06 14:00:00,3.22,7.4
2025-02-06 15:00:00,2.84,6.9
2025-02-06 16:00:00,2.38,6.1
2025-02-06 17:00:00,2.62,4.9
2025-02-06 18:00:00,2.82,5.0
2025-02-06 19:00:00,2.9,5.2
2025-02-06 20:00:00,2.88,5.2
2025-02-06 21:00:00,3.02,5.4
2025-02-06 22:00:00,3.12,5.7
2025-02-06 23:00:00,3.13,5.9
2025-02-07 00:00:00,3.1,5.9
2025-02-07 01:00:00,3.13,5.9
2025-02-07 02:00:00,3.19,6.0
2025-02-07 03:00:00,2.97,6.1
2025-02-07 04:00:00,2.72,5.6
2025-02-07 05:00:00,2.5,5.1
2025-02-07 06:00:00,2.77,5.3
2025-02-07 07:00:00,2.87,5.8
2025-02-07 08:00:00,2.84,6.0
2025-02-07 09:00:00,3.64,8.4
2025-02-07 10:00:00,5.16,10.2
2025-02-07 11:00:00,4.39,10.5
2025-02-07 12:00:00,4.27,9.2
2025-02-07 13:00:00,4.11,8.9
2025-02-07 14:00:00,4.18,8.7
2025-02-07 15:00:00,3.65,8.1
2025-02-07 16:00:00,3.44,7.6
2025-02-07 17:00:00,3.8,7.5
2025-02-07 18:00:00,3.87,7.6
2025-02-07 19:00:00,4.36,8.7
2025-02-07 20:00:00,4.17,8.7
2025-02-07 21:00:00,3.96,8.3
2025-02-07 22:00:00,5.06,9.6
2025-02-07 23:00:00,5.29,10.8
2025-02-08 00:00:00,5.08,10.6
2025-02-08 01:00:00,4.82,10.3
2025-02-08 02:00:00,4.44,9.9
2025-02-08 03:00:00,4.73,9.7
2025-02-08 04:00:00,4.67,9.7
2025-02-08 05:00:00,5.39,12.3
2025-02-08 06:00:00,5.14,12.2
2025-02-08 07:00:00,5.25,12.1
2025-02-08 08:00:00,5.31,11.4
2025-02-08 09:00:00,5.93,12.8
2025-02-08 10:00:00,5.5,12.5
2025-02-08 11:00:00,5.37,11.4
2025-02-08 12:00:00,5.26,11.4
2025-02-08 13:00:00,5.07,11.3
2025-02-08 14:00:00,4.3,10.5
2025-02-08 15:00:00,4.27,9.6
2025-02-08 16:00:00,4.34,9.0
2025-02-08 17:00:00,3.72,9.6
2025-02-08 18:00:00,3.52,7.5
2025-02-08 19:00:00,3.64,7.5
2025-02-08 20:00:00,3.43,7.4
2025-02-08 21:00:00,3.27,7.0
2025-02-08 22:00:00,3.19,6.7
2025-02-08 23:00:00,3.13,6.5
2025-02-09 00:00:00,3.04,6.2
2025-02-09 01:00:00,2.63,6.0
2025-02-09 02:00:00,2.15,5.1
2025-02-09 03:00:00,2.17,4.1
2025-02-09 04:00:00,2.33,4.4
2025-02-09 05:00:00,2.27,4.5
2025-02-09 06:00:00,2.31,4.4
2025-02-09 07:00:00,2.35,4.5
2025-02-09 08:00:00,2.43,4.7
2025-02-09 09:00:00,2.49,4.9
2025-02-09 10:00:00,2.89,6.1
2025-02-09 11:00:00,3.2,6.9
2025-02-09 12:00:00,3.27,7.2
2025-02-09 13:00:00,3.36,7.3
2025-02-09 14:00:00,3.66,7.9
2025-02-09 15:00:00,4.0,8.6
2025-02-09 16:00:00,4.45,9.4
2025-02-09 17:00:00,4.17,10.2
2025-02-09 18:00:00,3.58,8.4
2025-02-09 19:00:00,3.86,7.8
2025-02-09 20:00:00,4.28,8.8
2025-02-09 21:00:00,4.28,8.8
2025-02-09 22:00:00,4.24,8.8
2025-02-09 23:00:00,4.03,8.6
2025-02-10 00:00:00,3.52,8.3
2025-02-10 01:00:00,4.12,8.3
2025-02-10 02:00:00,4.14,8.6
2025-02-10 03:00:00,4.53,9.2
2025-02-10 04:00:00,4.28,9.1
2025-02-10 05:00:00,4.44,9.0
2025-02-10 06:00:00,4.59,9.1
2025-02-10 07:00:00,4.28,9.3
2025-02-10 08:00:00,4.29,8.7
2025-02-10 09:00:00,4.5,9.1
2025-02-10 10:00:00,5.25,11.0
2025-02-10 11:00:00,5.39,11.4
2025-02-10 12:00:00,5.19,11.3
2025-02-10 13:00:00,4.97,11.0
2025-02-10 14:00:00,4.89,10.9
2025-02-10 15:00:00,5.0,11.2
2025-02-10 16:00:00,5.0,10.7
2025-02-10 17:00:00,4.3,10.7
2025-02-10 18:00:00,3.87,8.7
2025-02-10 19:00:00,4.03,8.1
2025-02-10 20:00:00,3.87,8.1
2025-02-10 21:00:00,3.51,7.8
2025-02-10 22:00:00,3.38,7.2
2025-02-10 23:00:00,3.59,7.2
2025-02-11 00:00:00,3.24,7.2
2025-02-11 01:00:00,3.72,8.1
2025-02-11 02:00:00,4.31,9.0
2025-02-11 03:00:00,3.66,7.4
2025-02-11 04:00:00,3.61,7.3
2025-02-11 05:00:00,3.7,7.8
2025-02-11 06:00:00,4.19,9.2
2025-02-11 07:00:00,3.99,9.0
2025-02-11 08:00:00,3.86,7.8
2025-02-11 09:00:00,3.8,7.7
2025-02-11 10:00:00,4.59,9.4
2025-02-11 11:00:00,4.34,9.7
2025-02-11 12:00:00,4.31,9.5
2025-02-11 13:00:00,4.15,9.4
2025-02-11 14:00:00,4.1,9.1
2025-02-11 15:00:00,3.96,8.7
2025-02-11 16:00:00,3.98,8.7
2025-02-11 17:00:00,4.03,8.9
2025-02-11 18:00:00,3.62,8.4
2025-02-11 19:00:00,3.9,7.9
2025-02-11 20:00:00,4.0,8.8
2025-02-11 21:00:00,3.96,8.4
2025-02-11 22:00:00,3.8,8.2
2025-02-11 23:00:00,3.61,7.9
2025-02-12 00:00:00,3.51,7.6
2025-02-12 01:00:00,3.46,7.5
2025-02-12 02:00:00,3.52,7.6
2025-02-12 03:00:00,3.6,7.8
2025-02-12 04:00:00,3.45,7.7
2025-02-12 05:00:00,3.62,7.8
2025-02-12 06:00:00,3.69,7.9
2025-02-12 07:00:00,3.73,8.1
2025-02-12 08:00:00,3.57,8.0
2025-02-12 09:00:00,3.5,7.7
2025-02-12 10:00:00,3.48,7.6
2025-02-12 11:00:00,3.46,7.8
2025-02-12 12:00:00,3.27,7.7
2025-02-12 13:00:00,3.3,7.6
2025-02-12 14:00:00,3.24,7.7
2025-02-12 15:00:00,3.23,7.9
2025-02-12 16:00:00,3.05,7.4
2025-02-12 17:00:00,2.92,7.0
2025-02-12 18:00:00,2.89,6.5
2025-02-12 19:00:00,2.71,5.9
2025-02-12 20:00:00,2.87,5.8
2025-02-12 21:00:00,3.56,7.4
2025-02-12 22:00:00,3.6,7.6
2025-02-12 23:00:00,3.3,7.6
2025-02-13 00:00:00,3.22,7.0
2025-02-13 01:00:00,3.51,7.4
2025-02-13 02:00:00,3.39,7.5
2025-02-13 03:00:00,3.63,7.8
2025-02-13 04:00:00,3.6,7.8
2025-02-13 05:00:00,3.78,8.1
2025-02-13 06:00:00,3.29,8.0
2025-02-13 07:00:00,3.1,6.9
2025-02-13 08:00:00,3.29,7.1
2025-02-13 09:00:00,3.39,7.2
2025-02-13 10:00:00,3.62,8.0
2025-02-13 11:00:00,3.82,8.4
2025-02-13 12:00:00,3.94,8.9
2025-02-13 13:00:00,3.76,8.9
2025-02-13 14:00:00,3.82,8.6
2025-02-13 15:00:00,4.74,10.1
2025-02-13 16:00:00,4.14,10.5
2025-02-13 17:00:00,4.11,8.6
2025-02-13 18:00:00,3.33,8.5
2025-02-13 19:00:00,4.51,9.0
2025-02-13 20:00:00,4.74,9.6
2025-02-13 21:00:00,4.87,9.9
2025-02-13 22:00:00,4.27,9.8
2025-02-13 23:00:00,4.0,8.7
2025-02-14 00:00:00,4.47,9.1
2025-02-14 01:00:00,4.39,9.2
2025-02-14 02:00:00,3.52,9.1
2025-02-14 03:00:00,3.36,7.3
2025-02-14 04:00:00,3.54,7.2
2025-02-14 05:00:00,3.24,7.3
2025-02-14 06:00:00,2.98,6.5
2025-02-14 07:00:00,2.65,5.8
2025-02-14 08:00:00,2.55,5.2
2025-02-14 09:00:00,2.71,5.2
2025-02-14 10:00:00,2.61,5.6
2025-02-14 11:00:00,2.56,6.3
2025-02-14 12:00:00,2.72,6.7
2025-02-14 13:00:00,2.87,7.1
2025-02-14 14:00:00,2.89,7.2
2025-02-14 15:00:00,3.19,7.8
2025-02-14 16:00:00,3.02,7.4
2025-02-14 17:00:00,3.08,7.1
2025-02-14 18:00:00,2.5,6.3
2025-02-14 19:00:00,1.63,4.9
2025-02-14 20:00:00,1.77,3.0
2025-02-14 21:00:00,2.09,3.9
2025-02-14 22:00:00,2.08,4.0
2025-02-14 23:00:00,2.26,4.1
2025-02-15 00:00:00,2.44,4.5
2025-02-15 01:00:00,2.35,4.5
2025-02-15 02:00:00,2.3,4.3
2025-02-15 03:00:00,2.27,4.2
2025-02-15 04:00:00,2.27,4.3
2025-02-15 05:00:00,2.21,4.2
2025-02-15 06:00:00,2.14,4.2
2025-02-15 07:00:00,2.04,4.0
2025-02-15 08:00:00,2.2,4.1
2025-02-15 09:00:00,1.92,4.1
2025-02-15 10:00:00,1.47,3.8
2025-02-15 11:00:00,1.52,4.4
2025-02-15 12:00:00,2.19,5.7
2025-02-15 13:00:00,2.58,6.6
2025-02-15 14:00:00,2.83,6.9
2025-02-15 15:00:00,3.6,8.5
2025-02-15 16:00:00,3.87,8.2
2025-02-15 17:00:00,5.04,10.4
2025-02-15 18:00:00,5.22,11.3
2025-02-15 19:00:00,5.05,10.6
2025-02-15 20:00:00,5.11,10.5
2025-02-15 21:00:00,4.81,10.5
2025-02-15 22:00:00,4.83,9.6
2025-02-15 23:00:00,4.71,10.0
2025-02-16 00:00:00,4.24,9.4
2025-02-16 01:00:00,4.04,8.5
2025-02-16 02:00:00,3.65,7.9
2025-02-16 03:00:00,3.56,7.5
2025-02-16 04:00:00,3.61,7.1
2025-02-16 05:00:00,3.53,7.1
2025-02-16 06:00:00,3.25,6.9
2025-02-16 07:00:00,2.92,6.3
2025-02-16 08:00:00,2.85,5.7
2025-02-16 09:00:00,2.66,5.5
2025-02-16 10:00:00,2.66,5.9
2025-02-16 11:00:00,2.28,5.9
2025-02-16 12:00:00,2.17,5.9
2025-02-16 13:00:00,2.22,6.1
2025-02-16 14:00:00,2.37,6.3
2025-02-16 15:00:00,2.95,7.1
2025-02-16 16:00:00,3.34,7.5
2025-02-16 17:00:00,3.13,7.5
2025-02-16 18:00:00,2.86,6.2
2025-02-16 19:00:00,3.24,5.9
2025-02-16 20:00:00,3.58,6.6
2025-02-16 21:00:00,3.69,7.1
2025-02-16 22:00:00,3.45,7.0
2025-02-16 23:00:00,3.36,6.5
2025-02-17 00:00:00,3.36,6.4
2025-02-17 01:00:00,3.32,6.3
2025-02-17 02:00:00,3.38,6.4
2025-02-17 03:00:00,3.54,6.6
2025-02-17 04:00:00,3.79,7.2
2025-02-17 05:00:00,3.75,7.2
2025-02-17 06:00:00,3.61,7.0
2025-02-17 07:00:00,3.54,6.8
2025-02-17 08:00:00,3.45,6.6
2025-02-17 09:00:00,3.52,6.5
2025-02-17 10:00:00,2.91,6.9
2025-02-17 11:00:00,3.23,7.0
2025-02-17 12:00:00,3.49,7.8
2025-02-17 13:00:00,3.77,8.5
2025-02-17 14:00:00,4.09,9.0
2025-02-17 15:00:00,4.44,9.3
2025-02-17 16:00:00,4.77,10.5
2025-02-17 17:00:00,3.61,10.5
2025-02-17 18:00:00,2.94,7.2
2025-02-17 19:00:00,2.58,5.5
2025-02-17 20:00:00,2.84,4.9
2025-02-17 21:00:00,2.85,5.0
2025-02-17 22:00:00,2.8,5.2
2025-02-17 23:00:00,2.59,5.1
2025-02-18 00:00:00,2.02,4.6
2025-02-18 01:00:00,1.69,3.8
2025-02-18 02:00:00,1.66,3.0
2025-02-18 03:00:00,1.31,3.0
2025-02-18 04:00:00,1.72,3.1
2025-02-18 05:00:00,1.95,3.5
2025-02-18 06:00:00,2.06,3.6
2025-02-18 07:00:00,2.43,4.2
2025-02-18 08:00:00,2.83,4.9
2025-02-18 09:00:00,3.07,5.4
2025-02-18 10:00:00,3.11,6.0
2025-02-18 11:00:00,2.55,6.0
2025-02-18 12:00:00,2.73,6.5
2025-02-18 13:00:00,3.13,7.3
2025-02-18 14:00:00,3.7,8.3
2025-02-18 15:00:00,4.08,8.9
2025-02-18 16:00:00,4.28,9.1
2025-02-18 17:00:00,3.86,8.9
2025-02-18 18:00:00,3.44,7.6
2025-02-18 19:00:00,3.11,6.4
2025-02-18 20:00:00,3.08,5.6
2025-02-18 21:00:00,2.98,5.4
2025-02-18 22:00:00,2.82,5.3
2025-02-18 23:00:00,2.58,5.0
2025-02-19 00:00:00,2.44,4.6
2025-02-19 01:00:00,2.05,4.3
2025-02-19 02:00:00,1.52,3.6
2025-02-19 03:00:00,1.19,2.2
2025-02-19 04:00:00,1.32,2.3
2025-02-19 05:00:00,1.24,2.3
2025-02-19 06:00:00,1.13,2.2
2025-02-19 07:00:00,0.96,1.9
2025-02-19 08:00:00,0.88,1.7
2025-02-19 09:00:00,0.93,1.6
2025-02-19 10:00:00,1.0,2.8
2025-02-19 11:00:00,0.82,3.3
2025-02-19 12:00:00,1.19,4.1
2025-02-19 13:00:00,1.34,4.4
2025-02-19 14:00:00,1.39,4.5
2025-02-19 15:00:00,1.68,4.7
2025-02-19 16:00:00,1.88,4.7
2025-02-19 17:00:00,1.15,4.6
2025-02-19 18:00:00,0.85,2.0
2025-02-19 19:00:00,0.68,1.3
2025-02-19 20:00:00,0.49,1.0
2025-02-19 21:00:00,0.67,0.9
2025-02-19 22:00:00,0.41,0.9
2025-02-19 23:00:00,0.6,0.8
2025-02-20 00:00:00,1.45,2.3
2025-02-20 01:00:00,1.55,2.5
2025-02-20 02:00:00,1.65,3.0
2025-02-20 03:00:00,1.23,2.2
2025-02-20 04:00:00,1.45,2.5
2025-02-20 05:00:00,1.64,2.9
2025-02-20 06:00:00,1.96,3.5
2025-02-20 07:00:00,2.21,3.9
2025-02-20 08:00:00,2.33,4.1
2025-02-20 09:00:00,3.03,5.2
2025-02-20 10:00:00,3.67,6.9
2025-02-20 11:00:00,4.73,9.5
2025-02-20 12:00:00,3.87,9.8
2025-02-20 13:00:00,4.71,10.1
2025-02-20 14:00:00,5.15,11.1
2025-02-20 15:00:00,5.3,11.3
2025-02-20 16:00:00,5.49,11.5
2025-02-20 17:00:00,4.92,11.7
2025-02-20 18:00:00,4.7,9.9
2025-02-20 19:00:00,4.79,9.4
2025-02-20 20:00:00,4.88,9.5
2025-02-20 21:00:00,5.23,10.2
2025-02-20 22:00:00,5.39,10.7
2025-02-20 23:00:00,5.51,10.8
2025-02-21 00:00:00,5.66,11.2
2025-02-21 01:00:00,5.81,11.4
2025-02-21 02:00:00,5.9,11.7
2025-02-21 03:00:00,5.88,11.8
2025-02-21 04:00:00,5.77,11.6
2025-02-21 05:00:00,5.66,11.8
2025-02-21 06:00:00,6.13,11.8
2025-02-21 07:00:00,4.88,11.7
2025-02-21 08:00:00,5.05,10.0
2025-02-21 09:00:00,4.75,9.6
2025-02-21 10:00:00,4.73,9.4
2025-02-21 11:00:00,4.23,9.2
2025-02-21 12:00:00,4.04,8.4
2025-02-21 13:00:00,3.41,8.2
2025-02-21 14:00:00,3.47,7.3
2025-02-21 15:00:00,3.06,6.5
2025-02-21 16:00:00,2.8,6.4
2025-02-21 17:00:00,3.18,6.0
2025-02-21 18:00:00,3.21,6.4
2025-02-21 19:00:00,3.31,6.2
2025-02-21 20:00:00,3.53,6.7
2025-02-21 21:00:00,3.47,6.7
2025-02-21 22:00:00,3.54,6.6
2025-02-21 23:00:00,3.63,6.5
2025-02-22 00:00:00,3.85,7.0
2025-02-22 01:00:00,4.11,7.6
2025-02-22 02:00:00,4.0,7.5
2025-02-22 03:00:00,4.51,8.3
2025-02-22 04:00:00,4.34,8.2
2025-02-22 05:00:00,4.28,7.9
2025-02-22 06:00:00,4.24,7.9
2025-02-22 07:00:00,4.29,7.9
2025-02-22 08:00:00,4.04,8.0
2025-02-22 09:00:00,3.95,7.5
2025-02-22 10:00:00,4.68,8.6
2025-02-22 11:00:00,5.33,9.9
2025-02-22 12:00:00,5.54,11.1
2025-02-22 13:00:00,4.7,11.5
2025-02-22 14:00:00,4.97,10.4
2025-02-22 15:00:00,5.1,11.0
2025-02-22 16:00:00,4.77,10.6
2025-02-22 17:00:00,4.54,10.0
2025-02-22 18:00:00,4.35,8.9
2025-02-22 19:00:00,4.57,8.7
2025-02-22 20:00:00,4.33,8.7
2025-02-22 21:00:00,3.94,8.2
2025-02-22 22:00:00,3.48,7.3
2025-02-22 23:00:00,3.4,6.4
2025-02-23 00:00:00,3.17,6.2
2025-02-23 01:00:00,2.72,5.6
2025-02-23 02:00:00,2.64,4.7
2025-02-23 03:00:00,2.9,4.9
2025-02-23 04:00:00,3.3,5.9
2025-02-23 05:00:00,3.12,6.1
2025-02-23 06:00:00,2.81,5.6
2025-02-23 07:00:00,2.62,5.1
2025-02-23 08:00:00,2.15,4.7
2025-02-23 09:00:00,2.21,3.5
2025-02-23 10:00:00,1.71,3.8
2025-02-23 11:00:00,1.27,2.9
2025-02-23 12:00:00,2.04,4.0
2025-02-23 13:00:00,2.21,4.9
2025-02-23 14:00:00,2.25,5.0
2025-02-23 15:00:00,2.06,4.4
2025-02-23 16:00:00,2.49,4.5
2025-02-23 17:00:00,2.48,4.7
2025-02-23 18:00:00,2.26,4.3
2025-02-23 19:00:00,2.6,4.5
2025-02-23 20:00:00,2.17,4.4
2025-02-23 21:00:00,2.57,4.3
2025-02-23 22:00:00,2.44,4.5
2025-02-23 23:00:00,2.12,4.2
2025-02-24 00:00:00,2.15,3.9
2025-02-24 01:00:00,2.67,4.8
2025-02-24 02:00:00,2.47,4.8
2025-02-24 03:00:00,2.3,4.0
2025-02-24 04:00:00,2.87,5.1
2025-02-24 05:00:00,2.92,5.2
2025-02-24 06:00:00,2.95,5.3
2025-02-24 07:00:00,3.77,6.7
2025-02-24 08:00:00,4.44,8.2
2025-02-24 09:00:00,4.72,8.7
2025-02-24 10:00:00,5.73,10.3
2025-02-24 11:00:00,5.95,10.7
2025-02-24 12:00:00,5.97,10.8
2025-02-24 13:00:00,5.7,11.3
2025-02-24 14:00:00,4.89,11.0
2025-02-24 15:00:00,5.44,11.3
2025-02-24 16:00:00,4.88,11.2
2025-02-24 17:00:00,5.11,10.2
2025-02-24 18:00:00,5.12,9.9
2025-02-24 19:00:00,5.11,9.9
2025-02-24 20:00:00,5.11,9.8
2025-02-24 21:00:00,5.03,9.9
2025-02-24 22:00:00,4.95,9.6
2025-02-24 23:00:00,4.97,9.4
2025-02-25 00:00:00,5.22,9.6
2025-02-25 01:00:00,5.59,10.5
2025-02-25 02:00:00,5.4,10.5
2025-02-25 03:00:00,4.55,9.3
2025-02-25 04:00:00,3.85,8.3
2025-02-25 05:00:00,3.75,7.0
2025-02-25 06:00:00,3.47,6.8
2025-02-25 07:00:00,3.18,6.2
2025-02-25 08:00:00,2.73,5.6
2025-02-25 09:00:00,2.36,4.8
2025-02-25 10:00:00,2.06,4.1
2025-02-25 11:00:00,2.71,4.8
2025-02-25 12:00:00,2.72,5.7
2025-02-25 13:00:00,2.3,5.5
2025-02-25 14:00:00,2.09,4.9
2025-02-25 15:00:00,3.0,5.9
2025-02-25 16:00:00,3.0,5.8
2025-02-25 17:00:00,2.13,5.6
2025-02-25 18:00:00,1.89,3.6
2025-02-25 19:00:00,2.42,4.0
2025-02-25 20:00:00,2.1,4.1
2025-02-25 21:00:00,2.51,4.3
2025-02-25 22:00:00,2.33,4.3
2025-02-25 23:00:00,2.36,4.1
2025-02-26 00:00:00,2.53,4.5
2025-02-26 01:00:00,2.52,4.5
2025-02-26 02:00:00,2.38,4.4
2025-02-26 03:00:00,2.12,3.6
2025-02-26 04:00:00,2.38,4.2
2025-02-26 05:00:00,2.26,4.1
2025-02-26 06:00:00,2.0,4.0
2025-02-26 07:00:00,1.49,3.4
2025-02-26 08:00:00,1.12,2.4
2025-02-26 09:00:00,0.79,1.5
2025-02-26 10:00:00,1.47,3.0
2025-02-26 11:00:00,2.46,5.1
2025-02-26 12:00:00,2.32,5.4
2025-02-26 13:00:00,2.18,5.2
2025-02-26 14:00:00,2.12,5.1
2025-02-26 15:00:00,1.86,4.3
2025-02-26 16:00:00,1.79,4.5
2025-02-26 17:00:00,1.44,4.1
2025-02-26 18:00:00,2.21,3.4
2025-02-26 19:00:00,2.75,4.7
2025-02-26 20:00:00,2.6,4.9
2025-02-26 21:00:00,2.53,4.6
2025-02-26 22:00:00,2.47,4.6
2025-02-26 23:00:00,2.25,4.4
2025-02-27 00:00:00,2.07,3.9
2025-02-27 01:00:00,2.14,3.8
2025-02-27 02:00:00,2.1,3.8
2025-02-27 03:00:00,2.08,4.4
2025-02-27 04:00:00,1.71,3.6
2025-02-27 05:00:00,1.69,2.9
2025-02-27 06:00:00,1.58,3.0
2025-02-27 07:00:00,1.41,2.7
2025-02-27 08:00:00,1.68,2.9
2025-02-27 09:00:00,1.72,3.0
2025-02-27 10:00:00,1.46,2.9
2025-02-27 11:00:00,1.87,4.1
2025-02-27 12:00:00,1.87,4.3
2025-02-27 13:00:00,1.56,4.3
2025-02-27 14:00:00,1.24,4.0
2025-02-27 15:00:00,1.1,3.4
2025-02-27 16:00:00,0.43,2.8
2025-02-27 17:00:00,0.14,1.8
2025-02-27 18:00:00,0.36,1.2
2025-02-27 19:00:00,0.74,0.9
2025-02-27 20:00:00,1.8,2.4
2025-02-27 21:00:00,1.48,2.8
2025-02-27 22:00:00,1.73,2.8
2025-02-27 23:00:00,1.52,2.8
2025-02-28 00:00:00,1.01,2.4
2025-02-28 01:00:00,1.22,2.1
2025-02-28 02:00:00,1.63,2.7
2025-02-28 03:00:00,2.24,3.8
2025-02-28 04:00:00,2.34,4.2
2025-02-28 05:00:00,2.09,4.2
2025-02-28 06:00:00,2.06,3.8
2025-02-28 07:00:00,1.83,3.7
2025-02-28 08:00:00,1.39,3.2
2025-02-28 09:00:00,2.01,3.4
2025-02-28 10:00:00,2.1,4.2
2025-02-28 11:00:00,1.88,4.6
2025-02-28 12:00:00,1.57,4.4
2025-02-28 13:00:00,1.16,4.3
2025-02-28 14:00:00,1.32,3.9
2025-02-28 15:00:00,1.68,4.6
2025-02-28 16:00:00,1.77,4.6
2025-02-28 17:00:00,2.17,4.9
2025-02-28 18:00:00,2.05,4.2
2025-02-28 19:00:00,2.62,4.5
2025-02-28 20:00:00,2.5,4.6
2025-02-28 21:00:00,2.06,4.4
2025-02-28 22:00:00,2.06,3.8
2025-02-28 23:00:00,2.02,4.0
2025-03-01 00:00:00,1.66,3.9
2025-03-01 01:00:00,1.74,3.8
2025-03-01 02:00:00,1.85,4.3
2025-03-01 03:00:00,2.29,5.0
2025-03-01 04:00:00,2.38,5.4
2025-03-01 05:00:00,2.41,5.4
2025-03-01 06:00:00,2.17,5.3
2025-03-01 07:00:00,2.25,4.9
2025-03-01 08:00:00,2.39,5.5
2025-03-01 09:00:00,1.98,5.3
2025-03-01 10:00:00,2.25,5.4
2025-03-01 11:00:00,1.9,5.9
2025-03-01 12:00:00,1.99,5.6
2025-03-01 13:00:00,2.25,6.0
2025-03-01 14:00:00,2.55,6.4
2025-03-01 15:00:00,3.25,7.6
2025-03-01 16:00:00,3.8,8.1
2025-03-01 17:00:00,4.2,8.6
2025-03-01 18:00:00,3.96,8.4
2025-03-01 19:00:00,4.02,7.8
2025-03-01 20:00:00,4.14,8.1
2025-03-01 21:00:00,4.25,8.4
2025-03-01 22:00:00,4.25,8.3
2025-03-01 23:00:00,4.44,8.7
2025-03-02 00:00:00,4.41,8.7
2025-03-02 01:00:00,4.67,9.2
2025-03-02 02:00:00,4.61,9.2
2025-03-02 03:00:00,4.79,9.5
2025-03-02 04:00:00,4.36,9.4
2025-03-02 05:00:00,4.09,8.5
2025-03-02 06:00:00,4.17,8.1
2025-03-02 07:00:00,4.4,8.6
2025-03-02 08:00:00,4.31,8.7
2025-03-02 09:00:00,4.3,8.6
2025-03-02 10:00:00,5.79,11.8
2025-03-02 11:00:00,6.12,12.7
2025-03-02 12:00:00,6.71,13.9
2025-03-02 13:00:00,7.52,15.6
2025-03-02 14:00:00,7.14,15.9
2025-03-02 15:00:00,8.19,17.3
2025-03-02 16:00:00,6.6,17.0
2025-03-02 17:00:00,6.75,15.1
2025-03-02 18:00:00,6.44,13.7
2025-03-02 19:00:00,5.71,12.8
2025-03-02 20:00:00,5.56,11.2
2025-03-02 21:00:00,5.47,10.9
2025-03-02 22:00:00,5.23,10.7
2025-03-02 23:00:00,5.33,10.4
2025-03-03 00:00:00,5.56,11.0
2025-03-03 01:00:00,5.9,11.7
2025-03-03 02:00:00,6.05,12.1
2025-03-03 03:00:00,6.01,12.5
2025-03-03 04:00:00,6.05,12.0
2025-03-03 05:00:00,6.3,12.6
2025-03-03 06:00:00,5.93,12.6
2025-03-03 07:00:00,5.83,11.9
2025-03-03 08:00:00,6.04,12.1
2025-03-03 09:00:00,5.99,12.3
2025-03-03 10:00:00,6.85,13.8
2025-03-03 11:00:00,7.9,15.5
2025-03-03 12:00:00,9.06,18.7
2025-03-03 13:00:00,8.01,18.5
2025-03-03 14:00:00,8.15,17.3
2025-03-03 15:00:00,7.35,16.5
2025-03-03 16:00:00,7.5,15.2
2025-03-03 17:00:00,6.91,15.7
2025-03-03 18:00:00,7.05,14.4
2025-03-03 19:00:00,6.95,14.2
2025-03-03 20:00:00,7.01,13.9
2025-03-03 21:00:00,7.08,14.1
2025-03-03 22:00:00,6.91,14.1
2025-03-03 23:00:00,7.02,14.1
2025-03-04 00:00:00,6.97,14.1
2025-03-04 01:00:00,7.08,14.0
2025-03-04 02:00:00,7.21,14.6
2025-03-04 03:00:00,7.32,14.6
2025-03-04 04:00:00,7.11,14.8
2025-03-04 05:00:00,7.05,14.2
2025-03-04 06:00:00,7.1,14.2
2025-03-04 07:00:00,7.3,14.7
2025-03-04 08:00:00,7.4,14.8
2025-03-04 09:00:00,7.41,15.0
2025-03-04 10:00:00,7.56,15.2
2025-03-04 11:00:00,8.47,16.7
2025-03-04 12:00:00,8.73,17.7
2025-03-04 13:00:00,8.6,18.3
2025-03-04 14:00:00,9.2,18.8
2025-03-04 15:00:00,8.13,17.8
2025-03-04 16:00:00,8.1,17.7
2025-03-04 17:00:00,6.7,17.7
2025-03-04 18:00:00,6.8,15.5
2025-03-04 19:00:00,6.26,13.5
2025-03-04 20:00:00,6.7,13.4
2025-03-04 21:00:00,6.58,13.5
2025-03-04 22:00:00,6.58,13.2
2025-03-04 23:00:00,7.06,14.2
2025-03-05 00:00:00,7.43,15.0
2025-03-05 01:00:00,7.67,15.4
2025-03-05 02:00:00,7.45,15.5
2025-03-05 03:00:00,7.68,15.6
2025-03-05 04:00:00,7.69,15.5
2025-03-05 05:00:00,7.62,15.8
2025-03-05 06:00:00,7.34,15.4
2025-03-05 07:00:00,7.18,14.7
2025-03-05 08:00:00,7.16,14.5
2025-03-05 09:00:00,7.07,14.5
2025-03-05 10:00:00,6.57,14.5
2025-03-05 11:00:00,7.25,14.4
2025-03-05 12:00:00,7.08,14.7
2025-03-05 13:00:00,10.12,19.9
2025-03-05 14:00:00,7.8,20.4
2025-03-05 15:00:00,8.12,16.8
2025-03-05 16:00:00,6.72,16.6
2025-03-05 17:00:00,6.85,14.3
2025-03-05 18:00:00,7.5,15.7
2025-03-05 19:00:00,7.62,15.3
2025-03-05 20:00:00,7.78,15.6
2025-03-05 21:00:00,7.35,15.6
2025-03-05 22:00:00,7.05,14.6
2025-03-05 23:00:00,7.04,14.1
2025-03-06 00:00:00,7.06,14.1
2025-03-06 01:00:00,6.95,14.0
2025-03-06 02:00:00,6.6,13.7
2025-03-06 03:00:00,6.54,13.4
2025-03-06 04:00:00,6.28,13.0
2025-03-06 05:00:00,6.28,12.5
2025-03-06 06:00:00,6.26,12.6
2025-03-06 07:00:00,6.02,12.5
2025-03-06 08:00:00,5.89,11.9
2025-03-06 09:00:00,6.17,12.1
2025-03-06 10:00:00,5.64,13.6
2025-03-06 11:00:00,5.88,12.3
2025-03-06 12:00:00,5.9,12.5
2025-03-06 13:00:00,5.71,12.5
2025-03-06 14:00:00,5.82,12.4
2025-03-06 15:00:00,5.06,12.0
2025-03-06 16:00:00,4.75,10.5
2025-03-06 17:00:00,4.62,9.8
2025-03-06 18:00:00,4.42,9.3
2025-03-06 19:00:00,4.05,8.5
2025-03-06 20:00:00,3.75,7.6
2025-03-06 21:00:00,3.47,7.0
2025-03-06 22:00:00,3.26,6.4
2025-03-06 23:00:00,3.29,6.0
2025-03-07 00:00:00,3.24,6.1
2025-03-07 01:00:00,3.29,6.0
2025-03-07 02:00:00,3.18,6.1
2025-03-07 03:00:00,2.96,6.3
2025-03-07 04:00:00,2.78,5.4
2025-03-07 05:00:00,2.37,5.0
2025-03-07 06:00:00,1.79,4.3
2025-03-07 07:00:00,1.63,3.4
2025-03-07 08:00:00,1.97,3.6
2025-03-07 09:00:00,2.56,4.5
2025-03-07 10:00:00,1.7,4.5
2025-03-07 11:00:00,1.63,4.6
2025-03-07 12:00:00,1.9,5.2
2025-03-07 13:00:00,2.49,6.2
2025-03-07 14:00:00,2.94,6.9
2025-03-07 15:00:00,2.95,6.6
2025-03-07 16:00:00,3.05,6.6
2025-03-07 17:00:00,2.55,6.3
2025-03-07 18:00:00,2.59,4.8
2025-03-07 19:00:00,3.03,5.1
2025-03-07 20:00:00,3.29,5.7
2025-03-07 21:00:00,3.29,5.8
2025-03-07 22:00:00,2.84,5.8
2025-03-07 23:00:00,2.91,5.0
2025-03-08 00:00:00,2.83,5.2
2025-03-08 01:00:00,2.76,5.0
2025-03-08 02:00:00,2.84,5.0
2025-03-08 03:00:00,2.8,5.3
2025-03-08 04:00:00,2.3,4.9
2025-03-08 05:00:00,2.18,4.1
2025-03-08 06:00:00,2.29,4.3
2025-03-08 07:00:00,1.75,4.0
2025-03-08 08:00:00,1.88,3.3
2025-03-08 09:00:00,2.25,3.7
2025-03-08 10:00:00,1.5,4.0
2025-03-08 11:00:00,1.21,3.9
2025-03-08 12:00:00,1.59,4.7
2025-03-08 13:00:00,1.59,4.9
2025-03-08 14:00:00,1.35,4.9
2025-03-08 15:00:00,0.96,4.3
2025-03-08 16:00:00,1.06,3.9
2025-03-08 17:00:00,1.1,3.6
2025-03-08 18:00:00,0.45,2.9
2025-03-08 19:00:00,0.38,0.7
2025-03-08 20:00:00,0.86,1.1
2025-03-08 21:00:00,1.48,2.5
2025-03-08 22:00:00,1.54,2.7
2025-03-08 23:00:00,1.59,2.7
2025-03-09 00:00:00,1.54,2.8
2025-03-09 01:00:00,1.6,2.9
2025-03-09 02:00:00,1.69,3.1
2025-03-09 03:00:00,1.43,2.9
2025-03-09 04:00:00,1.38,2.7
2025-03-09 05:00:00,1.39,2.6
2025-03-09 06:00:00,1.45,2.7
2025-03-09 07:00:00,1.46,2.7
2025-03-09 08:00:00,1.61,2.9
2025-03-09 09:00:00,2.42,4.1
2025-03-09 10:00:00,1.77,4.2
2025-03-09 11:00:00,1.43,4.2
2025-03-09 12:00:00,1.59,4.7
2025-03-09 13:00:00,1.74,5.1
2025-03-09 14:00:00,1.88,5.3
2025-03-09 15:00:00,2.12,5.4
2025-03-09 16:00:00,2.23,5.4
2025-03-09 17:00:00,2.23,5.3
2025-03-09 18:00:00,2.34,4.0
2025-03-09 19:00:00,3.08,5.2
2025-03-09 20:00:00,3.09,5.6
2025-03-09 21:00:00,2.71,5.4
2025-03-09 22:00:00,2.5,4.8
2025-03-09 23:00:00,2.43,4.4
2025-03-10 00:00:00,2.28,4.4
2025-03-10 01:00:00,2.16,4.1
2025-03-10 02:00:00,2.16,3.9
2025-03-10 03:00:00,2.02,3.9
2025-03-10 04:00:00,2.35,4.2
2025-03-10 05:00:00,2.59,4.7
2025-03-10 06:00:00,2.64,4.9
2025-03-10 07:00:00,2.8,5.0
2025-03-10 08:00:00,2.94,5.3
2025-03-10 09:00:00,2.83,5.5
2025-03-10 10:00:00,2.48,5.4
2025-03-10 11:00:00,2.32,5.5
2025-03-10 12:00:00,2.36,5.7
2025-03-10 13:00:00,2.8,6.8
2025-03-10 14:00:00,2.98,7.3
2025-03-10 15:00:00,3.35,7.7
2025-03-10 16:00:00,3.49,7.8
2025-03-10 17:00:00,3.54,7.8
2025-03-10 18:00:00,3.51,7.5
2025-03-10 19:00:00,3.85,7.2
2025-03-10 20:00:00,3.87,7.4
2025-03-10 21:00:00,4.16,8.5
2025-03-10 22:00:00,4.2,9.0
2025-03-10 23:00:00,4.04,8.5
2025-03-11 00:00:00,4.37,8.8
2025-03-11 01:00:00,4.1,8.8
2025-03-11 02:00:00,4.16,8.9
2025-03-11 03:00:00,3.9,8.7
2025-03-11 04:00:00,3.87,8.4
2025-03-11 05:00:00,3.91,8.3
2025-03-11 06:00:00,3.54,8.2
2025-03-11 07:00:00,3.61,7.7
2025-03-11 08:00:00,3.61,7.8
2025-03-11 09:00:00,3.08,7.7
2025-03-11 10:00:00,3.17,7.1
2025-03-11 11:00:00,2.92,7.2
2025-03-11 12:00:00,3.09,7.2
2025-03-11 13:00:00,3.15,7.5
2025-03-11 14:00:00,2.92,7.4
2025-03-11 15:00:00,2.86,6.8
2025-03-11 16:00:00,2.81,6.4
2025-03-11 17:00:00,2.36,6.1
2025-03-11 18:00:00,2.42,5.1
2025-03-11 19:00:00,2.15,5.0
2025-03-11 20:00:00,2.3,4.8
2025-03-11 21:00:00,2.04,4.9
2025-03-11 22:00:00,2.27,5.0
2025-03-11 23:00:00,2.6,5.8
2025-03-12 00:00:00,3.18,7.0
2025-03-12 01:00:00,3.44,7.2
2025-03-12 02:00:00,3.13,7.3
2025-03-12 03:00:00,2.93,6.4
2025-03-12 04:00:00,3.02,6.7
2025-03-12 05:00:00,2.72,6.4
2025-03-12 06:00:00,2.84,5.9
2025-03-12 07:00:00,2.73,6.0
2025-03-12 08:00:00,2.47,5.8
2025-03-12 09:00:00,2.32,5.2
2025-03-12 10:00:00,2.57,5.6
2025-03-12 11:00:00,3.03,6.6
2025-03-12 12:00:00,3.21,7.2
2025-03-12 13:00:00,3.0,7.1
2025-03-12 14:00:00,2.45,6.7
2025-03-12 15:00:00,2.04,5.5
2025-03-12 16:00:00,1.93,4.4
2025-03-12 17:00:00,1.71,4.1
2025-03-12 18:00:00,1.9,4.0
2025-03-12 19:00:00,1.49,3.9
2025-03-12 20:00:00,1.68,3.2
2025-03-12 21:00:00,1.84,3.3
2025-03-12 22:00:00,1.81,3.6
2025-03-12 23:00:00,1.9,3.7
2025-03-13 00:00:00,1.75,3.7
2025-03-13 01:00:00,1.84,3.4
2025-03-13 02:00:00,1.99,4.0
2025-03-13 03:00:00,1.68,3.4
2025-03-13 04:00:00,1.94,3.7
2025-03-13 05:00:00,2.26,4.5
2025-03-13 06:00:00,2.06,4.5
2025-03-13 07:00:00,2.45,4.8
2025-03-13 08:00:00,2.86,5.6
2025-03-13 09:00:00,2.83,6.3
2025-03-13 10:00:00,2.89,6.6
2025-03-13 11:00:00,2.53,6.6
2025-03-13 12:00:00,2.01,6.3
2025-03-13 13:00:00,2.19,6.1
2025-03-13 14:00:00,2.14,6.1
2025-03-13 15:00:00,2.13,5.7
2025-03-13 16:00:00,2.48,6.1
2025-03-13 17:00:00,2.52,6.2
2025-03-13 18:00:00,2.86,6.5
2025-03-13 19:00:00,2.56,6.3
2025-03-13 20:00:00,2.87,5.4
2025-03-13 21:00:00,2.99,6.2
2025-03-13 22:00:00,2.85,5.9
2025-03-13 23:00:00,2.75,6.1
2025-03-14 00:00:00,3.18,6.9
2025-03-14 01:00:00,2.94,6.9
2025-03-14 02:00:00,2.62,6.3
2025-03-14 03:00:00,2.3,5.9
2025-03-14 04:00:00,2.0,5.1
2025-03-14 05:00:00,1.91,4.4
2025-03-14 06:00:00,1.84,4.2
2025-03-14 07:00:00,1.89,4.4
2025-03-14 08:00:00,1.97,4.5
2025-03-14 09:00:00,1.98,4.6
2025-03-14 10:00:00,1.74,4.6
2025-03-14 11:00:00,1.06,4.5
2025-03-14 12:00:00,0.47,3.7
2025-03-14 13:00:00,0.14,3.3
2025-03-14 14:00:00,0.6,3.8
2025-03-14 15:00:00,0.51,3.8
2025-03-14 16:00:00,0.42,3.5
2025-03-14 17:00:00,0.56,3.0
2025-03-14 18:00:00,0.79,2.5
2025-03-14 19:00:00,1.63,3.0
2025-03-14 20:00:00,1.79,3.6
2025-03-14 21:00:00,1.13,3.5
2025-03-14 22:00:00,0.95,2.1
2025-03-14 23:00:00,1.17,2.5
2025-03-15 00:00:00,0.46,2.2
2025-03-15 01:00:00,0.11,1.1
2025-03-15 02:00:00,0.21,0.9
2025-03-15 03:00:00,0.25,1.3
2025-03-15 04:00:00,0.35,1.2
2025-03-15 05:00:00,0.5,1.5
2025-03-15 06:00:00,0.7,1.7
2025-03-15 07:00:00,0.76,1.8
2025-03-15 08:00:00,0.9,1.9
2025-03-15 09:00:00,1.21,3.1
2025-03-15 10:00:00,1.8,4.7
2025-03-15 11:00:00,3.01,7.2
2025-03-15 12:00:00,3.47,8.3
2025-03-15 13:00:00,3.79,8.9
2025-03-15 14:00:00,4.18,9.6
2025-03-15 15:00:00,4.98,10.8
2025-03-15 16:00:00,5.03,10.8
2025-03-15 17:00:00,5.0,10.7
2025-03-15 18:00:00,4.38,10.3
2025-03-15 19:00:00,4.09,8.7
2025-03-15 20:00:00,4.23,8.2
2025-03-15 21:00:00,4.42,8.6
2025-03-15 22:00:00,4.61,9.1
2025-03-15 23:00:00,4.45,9.0
2025-03-16 00:00:00,4.66,9.1
2025-03-16 01:00:00,4.87,9.7
2025-03-16 02:00:00,5.01,9.8
2025-03-16 03:00:00,4.85,9.9
2025-03-16 04:00:00,4.87,9.6
2025-03-16 05:00:00,4.75,9.8
2025-03-16 06:00:00,4.35,9.4
2025-03-16 07:00:00,4.16,8.6
2025-03-16 08:00:00,4.09,8.1
2025-03-16 09:00:00,3.7,7.9
2025-03-16 10:00:00,3.63,7.4
2025-03-16 11:00:00,3.36,8.0
2025-03-16 12:00:00,2.95,7.1
2025-03-16 13:00:00,3.57,8.1
2025-03-16 14:00:00,5.25,11.3
2025-03-16 15:00:00,4.64,9.7
2025-03-16 16:00:00,4.96,10.4
2025-03-16 17:00:00,5.26,10.9
2025-03-16 18:00:00,5.4,11.7
2025-03-16 19:00:00,4.59,10.9
2025-03-16 20:00:00,4.89,9.9
2025-03-16 21:00:00,4.94,10.0
2025-03-16 22:00:00,5.36,10.8
2025-03-16 23:00:00,5.4,11.1
2025-03-17 00:00:00,5.03,10.9
2025-03-17 01:00:00,4.48,10.1
2025-03-17 02:00:00,3.83,9.0
2025-03-17 03:00:00,3.13,7.0
2025-03-17 04:00:00,3.1,6.4
2025-03-17 05:00:00,2.96,6.3
2025-03-17 06:00:00,2.84,6.0
2025-03-17 07:00:00,2.69,5.7
2025-03-17 08:00:00,2.52,5.4
2025-03-17 09:00:00,2.46,5.7
2025-03-17 10:00:00,2.33,6.0
2025-03-17 11:00:00,2.37,6.3
2025-03-17 12:00:00,2.82,7.1
2025-03-17 13:00:00,3.43,8.3
2025-03-17 14:00:00,3.82,9.0
2025-03-17 15:00:00,4.23,9.7
2025-03-17 16:00:00,4.74,10.3
2025-03-17 17:00:00,5.57,11.4
2025-03-17 18:00:00,5.19,12.0
2025-03-17 19:00:00,4.27,10.5
2025-03-17 20:00:00,3.87,8.5
2025-03-17 21:00:00,4.05,8.0
2025-03-17 22:00:00,4.2,8.2
2025-03-17 23:00:00,4.2,8.3
2025-03-18 00:00:00,4.31,8.4
2025-03-18 01:00:00,4.24,8.4
2025-03-18 02:00:00,4.09,8.2
2025-03-18 03:00:00,4.02,7.9
2025-03-18 04:00:00,4.05,7.8
2025-03-18 05:00:00,3.44,7.7
2025-03-18 06:00:00,3.09,6.5
2025-03-18 07:00:00,3.03,6.0
2025-03-18 08:00:00,3.08,5.8
2025-03-18 09:00:00,2.55,5.8
2025-03-18 10:00:00,2.52,6.2
2025-03-18 11:00:00,2.46,6.3
2025-03-18 12:00:00,2.76,6.9
2025-03-18 13:00:00,3.46,8.1
2025-03-18 14:00:00,3.91,9.0
2025-03-18 15:00:00,3.87,8.9
2025-03-18 16:00:00,4.35,9.3
2025-03-18 17:00:00,4.34,9.5
2025-03-18 18:00:00,4.44,8.8
2025-03-18 19:00:00,4.33,8.7
2025-03-18 20:00:00,4.12,8.2
2025-03-18 21:00:00,3.86,7.9
2025-03-18 22:00:00,3.81,7.3
2025-03-18 23:00:00,3.7,7.2
2025-03-19 00:00:00,3.64,7.1
2025-03-19 01:00:00,3.52,6.9
2025-03-19 02:00:00,3.51,6.7
2025-03-19 03:00:00,3.72,7.6
2025-03-19 04:00:00,3.78,7.1
2025-03-19 05:00:00,3.78,7.3
2025-03-19 06:00:00,3.56,7.3
2025-03-19 07:00:00,3.25,6.8
2025-03-19 08:00:00,3.75,7.2
2025-03-19 09:00:00,4.03,8.6
2025-03-19 10:00:00,3.75,8.6
2025-03-19 11:00:00,4.1,8.9
2025-03-19 12:00:00,4.1,9.2
2025-03-19 13:00:00,3.26,9.2
2025-03-19 14:00:00,3.13,7.9
2025-03-19 15:00:00,3.39,8.1
2025-03-19 16:00:00,3.57,8.1
2025-03-19 17:00:00,3.71,8.1
2025-03-19 18:00:00,3.35,8.0
2025-03-19 19:00:00,3.2,6.5
2025-03-19 20:00:00,3.26,6.0
2025-03-19 21:00:00,3.21,6.0
2025-03-19 22:00:00,3.06,5.9
2025-03-19 23:00:00,2.87,5.7
2025-03-20 00:00:00,2.62,5.2
2025-03-20 01:00:00,2.44,4.9
2025-03-20 02:00:00,2.27,4.5
2025-03-20 03:00:00,2.08,4.1
2025-03-20 04:00:00,1.99,3.9
2025-03-20 05:00:00,2.02,3.8
2025-03-20 06:00:00,1.95,3.8
2025-03-20 07:00:00,1.98,3.8
2025-03-20 08:00:00,2.62,4.5
2025-03-20 09:00:00,2.37,5.1
2025-03-20 10:00:00,2.02,5.0
2025-03-20 11:00:00,2.29,5.4
2025-03-20 12:00:00,2.76,6.3
2025-03-20 13:00:00,2.91,6.7
2025-03-20 14:00:00,3.05,7.0
2025-03-20 15:00:00,3.86,8.6
2025-03-20 16:00:00,3.84,8.4
2025-03-20 17:00:00,3.41,8.1
2025-03-20 18:00:00,3.27,6.7
2025-03-20 19:00:00,3.34,6.1
2025-03-20 20:00:00,3.35,6.1
2025-03-20 21:00:00,2.99,5.9
2025-03-20 22:00:00,2.52,5.3
2025-03-20 23:00:00,2.23,4.5
2025-03-21 00:00:00,1.96,4.1
2025-03-21 01:00:00,1.66,3.7
2025-03-21 02:00:00,1.9,3.6
2025-03-21 03:00:00,2.0,4.0
2025-03-21 04:00:00,2.48,4.5
2025-03-21 05:00:00,2.93,5.3
2025-03-21 06:00:00,2.91,5.4
2025-03-21 07:00:00,2.87,5.4
2025-03-21 08:00:00,3.04,5.6
2025-03-21 09:00:00,2.65,5.7
2025-03-21 10:00:00,2.78,6.6
2025-03-21 11:00:00,2.82,7.0
2025-03-21 12:00:00,2.98,7.3
2025-03-21 13:00:00,3.51,8.2
2025-03-21 14:00:00,3.75,8.6
2025-03-21 15:00:00,3.75,8.5
2025-03-21 16:00:00,3.8,8.4
2025-03-21 17:00:00,3.7,8.2
2025-03-21 18:00:00,3.5,7.4
2025-03-21 19:00:00,3.51,6.8
2025-03-21 20:00:00,3.81,7.1
2025-03-21 21:00:00,3.97,7.5
2025-03-21 22:00:00,3.81,7.5
2025-03-21 23:00:00,3.8,7.3
2025-03-22 00:00:00,3.92,7.5
2025-03-22 01:00:00,3.85,7.5
2025-03-22 02:00:00,3.59,7.4
2025-03-22 03:00:00,3.8,7.6
2025-03-22 04:00:00,3.87,7.5
2025-03-22 05:00:00,3.99,7.7
2025-03-22 06:00:00,4.16,8.0
2025-03-22 07:00:00,4.19,8.2
2025-03-22 08:00:00,4.14,8.1
2025-03-22 09:00:00,3.35,8.0
2025-03-22 10:00:00,3.55,8.0
2025-03-22 11:00:00,3.77,8.6
2025-03-22 12:00:00,4.49,10.0
2025-03-22 13:00:00,4.65,10.4
2025-03-22 14:00:00,4.89,10.9
2025-03-22 15:00:00,5.09,11.2
2025-03-22 16:00:00,5.26,11.4
2025-03-22 17:00:00,5.26,11.3
2025-03-22 18:00:00,5.05,11.0
2025-03-22 19:00:00,5.27,10.5
2025-03-22 20:00:00,5.41,10.8
2025-03-22 21:00:00,5.42,10.7
2025-03-22 22:00:00,5.65,11.1
2025-03-22 23:00:00,5.56,11.1
2025-03-23 00:00:00,5.11,10.9
2025-03-23 01:00:00,5.05,10.0
2025-03-23 02:00:00,4.95,9.9
2025-03-23 03:00:00,4.85,9.8
2025-03-23 04:00:00,4.85,9.6
2025-03-23 05:00:00,4.9,9.6
2025-03-23 06:00:00,5.1,9.9
2025-03-23 07:00:00,5.4,10.6
2025-03-23 08:00:00,5.56,11.0
2025-03-23 09:00:00,4.61,11.2
2025-03-23 10:00:00,5.3,11.3
2025-03-23 11:00:00,5.66,12.2
2025-03-23 12:00:00,5.77,12.5
2025-03-23 13:00:00,5.73,12.7
2025-03-23 14:00:00,5.68,12.6
2025-03-23 15:00:00,5.9,12.8
2025-03-23 16:00:00,5.95,12.8
2025-03-23 17:00:00,5.75,12.7
2025-03-23 18:00:00,5.36,12.1
2025-03-23 19:00:00,5.4,10.9
2025-03-23 20:00:00,5.5,10.9
2025-03-23 21:00:00,5.4,10.9
2025-03-23 22:00:00,4.96,10.7
2025-03-23 23:00:00,4.18,9.7
2025-03-24 00:00:00,3.46,8.1
2025-03-24 01:00:00,3.32,6.6
2025-03-24 02:00:00,3.28,6.3
2025-03-24 03:00:00,2.99,6.5
2025-03-24 04:00:00,2.97,5.7
2025-03-24 05:00:00,2.89,5.7
2025-03-24 06:00:00,2.75,5.4
2025-03-24 07:00:00,2.53,5.1
2025-03-24 08:00:00,2.5,4.7
2025-03-24 09:00:00,1.77,4.5
2025-03-24 10:00:00,1.35,4.4
2025-03-24 11:00:00,0.98,4.3
2025-03-24 12:00:00,0.9,4.1
2025-03-24 13:00:00,1.2,4.6
2025-03-24 14:00:00,1.88,5.6
2025-03-24 15:00:00,2.45,6.2
2025-03-24 16:00:00,2.17,6.2
2025-03-24 17:00:00,1.88,5.1
2025-03-24 18:00:00,1.23,3.6
2025-03-24 19:00:00,1.74,2.4
2025-03-24 20:00:00,4.3,7.7
2025-03-24 21:00:00,3.52,7.7
2025-03-24 22:00:00,3.33,6.5
2025-03-24 23:00:00,3.36,6.1
2025-03-25 00:00:00,3.36,6.3
2025-03-25 01:00:00,3.85,7.0
2025-03-25 02:00:00,3.83,7.3
2025-03-25 03:00:00,3.93,7.4
2025-03-25 04:00:00,3.92,7.4
2025-03-25 05:00:00,3.92,7.4
2025-03-25 06:00:00,3.97,7.5
2025-03-25 07:00:00,3.91,7.8
2025-03-25 08:00:00,3.86,7.5
2025-03-25 09:00:00,3.93,7.5
2025-03-25 10:00:00,3.89,7.6
2025-03-25 11:00:00,3.59,7.7
2025-03-25 12:00:00,3.86,8.1
2025-03-25 13:00:00,4.9,9.9
2025-03-25 14:00:00,5.66,11.9
2025-03-25 15:00:00,4.67,9.1
2025-03-25 16:00:00,4.67,9.5
2025-03-25 17:00:00,5.08,11.0
2025-03-25 18:00:00,4.2,10.1
2025-03-25 19:00:00,4.23,8.2
2025-03-25 20:00:00,4.09,8.2
2025-03-25 21:00:00,3.89,7.9
2025-03-25 22:00:00,3.61,7.5
2025-03-25 23:00:00,3.28,6.8
2025-03-26 00:00:00,3.25,6.1
2025-03-26 01:00:00,3.32,6.1
2025-03-26 02:00:00,3.16,6.1
2025-03-26 03:00:00,2.85,5.6
2025-03-26 04:00:00,3.0,5.5
2025-03-26 05:00:00,2.61,5.4
2025-03-26 06:00:00,2.2,4.7
2025-03-26 07:00:00,2.4,4.2
2025-03-26 08:00:00,2.74,4.9
2025-03-26 09:00:00,2.45,5.6
2025-03-26 10:00:00,2.3,5.6
2025-03-26 11:00:00,2.4,5.5
2025-03-26 12:00:00,2.62,5.8
2025-03-26 13:00:00,3.28,7.1
2025-03-26 14:00:00,3.4,7.2
2025-03-26 15:00:00,4.66,10.4
2025-03-26 16:00:00,4.24,10.5
2025-03-26 17:00:00,3.94,9.4
2025-03-26 18:00:00,3.03,8.5
2025-03-26 19:00:00,2.14,5.9
2025-03-26 20:00:00,1.61,3.7
2025-03-26 21:00:00,0.72,2.7
2025-03-26 22:00:00,0.34,1.2
2025-03-26 23:00:00,0.35,0.9
2025-03-27 00:00:00,1.03,1.8
2025-03-27 01:00:00,1.58,2.7
2025-03-27 02:00:00,1.81,3.4
2025-03-27 03:00:00,2.34,4.7
2025-03-27 04:00:00,2.34,4.3
2025-03-27 05:00:00,2.66,4.8
2025-03-27 06:00:00,2.94,5.4
2025-03-27 07:00:00,3.15,5.8
2025-03-27 08:00:00,3.43,6.3
2025-03-27 09:00:00,3.91,8.0
2025-03-27 10:00:00,4.38,9.2
2025-03-27 11:00:00,4.76,9.4
2025-03-27 12:00:00,5.61,11.4
2025-03-27 13:00:00,5.91,12.0
2025-03-27 14:00:00,5.74,12.3
2025-03-27 15:00:00,6.11,12.6
2025-03-27 16:00:00,5.55,13.1
2025-03-27 17:00:00,4.82,11.9
2025-03-27 18:00:00,4.13,9.4
2025-03-27 19:00:00,4.37,8.9
2025-03-27 20:00:00,3.96,8.6
2025-03-27 21:00:00,3.88,7.6
2025-03-27 22:00:00,4.01,7.6
2025-03-27 23:00:00,4.02,7.7
2025-03-28 00:00:00,4.19,8.1
2025-03-28 01:00:00,4.0,8.1
2025-03-28 02:00:00,3.71,7.6
2025-03-28 03:00:00,3.76,7.1
2025-03-28 04:00:00,3.68,7.1
2025-03-28 05:00:00,3.48,7.0
2025-03-28 06:00:00,3.4,6.7
2025-03-28 07:00:00,3.69,7.1
2025-03-28 08:00:00,3.57,7.8
2025-03-28 09:00:00,4.88,9.7
2025-03-28 10:00:00,5.77,11.8
2025-03-28 11:00:00,4.37,12.1
2025-03-28 12:00:00,4.76,10.7
2025-03-28 13:00:00,4.9,10.9
2025-03-28 14:00:00,5.12,11.3
2025-03-28 15:00:00,5.1,11.3
2025-03-28 16:00:00,5.02,11.1
2025-03-28 17:00:00,4.79,10.7
2025-03-28 18:00:00,3.92,9.8
2025-03-28 19:00:00,3.71,7.7
2025-03-28 20:00:00,4.04,7.5
2025-03-28 21:00:00,3.91,7.6
2025-03-28 22:00:00,3.7,7.3
2025-03-28 23:00:00,3.66,7.0
2025-03-29 00:00:00,3.41,6.9
2025-03-29 01:00:00,2.85,6.3
2025-03-29 02:00:00,2.65,5.2
2025-03-29 03:00:00,2.1,4.5
2025-03-29 04:00:00,1.7,3.9
2025-03-29 05:00:00,1.16,3.2
2025-03-29 06:00:00,0.47,2.1
2025-03-29 07:00:00,1.17,2.0
2025-03-29 08:00:00,1.37,2.3
2025-03-29 09:00:00,0.56,2.6
2025-03-29 10:00:00,0.68,3.4
2025-03-29 11:00:00,1.17,4.3
2025-03-29 12:00:00,1.5,5.0
2025-03-29 13:00:00,3.22,7.5
2025-03-29 14:00:00,4.16,9.2
2025-03-29 15:00:00,4.08,9.5
2025-03-29 16:00:00,3.5,9.0
2025-03-29 17:00:00,3.65,7.8
2025-03-29 18:00:00,3.6,7.9
2025-03-29 19:00:00,3.96,7.6
2025-03-29 20:00:00,3.65,7.8
2025-03-29 21:00:00,2.95,6.9
2025-03-29 22:00:00,3.05,5.5
2025-03-29 23:00:00,2.51,5.6
2025-03-30 00:00:00,2.56,4.9
2025-03-30 01:00:00,2.24,4.7
2025-03-30 02:00:00,2.3,4.3
2025-03-30 03:00:00,1.54,4.4
2025-03-30 04:00:00,2.05,3.8
2025-03-30 05:00:00,2.71,5.0
2025-03-30 06:00:00,2.87,5.4
2025-03-30 07:00:00,2.9,5.4
2025-03-30 08:00:00,3.36,6.4
2025-03-30 09:00:00,3.24,6.3
2025-03-30 10:00:00,4.8,9.0
2025-03-30 11:00:00,5.0,11.3
2025-03-30 12:00:00,4.48,10.3
2025-03-30 13:00:00,5.18,10.8
2025-03-30 14:00:00,4.84,11.5
2025-03-30 15:00:00,5.3,11.2
2025-03-30 16:00:00,4.29,10.8
2025-03-30 17:00:00,3.54,9.0
2025-03-30 18:00:00,2.56,7.6
2025-03-30 19:00:00,2.02,5.5
2025-03-30 20:00:00,1.7,4.0
2025-03-30 21:00:00,0.95,3.2
2025-03-30 22:00:00,1.24,2.2
2025-03-30 23:00:00,2.22,3.9
2025-03-31 00:00:00,2.62,5.0
2025-03-31 01:00:00,2.96,5.5
2025-03-31 02:00:00,3.29,6.8
2025-03-31 03:00:00,2.65,5.2
2025-03-31 04:00:00,3.15,6.0
2025-03-31 05:00:00,3.42,6.5
2025-03-31 06:00:00,3.71,7.1
2025-03-31 07:00:00,3.44,7.3
2025-03-31 08:00:00,3.33,6.7
2025-03-31 09:00:00,3.67,7.9
2025-03-31 10:00:00,3.14,7.7
2025-03-31 11:00:00,3.0,7.5
2025-03-31 12:00:00,3.13,7.7
2025-03-31 13:00:00,3.58,8.5
2025-03-31 14:00:00,3.73,8.9
2025-03-31 15:00:00,3.59,8.5
2025-03-31 16:00:00,4.27,9.4
2025-03-31 17:00:00,4.33,9.5
2025-03-31 18:00:00,3.6,9.3
2025-03-31 19:00:00,2.36,6.9
2025-03-31 20:00:00,2.47,4.3
2025-03-31 21:00:00,2.57,4.5
2025-03-31 22:00:00,2.71,5.1
2025-03-31 23:00:00,2.37,4.8
2025-04-01 00:00:00,2.29,4.3
2025-04-01 01:00:00,2.26,4.3
2025-04-01 02:00:00,2.27,4.3
2025-04-01 03:00:00,2.3,4.3
2025-04-01 04:00:00,2.69,4.9
2025-04-01 05:00:00,2.76,5.1
2025-04-01 06:00:00,2.56,5.1
2025-04-01 07:00:00,2.06,4.7
2025-04-01 08:00:00,2.58,4.6
2025-04-01 09:00:00,1.72,4.7
2025-04-01 10:00:00,1.47,4.6
2025-04-01 11:00:00,2.29,6.0
2025-04-01 12:00:00,2.74,7.0
2025-04-01 13:00:00,2.78,7.2
2025-04-01 14:00:00,2.86,7.2
2025-04-01 15:00:00,2.51,6.7
2025-04-01 16:00:00,2.26,6.5
2025-04-01 17:00:00,2.09,5.8
2025-04-01 18:00:00,1.8,5.0
2025-04-01 19:00:00,2.33,3.8
2025-04-01 20:00:00,2.08,4.2
2025-04-01 21:00:00,2.59,4.3
2025-04-01 22:00:00,2.37,4.8
2025-04-01 23:00:00,1.63,4.2
2025-04-02 00:00:00,1.48,2.9
2025-04-02 01:00:00,1.34,2.5
2025-04-02 02:00:00,1.44,2.5
2025-04-02 03:00:00,1.57,2.9
2025-04-02 04:00:00,1.52,2.9
2025-04-02 05:00:00,1.17,2.7
2025-04-02 06:00:00,1.11,2.2
2025-04-02 07:00:00,0.85,2.1
2025-04-02 08:00:00,1.6,2.6
2025-04-02 09:00:00,1.3,3.5
2025-04-02 10:00:00,1.0,3.7
2025-04-02 11:00:00,1.31,4.5
2025-04-02 12:00:00,1.44,4.9
2025-04-02 13:00:00,1.31,4.9
2025-04-02 14:00:00,1.09,4.7
2025-04-02 15:00:00,1.25,4.5
2025-04-02 16:00:00,1.45,4.4
2025-04-02 17:00:00,1.55,4.4
2025-04-02 18:00:00,1.57,4.0
2025-04-02 19:00:00,1.95,3.0
2025-04-02 20:00:00,1.7,3.2
2025-04-02 21:00:00,1.63,3.1
2025-04-02 22:00:00,0.85,2.6
2025-04-02 23:00:00,0.46,1.3
2025-04-03 00:00:00,0.92,1.8
2025-04-03 01:00:00,0.87,1.8
2025-04-03 02:00:00,0.68,1.7
2025-04-03 03:00:00,0.32,1.2
2025-04-03 04:00:00,0.25,0.8
2025-04-03 05:00:00,0.28,0.7
2025-04-03 06:00:00,0.4,0.9
2025-04-03 07:00:00,0.55,1.3
2025-04-03 08:00:00,1.35,2.7
2025-04-03 09:00:00,1.33,3.5
2025-04-03 10:00:00,1.29,4.0
2025-04-03 11:00:00,2.15,5.6
2025-04-03 12:00:00,3.06,7.4
2025-04-03 13:00:00,3.56,8.4
2025-04-03 14:00:00,3.86,8.9
2025-04-03 15:00:00,4.16,9.3
2025-04-03 16:00:00,4.21,9.4
2025-04-03 17:00:00,4.13,9.2
2025-04-03 18:00:00,3.78,8.7
2025-04-03 19:00:00,3.54,7.3
2025-04-03 20:00:00,3.71,6.5
2025-04-03 21:00:00,3.55,6.7
2025-04-03 22:00:00,3.46,6.4
2025-04-03 23:00:00,3.32,6.2
2025-04-04 00:00:00,3.17,5.9
2025-04-04 01:00:00,3.22,5.9
2025-04-04 02:00:00,3.3,5.9
2025-04-04 03:00:00,3.79,6.9
2025-04-04 04:00:00,3.57,7.0
2025-04-04 05:00:00,2.87,6.5
2025-04-04 06:00:00,2.62,5.3
2025-04-04 07:00:00,2.89,5.3
2025-04-04 08:00:00,3.09,6.2
2025-04-04 09:00:00,3.83,8.0
2025-04-04 10:00:00,4.0,9.1
2025-04-04 11:00:00,3.61,9.0
2025-04-04 12:00:00,2.99,8.4
2025-04-04 13:00:00,2.86,7.5
2025-04-04 14:00:00,3.01,7.8
2025-04-04 15:00:00,2.89,7.7
2025-04-04 16:00:00,2.49,7.4
2025-04-04 17:00:00,2.47,6.5
2025-04-04 18:00:00,2.71,6.1
2025-04-04 19:00:00,3.56,6.8
2025-04-04 20:00:00,3.81,7.5
2025-04-04 21:00:00,3.4,7.3
2025-04-04 22:00:00,3.45,6.9
2025-04-04 23:00:00,3.35,6.9
2025-04-05 00:00:00,3.36,6.8
2025-04-05 01:00:00,3.63,6.9
2025-04-05 02:00:00,4.4,8.6
2025-04-05 03:00:00,4.82,10.1
2025-04-05 04:00:00,4.3,9.7
2025-04-05 05:00:00,4.25,8.7
2025-04-05 06:00:00,4.9,9.3
2025-04-05 07:00:00,5.37,10.6
2025-04-05 08:00:00,4.86,10.8
2025-04-05 09:00:00,6.6,14.1
2025-04-05 10:00:00,6.45,14.0
2025-04-05 11:00:00,6.3,14.3
2025-04-05 12:00:00,6.33,14.2
2025-04-05 13:00:00,6.15,13.9
2025-04-05 14:00:00,5.98,13.6
2025-04-05 15:00:00,5.71,12.8
2025-04-05 16:00:00,5.67,12.6
2025-04-05 17:00:00,5.76,12.9
2025-04-05 18:00:00,5.8,12.4
2025-04-05 19:00:00,4.59,13.2
2025-04-05 20:00:00,4.47,9.4
2025-04-05 21:00:00,3.96,9.1
2025-04-05 22:00:00,3.78,8.1
2025-04-05 23:00:00,3.43,7.7
2025-04-06 00:00:00,2.67,6.9
2025-04-06 01:00:00,2.17,5.5
2025-04-06 02:00:00,2.35,4.6
2025-04-06 03:00:00,2.05,4.4
2025-04-06 04:00:00,2.24,4.6
2025-04-06 05:00:00,2.1,4.7
2025-04-06 06:00:00,2.12,4.4
2025-04-06 07:00:00,2.34,4.5
2025-04-06 08:00:00,2.19,5.0
2025-04-06 09:00:00,2.3,5.8
2025-04-06 10:00:00,2.65,6.6
2025-04-06 11:00:00,2.92,7.0
2025-04-06 12:00:00,3.17,7.3
2025-04-06 13:00:00,3.83,8.6
2025-04-06 14:00:00,4.79,10.1
2025-04-06 15:00:00,5.09,12.2
2025-04-06 16:00:00,4.61,11.0
2025-04-06 17:00:00,3.44,9.6
2025-04-06 18:00:00,2.59,6.7
2025-04-06 19:00:00,1.35,4.8
2025-04-06 20:00:00,0.87,2.0
2025-04-06 21:00:00,1.72,2.9
2025-04-06 22:00:00,2.41,4.3
2025-04-06 23:00:00,3.15,5.8
2025-04-07 00:00:00,2.96,5.8
2025-04-07 01:00:00,2.39,5.5
2025-04-07 02:00:00,2.06,4.6
2025-04-07 03:00:00,2.2,5.1
2025-04-07 04:00:00,1.72,4.2
2025-04-07 05:00:00,1.77,3.5
2025-04-07 06:00:00,1.9,3.9
2025-04-07 07:00:00,2.01,3.9
2025-04-07 08:00:00,1.94,4.2
2025-04-07 09:00:00,2.01,5.0
2025-04-07 10:00:00,2.2,5.5
2025-04-07 11:00:00,2.9,6.7
2025-04-07 12:00:00,3.06,7.5
2025-04-07 13:00:00,3.46,8.3
2025-04-07 14:00:00,3.51,8.6
2025-04-07 15:00:00,3.58,8.7
2025-04-07 16:00:00,3.15,8.2
2025-04-07 17:00:00,2.87,7.1
2025-04-07 18:00:00,2.4,6.5
2025-04-07 19:00:00,1.82,4.8
2025-04-07 20:00:00,1.76,3.3
2025-04-07 21:00:00,1.52,3.1
2025-04-07 22:00:00,1.52,2.8
2025-04-07 23:00:00,1.75,3.1
2025-04-08 00:00:00,1.94,3.5
2025-04-08 01:00:00,1.78,4.0
2025-04-08 02:00:00,1.37,3.2
2025-04-08 03:00:00,0.6,2.0
2025-04-08 04:00:00,0.3,1.4
2025-04-08 05:00:00,0.25,0.9
2025-04-08 06:00:00,0.32,1.0
2025-04-08 07:00:00,0.96,2.1
2025-04-08 08:00:00,1.27,3.3
2025-04-08 09:00:00,1.27,3.8
2025-04-08 10:00:00,1.75,5.1
2025-04-08 11:00:00,2.7,6.9
2025-04-08 12:00:00,2.97,7.6
2025-04-08 13:00:00,2.74,7.6
2025-04-08 14:00:00,2.42,7.3
2025-04-08 15:00:00,1.95,5.9
2025-04-08 16:00:00,2.76,6.5
2025-04-08 17:00:00,4.12,8.6
2025-04-08 18:00:00,3.43,8.8
2025-04-08 19:00:00,1.92,6.5
2025-04-08 20:00:00,1.71,3.5
2025-04-08 21:00:00,2.82,4.9
2025-04-08 22:00:00,1.74,5.0
2025-04-08 23:00:00,1.56,3.0
2025-04-09 00:00:00,2.2,3.8
2025-04-09 01:00:00,2.98,5.4
2025-04-09 02:00:00,3.06,5.6
2025-04-09 03:00:00,2.88,5.8
2025-04-09 04:00:00,2.86,5.5
2025-04-09 05:00:00,3.24,5.9
2025-04-09 06:00:00,3.25,6.1
2025-04-09 07:00:00,3.56,6.7
2025-04-09 08:00:00,3.14,6.9
2025-04-09 09:00:00,3.88,8.4
2025-04-09 10:00:00,3.89,9.2
2025-04-09 11:00:00,4.31,9.9
2025-04-09 12:00:00,5.3,11.6
2025-04-09 13:00:00,5.21,11.9
2025-04-09 14:00:00,5.12,11.6
2025-04-09 15:00:00,5.63,12.2
2025-04-09 16:00:00,5.99,12.9
2025-04-09 17:00:00,6.47,13.6
2025-04-09 18:00:00,5.88,13.6
2025-04-09 19:00:00,5.58,12.2
2025-04-09 20:00:00,4.93,11.3
2025-04-09 21:00:00,4.12,9.8
2025-04-09 22:00:00,4.09,8.2
2025-04-09 23:00:00,3.64,8.1
2025-04-10 00:00:00,2.18,7.1
2025-04-10 01:00:00,1.98,4.2
2025-04-10 02:00:00,2.1,4.3
2025-04-10 03:00:00,2.01,4.1
2025-04-10 04:00:00,2.53,4.9
2025-04-10 05:00:00,2.52,5.0
2025-04-10 06:00:00,2.22,4.9
2025-04-10 07:00:00,2.04,4.4
2025-04-10 08:00:00,2.11,4.7
2025-04-10 09:00:00,1.9,5.0
2025-04-10 10:00:00,2.05,5.8
2025-04-10 11:00:00,2.69,7.1
2025-04-10 12:00:00,3.16,8.1
2025-04-10 13:00:00,3.53,8.6
2025-04-10 14:00:00,4.0,9.3
2025-04-10 15:00:00,4.96,11.1
2025-04-10 16:00:00,6.05,12.8
2025-04-10 17:00:00,5.96,13.3
2025-04-10 18:00:00,5.59,12.6
2025-04-10 19:00:00,5.46,11.5
2025-04-10 20:00:00,5.01,10.8
2025-04-10 21:00:00,5.39,10.6
2025-04-10 22:00:00,5.18,10.6
2025-04-10 23:00:00,4.32,10.3
2025-04-11 00:00:00,4.78,9.3
2025-04-11 01:00:00,4.86,9.7
2025-04-11 02:00:00,4.55,9.5
2025-04-11 03:00:00,4.51,8.9
2025-04-11 04:00:00,4.46,8.7
2025-04-11 05:00:00,3.98,8.6
2025-04-11 06:00:00,3.33,7.6
2025-04-11 07:00:00,3.41,6.4
2025-04-11 08:00:00,2.73,6.5
2025-04-11 09:00:00,2.83,6.5
2025-04-11 10:00:00,3.07,7.3
2025-04-11 11:00:00,1.9,7.4
2025-04-11 12:00:00,1.5,5.5
2025-04-11 13:00:00,1.95,5.9
2025-04-11 14:00:00,2.05,6.2
2025-04-11 15:00:00,3.26,7.8
2025-04-11 16:00:00,2.9,7.5
2025-04-11 17:00:00,2.16,6.4
2025-04-11 18:00:00,0.97,4.6
2025-04-11 19:00:00,2.0,2.7
2025-04-11 20:00:00,4.27,8.2
2025-04-11 21:00:00,2.97,8.0
2025-04-11 22:00:00,3.36,6.3
2025-04-11 23:00:00,2.76,6.1
2025-04-12 00:00:00,3.1,5.6
2025-04-12 01:00:00,2.93,5.6
2025-04-12 02:00:00,2.93,5.5
2025-04-12 03:00:00,3.29,6.2
2025-04-12 04:00:00,3.29,6.3
2025-04-12 05:00:00,3.42,6.3
2025-04-12 06:00:00,3.45,6.7
2025-04-12 07:00:00,3.87,6.6
2025-04-12 08:00:00,4.8,9.6
2025-04-12 09:00:00,3.76,9.5
2025-04-12 10:00:00,4.46,9.3
2025-04-12 11:00:00,4.29,9.6
2025-04-12 12:00:00,4.54,10.0
2025-04-12 13:00:00,4.61,10.3
2025-04-12 14:00:00,4.43,10.2
2025-04-12 15:00:00,4.58,9.9
2025-04-12 16:00:00,3.69,10.0
2025-04-12 17:00:00,3.9,8.4
2025-04-12 18:00:00,4.07,9.1
2025-04-12 19:00:00,3.26,8.4
2025-04-12 20:00:00,2.82,6.1
2025-04-12 21:00:00,2.83,5.1
2025-04-12 22:00:00,2.35,5.0
2025-04-12 23:00:00,1.71,4.1
2025-04-13 00:00:00,1.1,3.0
2025-04-13 01:00:00,0.47,1.9
2025-04-13 02:00:00,0.28,1.0
2025-04-13 03:00:00,0.1,0.5
2025-04-13 04:00:00,0.64,1.5
2025-04-13 05:00:00,1.2,2.2
2025-04-13 06:00:00,2.29,3.9
2025-04-13 07:00:00,2.88,5.0
2025-04-13 08:00:00,2.97,6.3
2025-04-13 09:00:00,3.08,7.0
2025-04-13 10:00:00,3.8,8.5
2025-04-13 11:00:00,4.49,10.3
2025-04-13 12:00:00,4.41,10.3
2025-04-13 13:00:00,4.78,10.8
2025-04-13 14:00:00,5.54,12.1
2025-04-13 15:00:00,5.97,12.8
2025-04-13 16:00:00,6.12,13.2
2025-04-13 17:00:00,5.83,13.0
2025-04-13 18:00:00,5.3,12.2
2025-04-13 19:00:00,5.06,10.8
2025-04-13 20:00:00,4.65,9.9
2025-04-13 21:00:00,3.49,8.9
2025-04-13 22:00:00,3.44,6.5
2025-04-13 23:00:00,3.5,6.2
2025-04-14 00:00:00,3.92,7.1
2025-04-14 01:00:00,3.51,7.1
2025-04-14 02:00:00,3.64,6.7
2025-04-14 03:00:00,3.73,7.2
2025-04-14 04:00:00,4.11,8.0
2025-04-14 05:00:00,3.87,8.1
2025-04-14 06:00:00,3.42,7.5
2025-04-14 07:00:00,3.54,7.4
2025-04-14 08:00:00,3.88,8.2
2025-04-14 09:00:00,3.86,9.0
2025-04-14 10:00:00,3.46,8.5
2025-04-14 11:00:00,2.27,8.0
2025-04-14 12:00:00,2.98,7.7
2025-04-14 13:00:00,3.54,8.5
2025-04-14 14:00:00,3.71,8.6
2025-04-14 15:00:00,3.06,7.2
2025-04-14 16:00:00,4.24,9.5
2025-04-14 17:00:00,3.72,9.5
2025-04-14 18:00:00,3.43,7.8
2025-04-14 19:00:00,2.82,7.0
2025-04-14 20:00:00,2.02,5.4
2025-04-14 21:00:00,1.59,3.6
2025-04-14 22:00:00,1.36,2.9
2025-04-14 23:00:00,1.18,2.3
2025-04-15 00:00:00,0.78,2.1
2025-04-15 01:00:00,0.25,1.5
2025-04-15 02:00:00,0.16,0.7
2025-04-15 03:00:00,1.31,2.4
2025-04-15 04:00:00,1.74,3.3
2025-04-15 05:00:00,2.38,4.3
2025-04-15 06:00:00,2.75,5.0
2025-04-15 07:00:00,3.2,5.8
2025-04-15 08:00:00,2.85,5.9
2025-04-15 09:00:00,2.68,6.1
2025-04-15 10:00:00,3.4,7.9
2025-04-15 11:00:00,3.74,8.8
2025-04-15 12:00:00,3.67,8.9
2025-04-15 13:00:00,3.97,9.3
2025-04-15 14:00:00,4.6,10.2
2025-04-15 15:00:00,5.02,11.1
2025-04-15 16:00:00,5.11,11.2
2025-04-15 17:00:00,5.25,11.1
2025-04-15 18:00:00,5.11,11.1
2025-04-15 19:00:00,5.1,10.4
2025-04-15 20:00:00,5.25,10.3
2025-04-15 21:00:00,5.21,10.3
2025-04-15 22:00:00,5.11,10.1
2025-04-15 23:00:00,4.83,9.9
2025-04-16 00:00:00,4.41,9.3
2025-04-16 01:00:00,4.11,8.4
2025-04-16 02:00:00,4.06,7.7
2025-04-16 03:00:00,3.71,7.2
2025-04-16 04:00:00,3.47,6.9
2025-04-16 05:00:00,3.53,6.5
2025-04-16 06:00:00,3.92,7.5
2025-04-16 07:00:00,3.72,7.5
2025-04-16 08:00:00,3.55,7.4
2025-04-16 09:00:00,3.16,6.8
2025-04-16 10:00:00,3.19,7.1
2025-04-16 11:00:00,3.61,8.6
2025-04-16 12:00:00,3.56,8.4
2025-04-16 13:00:00,3.22,8.2
2025-04-16 14:00:00,2.89,7.7
2025-04-16 15:00:00,2.55,6.7
2025-04-16 16:00:00,2.58,6.5
2025-04-16 17:00:00,2.24,6.5
2025-04-16 18:00:00,1.35,5.3
2025-04-16 19:00:00,1.05,3.3
2025-04-16 20:00:00,0.94,2.0
2025-04-16 21:00:00,1.87,3.1
2025-04-16 22:00:00,2.76,4.9
2025-04-16 23:00:00,1.96,4.9
2025-04-17 00:00:00,1.32,3.5
2025-04-17 01:00:00,0.78,2.3
2025-04-17 02:00:00,1.58,2.8
2025-04-17 03:00:00,1.57,3.8
2025-04-17 04:00:00,1.39,3.5
2025-04-17 05:00:00,1.66,3.6
2025-04-17 06:00:00,2.01,3.7
2025-04-17 07:00:00,2.5,4.7
2025-04-17 08:00:00,3.04,6.3
2025-04-17 09:00:00,3.57,7.6
2025-04-17 10:00:00,3.12,8.1
2025-04-17 11:00:00,3.36,8.2
2025-04-17 12:00:00,3.42,8.4
2025-04-17 13:00:00,3.58,8.6
2025-04-17 14:00:00,3.91,9.2
2025-04-17 15:00:00,3.95,9.1
2025-04-17 16:00:00,4.19,9.5
2025-04-17 17:00:00,4.12,9.4
2025-04-17 18:00:00,3.98,9.0
2025-04-17 19:00:00,3.61,8.5
2025-04-17 20:00:00,3.0,7.1
2025-04-17 21:00:00,2.82,5.7
2025-04-17 22:00:00,2.6,5.5
2025-04-17 23:00:00,2.22,4.9
2025-04-18 00:00:00,1.72,4.3
2025-04-18 01:00:00,1.33,3.2
2025-04-18 02:00:00,1.19,2.5
2025-04-18 03:00:00,1.21,3.4
2025-04-18 04:00:00,1.54,3.4
2025-04-18 05:00:00,2.02,4.3
2025-04-18 06:00:00,1.94,4.5
2025-04-18 07:00:00,1.93,4.3
2025-04-18 08:00:00,1.73,4.6
2025-04-18 09:00:00,1.7,4.3
2025-04-18 10:00:00,1.18,4.6
2025-04-18 11:00:00,1.37,4.9
2025-04-18 12:00:00,1.17,5.0
2025-04-18 13:00:00,0.92,4.5
2025-04-18 14:00:00,1.8,5.2
2025-04-18 15:00:00,1.25,4.7
2025-04-18 16:00:00,0.71,4.1
2025-04-18 17:00:00,2.27,4.9
2025-04-18 18:00:00,2.7,5.5
2025-04-18 19:00:00,3.49,6.3
2025-04-18 20:00:00,2.86,6.3
2025-04-18 21:00:00,2.47,5.1
2025-04-18 22:00:00,2.53,4.6
2025-04-18 23:00:00,1.83,4.5
2025-04-19 00:00:00,2.12,3.7
2025-04-19 01:00:00,2.38,4.5
2025-04-19 02:00:00,1.75,4.3
2025-04-19 03:00:00,1.62,3.1
2025-04-19 04:00:00,1.5,3.0
2025-04-19 05:00:00,2.04,3.5
2025-04-19 06:00:00,2.51,4.5
2025-04-19 07:00:00,2.28,4.8
2025-04-19 08:00:00,1.56,4.1
2025-04-19 09:00:00,2.27,5.2
2025-04-19 10:00:00,2.41,5.5
2025-04-19 11:00:00,2.78,7.4
2025-04-19 12:00:00,3.19,7.2
2025-04-19 13:00:00,3.24,7.5
2025-04-19 14:00:00,3.11,7.3
2025-04-19 15:00:00,3.58,7.6
2025-04-19 16:00:00,3.72,8.3
2025-04-19 17:00:00,3.53,7.9
2025-04-19 18:00:00,3.51,8.0
2025-04-19 19:00:00,3.49,7.6
2025-04-19 20:00:00,3.91,8.4
2025-04-19 21:00:00,3.85,8.4
2025-04-19 22:00:00,3.78,8.5
2025-04-19 23:00:00,3.43,8.0
2025-04-20 00:00:00,3.05,7.2
2025-04-20 01:00:00,3.22,6.8
2025-04-20 02:00:00,2.69,6.7
2025-04-20 03:00:00,2.25,5.4
2025-04-20 04:00:00,1.8,4.7
2025-04-20 05:00:00,1.56,3.9
2025-04-20 06:00:00,1.46,3.4
2025-04-20 07:00:00,1.5,3.4
2025-04-20 08:00:00,1.37,3.5
2025-04-20 09:00:00,1.31,3.3
2025-04-20 10:00:00,1.66,4.0
2025-04-20 11:00:00,2.11,4.7
2025-04-20 12:00:00,2.34,5.4
2025-04-20 13:00:00,2.48,5.9
2025-04-20 14:00:00,2.65,6.3
2025-04-20 15:00:00,2.55,5.8
2025-04-20 16:00:00,2.33,5.7
2025-04-20 17:00:00,2.07,5.3
2025-04-20 18:00:00,1.74,4.7
2025-04-20 19:00:00,1.7,4.1
2025-04-20 20:00:00,1.11,3.8
2025-04-20 21:00:00,1.95,3.6
2025-04-20 22:00:00,1.87,3.7
2025-04-20 23:00:00,1.78,3.8
2025-04-21 00:00:00,1.82,3.5
2025-04-21 01:00:00,1.59,3.5
2025-04-21 02:00:00,1.15,3.1
2025-04-21 03:00:00,1.12,3.6
2025-04-21 04:00:00,0.83,2.1
2025-04-21 05:00:00,1.15,2.3
2025-04-21 06:00:00,1.96,3.6
2025-04-21 07:00:00,2.6,5.1
2025-04-21 08:00:00,2.54,5.7
2025-04-21 09:00:00,2.27,5.7
2025-04-21 10:00:00,1.77,5.5
2025-04-21 11:00:00,1.82,5.1
2025-04-21 12:00:00,1.68,5.2
2025-04-21 13:00:00,0.94,5.0
2025-04-21 14:00:00,0.96,3.9
2025-04-21 15:00:00,1.55,4.6
2025-04-21 16:00:00,2.17,5.1
2025-04-21 17:00:00,2.56,5.5
2025-04-21 18:00:00,3.04,6.4
2025-04-21 19:00:00,3.02,6.6
2025-04-21 20:00:00,3.46,6.8
2025-04-21 21:00:00,3.44,6.9
2025-04-21 22:00:00,3.61,7.1
2025-04-21 23:00:00,2.97,7.2
2025-04-22 00:00:00,2.52,6.0
2025-04-22 01:00:00,2.3,5.0
2025-04-22 02:00:00,2.31,4.8
2025-04-22 03:00:00,2.44,5.2
2025-04-22 04:00:00,2.3,4.8
2025-04-22 05:00:00,1.94,4.4
2025-04-22 06:00:00,1.98,3.7
2025-04-22 07:00:00,2.25,4.9
2025-04-22 08:00:00,2.26,5.2
2025-04-22 09:00:00,2.11,5.4
2025-04-22 10:00:00,1.91,5.4
2025-04-22 11:00:00,1.85,5.3
2025-04-22 12:00:00,1.86,5.1
2025-04-22 13:00:00,2.59,6.3
2025-04-22 14:00:00,2.8,6.4
2025-04-22 15:00:00,2.1,4.9
2025-04-22 16:00:00,2.23,5.2
2025-04-22 17:00:00,2.8,6.5
2025-04-22 18:00:00,2.72,6.4
2025-04-22 19:00:00,2.62,6.2
2025-04-22 20:00:00,2.57,4.9
2025-04-22 21:00:00,2.83,5.2
2025-04-22 22:00:00,3.04,5.7
2025-04-22 23:00:00,2.77,5.8
2025-04-23 00:00:00,2.21,5.2
2025-04-23 01:00:00,2.15,4.3
2025-04-23 02:00:00,1.64,4.1
2025-04-23 03:00:00,2.26,4.2
2025-04-23 04:00:00,2.0,4.2
2025-04-23 05:00:00,1.68,3.8
2025-04-23 06:00:00,1.69,3.3
2025-04-23 07:00:00,2.18,4.3
2025-04-23 08:00:00,2.21,5.2
2025-04-23 09:00:00,2.56,6.1
2025-04-23 10:00:00,2.87,6.9
2025-04-23 11:00:00,2.86,7.1
2025-04-23 12:00:00,2.61,7.1
2025-04-23 13:00:00,2.67,6.7
2025-04-23 14:00:00,2.84,7.0
2025-04-23 15:00:00,2.89,7.6
2025-04-23 16:00:00,2.75,7.3
2025-04-23 17:00:00,2.86,6.7
2025-04-23 18:00:00,2.98,6.8
2025-04-23 19:00:00,2.16,6.7
2025-04-23 20:00:00,2.1,4.2
2025-04-23 21:00:00,2.64,5.0
2025-04-23 22:00:00,2.14,4.9
2025-04-23 23:00:00,1.92,4.1
2025-04-24 00:00:00,1.57,3.7
2025-04-24 01:00:00,2.05,3.7
2025-04-24 02:00:00,2.39,4.3
2025-04-24 03:00:00,2.61,5.0
2025-04-24 04:00:00,2.69,5.6
2025-04-24 05:00:00,2.87,6.1
2025-04-24 06:00:00,3.68,7.7
2025-04-24 07:00:00,3.65,8.0
2025-04-24 08:00:00,3.5,7.7
2025-04-24 09:00:00,3.71,8.2
2025-04-24 10:00:00,4.06,9.0
2025-04-24 11:00:00,4.13,9.3
2025-04-24 12:00:00,3.58,9.3
2025-04-24 13:00:00,3.49,8.8
2025-04-24 14:00:00,2.8,8.5
2025-04-24 15:00:00,1.67,6.5
2025-04-24 16:00:00,1.06,5.1
2025-04-24 17:00:00,0.45,4.1
2025-04-24 18:00:00,0.21,2.9
2025-04-24 19:00:00,0.3,2.0
2025-04-24 20:00:00,0.62,1.1
2025-04-24 21:00:00,1.86,3.4
2025-04-24 22:00:00,3.68,6.9
2025-04-24 23:00:00,2.63,7.4
2025-04-25 00:00:00,2.93,6.2
2025-04-25 01:00:00,2.1,6.2
2025-04-25 02:00:00,2.51,5.1
2025-04-25 03:00:00,2.71,6.4
2025-04-25 04:00:00,2.0,6.0
2025-04-25 05:00:00,2.05,4.6
2025-04-25 06:00:00,2.24,5.1
2025-04-25 07:00:00,2.02,4.8
2025-04-25 08:00:00,3.01,6.7
2025-04-25 09:00:00,3.41,8.0
2025-04-25 10:00:00,3.16,8.2
2025-04-25 11:00:00,3.06,8.0
2025-04-25 12:00:00,2.55,8.2
2025-04-25 13:00:00,1.6,7.1
2025-04-25 14:00:00,2.67,7.1
2025-04-25 15:00:00,1.85,5.5
2025-04-25 16:00:00,1.54,5.4
2025-04-25 17:00:00,1.84,4.6
2025-04-25 18:00:00,2.17,5.2
2025-04-25 19:00:00,2.44,5.2
2025-04-25 20:00:00,3.43,6.8
2025-04-25 21:00:00,3.71,7.3
2025-04-25 22:00:00,4.82,10.0
2025-04-25 23:00:00,3.79,9.8
2025-04-26 00:00:00,3.19,7.8
2025-04-26 01:00:00,3.16,6.9
2025-04-26 02:00:00,2.62,6.7
2025-04-26 03:00:00,1.81,5.2
2025-04-26 04:00:00,1.9,4.1
2025-04-26 05:00:00,1.88,4.2
2025-04-26 06:00:00,1.57,3.9
2025-04-26 07:00:00,1.66,4.0
2025-04-26 08:00:00,1.99,4.8
2025-04-26 09:00:00,2.28,5.9
2025-04-26 10:00:00,1.97,6.0
2025-04-26 11:00:00,1.42,5.7
2025-04-26 12:00:00,1.03,5.0
2025-04-26 13:00:00,0.86,4.6
2025-04-26 14:00:00,0.92,4.5
2025-04-26 15:00:00,1.37,5.0
2025-04-26 16:00:00,2.52,6.5
2025-04-26 17:00:00,3.11,7.5
2025-04-26 18:00:00,2.12,7.4
2025-04-26 19:00:00,1.6,5.0
2025-04-26 20:00:00,0.45,3.1
2025-04-26 21:00:00,1.41,2.5
2025-04-26 22:00:00,1.15,2.8
2025-04-26 23:00:00,1.36,2.8
2025-04-27 00:00:00,1.45,2.9
2025-04-27 01:00:00,1.43,3.1
2025-04-27 02:00:00,1.26,2.9
2025-04-27 03:00:00,1.23,2.6
2025-04-27 04:00:00,1.42,3.0
2025-04-27 05:00:00,1.74,3.5
2025-04-27 06:00:00,2.16,4.1
2025-04-27 07:00:00,2.26,4.6
2025-04-27 08:00:00,2.21,5.4
2025-04-27 09:00:00,2.58,6.5
2025-04-27 10:00:00,3.19,7.7
2025-04-27 11:00:00,3.7,8.9
2025-04-27 12:00:00,3.68,9.0
2025-04-27 13:00:00,3.77,9.1
2025-04-27 14:00:00,4.14,9.7
2025-04-27 15:00:00,4.14,9.8
2025-04-27 16:00:00,3.81,9.6
2025-04-27 17:00:00,4.02,9.1
2025-04-27 18:00:00,4.24,9.1
2025-04-27 19:00:00,3.82,9.1
2025-04-27 20:00:00,3.86,7.8
2025-04-27 21:00:00,3.2,7.5
2025-04-27 22:00:00,2.68,6.0
2025-04-27 23:00:00,2.93,5.3
2025-04-28 00:00:00,3.24,6.2
2025-04-28 01:00:00,3.08,6.2
2025-04-28 02:00:00,3.02,6.0
2025-04-28 03:00:00,2.76,6.4
2025-04-28 04:00:00,2.93,5.6
2025-04-28 05:00:00,2.9,5.8
2025-04-28 06:00:00,3.05,5.9
2025-04-28 07:00:00,3.19,6.0
2025-04-28 08:00:00,3.08,6.9
2025-04-28 09:00:00,3.3,7.6
2025-04-28 10:00:00,3.94,8.9
2025-04-28 11:00:00,5.0,11.0
2025-04-28 12:00:00,5.78,12.7
2025-04-28 13:00:00,6.11,13.3
2025-04-28 14:00:00,6.27,13.6
2025-04-28 15:00:00,5.84,13.0
2025-04-28 16:00:00,6.25,13.1
2025-04-28 17:00:00,6.35,13.5
2025-04-28 18:00:00,6.02,13.2
2025-04-28 19:00:00,6.12,12.4
2025-04-28 20:00:00,5.91,12.3
2025-04-28 21:00:00,6.1,12.1
2025-04-28 22:00:00,6.17,12.2
2025-04-28 23:00:00,5.94,12.3
2025-04-29 00:00:00,5.5,11.7
2025-04-29 01:00:00,5.09,10.9
2025-04-29 02:00:00,4.83,10.1
2025-04-29 03:00:00,4.38,9.3
2025-04-29 04:00:00,4.19,8.6
2025-04-29 05:00:00,4.0,8.2
2025-04-29 06:00:00,3.85,7.7
2025-04-29 07:00:00,3.83,7.9
2025-04-29 08:00:00,3.5,8.0
2025-04-29 09:00:00,3.38,8.0
2025-04-29 10:00:00,3.1,7.9
2025-04-29 11:00:00,3.02,7.7
2025-04-29 12:00:00,2.86,7.6
2025-04-29 13:00:00,2.49,7.4
2025-04-29 14:00:00,2.48,6.8
2025-04-29 15:00:00,3.09,7.6
2025-04-29 16:00:00,3.57,8.1
2025-04-29 17:00:00,3.47,8.4
2025-04-29 18:00:00,3.45,7.7
2025-04-29 19:00:00,4.0,7.7
2025-04-29 20:00:00,4.63,9.4
2025-04-29 21:00:00,3.98,8.9
2025-04-29 22:00:00,3.32,7.7
2025-04-29 23:00:00,2.98,6.3
2025-04-30 00:00:00,2.7,5.6
2025-04-30 01:00:00,2.95,5.4
2025-04-30 02:00:00,3.54,6.8
2025-04-30 03:00:00,3.56,6.8
2025-04-30 04:00:00,3.75,7.2
2025-04-30 05:00:00,3.81,7.4
2025-04-30 06:00:00,3.96,7.7
2025-04-30 07:00:00,3.5,8.0
2025-04-30 08:00:00,4.05,8.5
2025-04-30 09:00:00,4.35,9.7
2025-04-30 10:00:00,4.37,10.0
2025-04-30 11:00:00,4.67,10.6
2025-04-30 12:00:00,6.02,12.9
2025-04-30 13:00:00,5.81,13.1
2025-04-30 14:00:00,5.81,12.8
2025-04-30 15:00:00,5.82,13.2
2025-04-30 16:00:00,5.39,12.5
2025-04-30 17:00:00,5.21,12.1
2025-04-30 18:00:00,4.39,11.8
2025-04-30 19:00:00,2.86,8.8
2025-04-30 20:00:00,2.02,5.6
2025-04-30 21:00:00,2.13,3.7
2025-04-30 22:00:00,1.56,4.0
2025-04-30 23:00:00,0.63,2.7
2025-05-01 00:00:00,0.58,1.4
2025-05-01 01:00:00,1.39,2.4
2025-05-01 02:00:00,1.39,3.1
2025-05-01 03:00:00,0.4,1.6
2025-05-01 04:00:00,1.27,2.4
2025-05-01 05:00:00,1.5,2.8
2025-05-01 06:00:00,1.86,3.4
2025-05-01 07:00:00,2.26,4.2
2025-05-01 08:00:00,2.07,5.1
2025-05-01 09:00:00,2.66,6.4
2025-05-01 10:00:00,3.35,7.9
2025-05-01 11:00:00,4.16,9.6
2025-05-01 12:00:00,4.39,10.2
2025-05-01 13:00:00,4.39,10.2
2025-05-01 14:00:00,4.61,10.3
2025-05-01 15:00:00,4.72,10.1
2025-05-01 16:00:00,4.45,10.2
2025-05-01 17:00:00,5.13,10.7
2025-05-01 18:00:00,5.12,11.4
2025-05-01 19:00:00,3.69,10.5
2025-05-01 20:00:00,2.71,7.1
2025-05-01 21:00:00,1.68,4.8
2025-05-01 22:00:00,2.95,5.0
2025-05-01 23:00:00,3.39,6.0
2025-05-02 00:00:00,3.55,6.6
2025-05-02 01:00:00,3.69,6.9
2025-05-02 02:00:00,3.66,7.0
2025-05-02 03:00:00,3.58,6.8
2025-05-02 04:00:00,3.65,6.8
2025-05-02 05:00:00,4.52,8.5
2025-05-02 06:00:00,4.24,8.8
2025-05-02 07:00:00,3.9,8.3
2025-05-02 08:00:00,3.69,7.7
2025-05-02 09:00:00,4.03,8.6
2025-05-02 10:00:00,4.7,10.1
2025-05-02 11:00:00,4.74,12.9
2025-05-02 12:00:00,6.99,14.7
2025-05-02 13:00:00,5.57,15.4
2025-05-02 14:00:00,6.52,14.8
2025-05-02 15:00:00,7.1,15.3
2025-05-02 16:00:00,7.25,15.7
2025-05-02 17:00:00,7.24,15.6
2025-05-02 18:00:00,7.18,15.5
2025-05-02 19:00:00,7.2,16.4
2025-05-02 20:00:00,5.69,16.4
2025-05-02 21:00:00,4.8,11.6
2025-05-02 22:00:00,4.8,9.7
2025-05-02 23:00:00,4.9,10.1
2025-05-03 00:00:00,4.64,9.9
2025-05-03 01:00:00,4.93,9.8
2025-05-03 02:00:00,4.61,9.9
2025-05-03 03:00:00,4.25,9.4
2025-05-03 04:00:00,3.95,8.5
2025-05-03 05:00:00,3.8,7.9
2025-05-03 06:00:00,3.46,7.6
2025-05-03 07:00:00,4.21,8.5
2025-05-03 08:00:00,5.15,10.8
2025-05-03 09:00:00,5.45,11.5
2025-05-03 10:00:00,5.6,11.7
2025-05-03 11:00:00,5.85,12.5
2025-05-03 12:00:00,6.05,12.9
2025-05-03 13:00:00,6.16,13.3
2025-05-03 14:00:00,5.86,13.3
2025-05-03 15:00:00,5.41,12.7
2025-05-03 16:00:00,5.05,11.8
2025-05-03 17:00:00,5.36,11.4
2025-05-03 18:00:00,5.56,11.9
2025-05-03 19:00:00,4.4,11.7
2025-05-03 20:00:00,3.4,9.1
2025-05-03 21:00:00,3.24,9.1
2025-05-03 22:00:00,2.2,6.4
2025-05-03 23:00:00,2.6,5.2
2025-05-04 00:00:00,2.14,5.1
2025-05-04 01:00:00,2.12,4.3
2025-05-04 02:00:00,2.33,5.1
2025-05-04 03:00:00,2.69,6.3
2025-05-04 04:00:00,2.53,6.4
2025-05-04 05:00:00,2.72,5.5
2025-05-04 06:00:00,3.29,6.5
2025-05-04 07:00:00,5.0,9.4
2025-05-04 08:00:00,6.06,12.2
2025-05-04 09:00:00,6.59,14.1
2025-05-04 10:00:00,6.64,13.5
2025-05-04 11:00:00,7.62,15.1
2025-05-04 12:00:00,7.16,15.4
2025-05-04 13:00:00,7.29,15.2
2025-05-04 14:00:00,6.33,14.9
2025-05-04 15:00:00,5.57,13.4
2025-05-04 16:00:00,4.7,11.4
2025-05-04 17:00:00,5.0,10.8
2025-05-04 18:00:00,5.28,12.4
2025-05-04 19:00:00,4.89,12.4
2025-05-04 20:00:00,4.52,11.3
2025-05-04 21:00:00,4.16,9.3
2025-05-04 22:00:00,3.49,8.5
2025-05-04 23:00:00,2.8,7.2
2025-05-05 00:00:00,2.61,5.6
2025-05-05 01:00:00,1.32,5.3
2025-05-05 02:00:00,1.34,3.0
2025-05-05 03:00:00,1.63,3.6
2025-05-05 04:00:00,2.02,4.2
2025-05-05 05:00:00,2.11,4.6
2025-05-05 06:00:00,2.26,4.4
2025-05-05 07:00:00,2.17,4.9
2025-05-05 08:00:00,2.59,6.3
2025-05-05 09:00:00,2.62,6.7
2025-05-05 10:00:00,3.09,7.7
2025-05-05 11:00:00,4.09,9.6
2025-05-05 12:00:00,4.34,10.2
2025-05-05 13:00:00,4.47,10.5
2025-05-05 14:00:00,4.33,10.6
2025-05-05 15:00:00,4.49,10.4
2025-05-05 16:00:00,4.87,10.9
2025-05-05 17:00:00,5.4,11.7
2025-05-05 18:00:00,5.64,12.0
2025-05-05 19:00:00,4.66,11.9
2025-05-05 20:00:00,4.3,9.6
2025-05-05 21:00:00,4.12,8.6
2025-05-05 22:00:00,4.35,8.8
2025-05-05 23:00:00,4.18,8.8
2025-05-06 00:00:00,3.76,8.3
2025-05-06 01:00:00,3.47,7.5
2025-05-06 02:00:00,3.36,7.0
2025-05-06 03:00:00,3.35,6.7
2025-05-06 04:00:00,2.8,6.5
2025-05-06 05:00:00,2.35,5.4
2025-05-06 06:00:00,2.56,5.0
2025-05-06 07:00:00,2.46,5.8
2025-05-06 08:00:00,2.55,6.1
2025-05-06 09:00:00,3.71,8.4
2025-05-06 10:00:00,4.15,9.6
2025-05-06 11:00:00,4.5,10.4
2025-05-06 12:00:00,4.97,11.4
2025-05-06 13:00:00,4.63,11.4
2025-05-06 14:00:00,4.48,10.6
2025-05-06 15:00:00,4.2,10.0
2025-05-06 16:00:00,3.86,9.8
2025-05-06 17:00:00,3.12,9.0
2025-05-06 18:00:00,3.58,7.7
2025-05-06 19:00:00,3.23,8.2
2025-05-06 20:00:00,1.95,6.6
2025-05-06 21:00:00,1.66,3.7
2025-05-06 22:00:00,1.0,2.9
2025-05-06 23:00:00,2.87,5.2
2025-05-07 00:00:00,3.44,7.3
2025-05-07 01:00:00,2.38,6.8
2025-05-07 02:00:00,2.67,5.2
2025-05-07 03:00:00,2.16,5.5
2025-05-07 04:00:00,1.77,4.5
2025-05-07 05:00:00,1.86,3.9
2025-05-07 06:00:00,2.01,4.0
2025-05-07 07:00:00,1.88,4.6
2025-05-07 08:00:00,1.64,4.6
2025-05-07 09:00:00,1.79,5.2
2025-05-07 10:00:00,1.76,5.4
2025-05-07 11:00:00,3.56,8.4
2025-05-07 12:00:00,4.13,9.4
2025-05-07 13:00:00,3.78,9.5
2025-05-07 14:00:00,3.26,8.6
2025-05-07 15:00:00,3.71,9.5
2025-05-07 16:00:00,3.91,9.1
2025-05-07 17:00:00,2.98,8.9
2025-05-07 18:00:00,4.0,8.4
2025-05-07 19:00:00,1.97,8.4
2025-05-07 20:00:00,4.22,8.4
2025-05-07 21:00:00,3.07,8.6
2025-05-07 22:00:00,3.38,6.8
2025-05-07 23:00:00,2.66,6.8
2025-05-08 00:00:00,2.46,5.3
2025-05-08 01:00:00,2.18,4.8
2025-05-08 02:00:00,1.62,4.3
2025-05-08 03:00:00,0.98,3.3
2025-05-08 04:00:00,0.81,2.2
2025-05-08 05:00:00,0.98,2.3
2025-05-08 06:00:00,1.04,2.4
2025-05-08 07:00:00,1.17,3.2
2025-05-08 08:00:00,1.2,4.0
2025-05-08 09:00:00,1.51,4.8
2025-05-08 10:00:00,1.55,5.1
2025-05-08 11:00:00,1.96,5.8
2025-05-08 12:00:00,3.43,8.7
2025-05-08 13:00:00,2.92,8.7
2025-05-08 14:00:00,3.39,8.3
2025-05-08 15:00:00,3.22,7.9
2025-05-08 16:00:00,2.82,7.9
2025-05-08 17:00:00,3.16,7.2
2025-05-08 18:00:00,2.98,7.8
2025-05-08 19:00:00,1.43,6.6
2025-05-08 20:00:00,2.04,2.9
2025-05-08 21:00:00,4.07,9.5
2025-05-08 22:00:00,3.26,8.2
2025-05-08 23:00:00,2.71,6.5
2025-05-09 00:00:00,2.68,5.4
2025-05-09 01:00:00,1.91,5.3
2025-05-09 02:00:00,2.56,5.2
2025-05-09 03:00:00,1.75,4.0
2025-05-09 04:00:00,1.31,3.7
2025-05-09 05:00:00,1.2,2.7
2025-05-09 06:00:00,1.35,2.9
2025-05-09 07:00:00,1.24,3.1
2025-05-09 08:00:00,0.99,3.0
2025-05-09 09:00:00,1.56,3.6
2025-05-09 10:00:00,1.84,4.2
2025-05-09 11:00:00,2.57,5.7
2025-05-09 12:00:00,3.35,7.3
2025-05-09 13:00:00,3.6,7.9
2025-05-09 14:00:00,3.16,7.9
2025-05-09 15:00:00,2.89,6.0
2025-05-09 16:00:00,2.33,5.7
2025-05-09 17:00:00,3.11,6.3
2025-05-09 18:00:00,3.11,7.4
2025-05-09 19:00:00,2.53,6.6
2025-05-09 20:00:00,1.6,4.8
2025-05-09 21:00:00,1.49,2.7
2025-05-09 22:00:00,1.17,2.7
2025-05-09 23:00:00,1.46,2.7
2025-05-10 00:00:00,1.12,2.6
2025-05-10 01:00:00,2.38,4.3
2025-05-10 02:00:00,1.82,4.4
2025-05-10 03:00:00,2.18,3.5
2025-05-10 04:00:00,2.06,3.8
2025-05-10 05:00:00,2.06,3.7
2025-05-10 06:00:00,2.22,4.1
2025-05-10 07:00:00,2.38,5.3
2025-05-10 08:00:00,2.29,5.5
2025-05-10 09:00:00,2.15,5.6
2025-05-10 10:00:00,2.18,5.9
2025-05-10 11:00:00,1.86,5.8
2025-05-10 12:00:00,1.52,5.3
2025-05-10 13:00:00,1.24,4.7
2025-05-10 14:00:00,1.14,4.1
2025-05-10 15:00:00,0.5,2.9
2025-05-10 16:00:00,1.1,3.1
2025-05-10 17:00:00,1.25,3.6
2025-05-10 18:00:00,1.12,3.4
2025-05-10 19:00:00,1.57,3.3
2025-05-10 20:00:00,1.7,3.4
2025-05-10 21:00:00,1.67,3.2
2025-05-10 22:00:00,1.54,3.2
2025-05-10 23:00:00,1.67,3.1
2025-05-11 00:00:00,1.91,3.8
2025-05-11 01:00:00,1.96,3.9
2025-05-11 02:00:00,2.05,4.5
2025-05-11 03:00:00,1.67,4.4
2025-05-11 04:00:00,1.27,3.6
2025-05-11 05:00:00,1.39,3.1
2025-05-11 06:00:00,1.37,3.3
2025-05-11 07:00:00,1.25,3.3
2025-05-11 08:00:00,1.13,3.3
2025-05-11 09:00:00,1.5,3.9
2025-05-11 10:00:00,1.11,3.8
2025-05-11 11:00:00,0.97,3.3
2025-05-11 12:00:00,1.19,3.8
2025-05-11 13:00:00,1.4,4.4
2025-05-11 14:00:00,1.3,4.4
2025-05-11 15:00:00,1.5,4.9
2025-05-11 16:00:00,1.9,4.9
2025-05-11 17:00:00,1.93,5.1
2025-05-11 18:00:00,1.61,5.0
2025-05-11 19:00:00,1.25,4.1
2025-05-11 20:00:00,0.74,3.1
2025-05-11 21:00:00,1.25,2.0
2025-05-11 22:00:00,3.27,5.9
2025-05-11 23:00:00,2.5,6.1
2025-05-12 00:00:00,1.75,4.8
2025-05-12 01:00:00,1.85,3.5
2025-05-12 02:00:00,1.41,3.9
2025-05-12 03:00:00,1.7,3.7
2025-05-12 04:00:00,1.71,3.7
2025-05-12 05:00:00,1.54,3.5
2025-05-12 06:00:00,1.36,3.2
2025-05-12 07:00:00,1.21,3.1
2025-05-12 08:00:00,1.2,3.7
2025-05-12 09:00:00,1.21,3.5
2025-05-12 10:00:00,1.39,3.8
2025-05-12 11:00:00,1.1,4.0
2025-05-12 12:00:00,0.69,3.5
2025-05-12 13:00:00,0.57,3.5
2025-05-12 14:00:00,0.75,3.2
2025-05-12 15:00:00,0.86,3.6
2025-05-12 16:00:00,0.74,3.6
2025-05-12 17:00:00,1.41,4.1
2025-05-12 18:00:00,1.39,4.4
2025-05-12 19:00:00,1.57,3.9
2025-05-12 20:00:00,1.65,3.7
2025-05-12 21:00:00,2.96,5.0
2025-05-12 22:00:00,3.16,6.1
2025-05-12 23:00:00,2.51,5.9
2025-05-13 00:00:00,2.53,4.6
2025-05-13 01:00:00,2.48,4.5
2025-05-13 02:00:00,2.59,4.6
2025-05-13 03:00:00,2.5,4.7
2025-05-13 04:00:00,2.47,4.6
2025-05-13 05:00:00,2.49,4.6
2025-05-13 06:00:00,2.77,5.1
2025-05-13 07:00:00,2.63,5.3
2025-05-13 08:00:00,2.9,6.4
2025-05-13 09:00:00,3.6,8.2
2025-05-13 10:00:00,3.7,8.6
2025-05-13 11:00:00,3.95,9.0
2025-05-13 12:00:00,3.55,9.2
2025-05-13 13:00:00,3.04,8.4
2025-05-13 14:00:00,3.72,9.4
2025-05-13 15:00:00,4.11,10.2
2025-05-13 16:00:00,4.5,10.7
2025-05-13 17:00:00,4.45,10.0
2025-05-13 18:00:00,3.86,9.3
2025-05-13 19:00:00,4.49,8.6
2025-05-13 20:00:00,4.48,9.2
2025-05-13 21:00:00,3.83,8.6
2025-05-13 22:00:00,3.44,7.2
2025-05-13 23:00:00,3.16,6.3
2025-05-14 00:00:00,3.28,6.0
2025-05-14 01:00:00,3.23,6.1
2025-05-14 02:00:00,2.97,6.0
2025-05-14 03:00:00,3.01,5.7
2025-05-14 04:00:00,2.91,5.6
2025-05-14 05:00:00,3.29,6.1
2025-05-14 06:00:00,3.16,6.2
2025-05-14 07:00:00,4.1,9.3
2025-05-14 08:00:00,5.17,11.7
2025-05-14 09:00:00,5.09,11.6
2025-05-14 10:00:00,4.48,11.1
2025-05-14 11:00:00,4.3,10.0
2025-05-14 12:00:00,4.25,10.0
2025-05-14 13:00:00,4.31,10.2
2025-05-14 14:00:00,5.22,11.9
2025-05-14 15:00:00,4.21,10.1
2025-05-14 16:00:00,4.46,10.6
2025-05-14 17:00:00,5.36,11.4
2025-05-14 18:00:00,5.11,12.8
2025-05-14 19:00:00,5.21,12.0
2025-05-14 20:00:00,4.22,11.0
2025-05-14 21:00:00,4.16,8.3
2025-05-14 22:00:00,3.39,8.6
2025-05-14 23:00:00,3.48,6.8
2025-05-15 00:00:00,2.61,6.8
2025-05-15 01:00:00,3.13,5.6
2025-05-15 02:00:00,5.25,10.6
2025-05-15 03:00:00,6.45,13.5
2025-05-15 04:00:00,5.78,13.2
2025-05-15 05:00:00,6.2,12.7
2025-05-15 06:00:00,6.67,13.8
2025-05-15 07:00:00,5.6,13.8
2025-05-15 08:00:00,7.33,15.1
2025-05-15 09:00:00,8.81,17.4
2025-05-15 10:00:00,9.16,20.7
2025-05-15 11:00:00,9.16,19.8
2025-05-15 12:00:00,8.7,19.2
2025-05-15 13:00:00,8.36,18.5
2025-05-15 14:00:00,7.3,17.6
2025-05-15 15:00:00,6.7,17.0
2025-05-15 16:00:00,6.85,15.7
2025-05-15 17:00:00,5.08,14.7
2025-05-15 18:00:00,5.17,12.5
2025-05-15 19:00:00,4.45,10.5
2025-05-15 20:00:00,3.9,9.1
2025-05-15 21:00:00,3.04,7.6
2025-05-15 22:00:00,3.07,5.6
2025-05-15 23:00:00,3.47,6.4
2025-05-16 00:00:00,3.18,6.4
2025-05-16 01:00:00,3.36,6.3
2025-05-16 02:00:00,3.71,7.3
2025-05-16 03:00:00,3.8,7.5
2025-05-16 04:00:00,4.36,8.7
2025-05-16 05:00:00,4.61,9.2
2025-05-16 06:00:00,4.62,9.6
2025-05-16 07:00:00,5.0,10.3
2025-05-16 08:00:00,5.66,12.1
2025-05-16 09:00:00,5.71,12.5
2025-05-16 10:00:00,7.63,15.8
2025-05-16 11:00:00,7.53,16.1
2025-05-16 12:00:00,7.52,16.6
2025-05-16 13:00:00,7.01,15.9
2025-05-16 14:00:00,6.8,14.7
2025-05-16 15:00:00,6.22,13.4
2025-05-16 16:00:00,5.91,13.0
2025-05-16 17:00:00,5.86,12.9
2025-05-16 18:00:00,5.32,12.2
2025-05-16 19:00:00,5.8,11.7
2025-05-16 20:00:00,5.92,11.9
2025-05-16 21:00:00,4.91,11.9
2025-05-16 22:00:00,4.26,9.6
2025-05-16 23:00:00,4.75,9.4
2025-05-17 00:00:00,4.62,9.4
2025-05-17 01:00:00,5.07,10.1
2025-05-17 02:00:00,4.77,10.0
2025-05-17 03:00:00,4.59,9.5
2025-05-17 04:00:00,4.67,9.3
2025-05-17 05:00:00,4.64,9.3
2025-05-17 06:00:00,4.75,9.5
2025-05-17 07:00:00,4.33,9.5
2025-05-17 08:00:00,6.55,14.1
2025-05-17 09:00:00,5.07,14.1
2025-05-17 10:00:00,3.92,10.6
2025-05-17 11:00:00,3.61,8.3
2025-05-17 12:00:00,5.15,10.7
2025-05-17 13:00:00,5.89,12.6
2025-05-17 14:00:00,5.15,12.6
2025-05-17 15:00:00,4.89,10.7
2025-05-17 16:00:00,4.96,10.7
2025-05-17 17:00:00,5.27,11.0
2025-05-17 18:00:00,5.12,11.5
2025-05-17 19:00:00,4.49,11.6
2025-05-17 20:00:00,3.38,8.9
2025-05-17 21:00:00,2.8,6.7
2025-05-17 22:00:00,3.42,6.5
2025-05-17 23:00:00,3.17,6.6
2025-05-18 00:00:00,3.13,6.1
2025-05-18 01:00:00,3.18,6.1
2025-05-18 02:00:00,3.39,6.6
2025-05-18 03:00:00,3.86,8.4
2025-05-18 04:00:00,3.82,8.5
2025-05-18 05:00:00,3.55,7.8
2025-05-18 06:00:00,3.76,7.3
2025-05-18 07:00:00,4.45,9.8
2025-05-18 08:00:00,4.12,9.3
2025-05-18 09:00:00,4.6,9.5
2025-05-18 10:00:00,5.07,10.3
2025-05-18 11:00:00,4.9,10.4
2025-05-18 12:00:00,7.45,15.3
2025-05-18 13:00:00,7.47,16.3
2025-05-18 14:00:00,6.58,15.6
2025-05-18 15:00:00,6.82,14.7
2025-05-18 16:00:00,6.89,15.7
2025-05-18 17:00:00,5.55,14.4
2025-05-18 18:00:00,4.59,11.1
2025-05-18 19:00:00,4.64,9.1
2025-05-18 20:00:00,4.84,9.1
2025-05-18 21:00:00,5.76,11.2
2025-05-18 22:00:00,5.3,11.3
2025-05-18 23:00:00,5.11,10.4
2025-05-19 00:00:00,5.07,10.1
2025-05-19 01:00:00,5.08,10.2
2025-05-19 02:00:00,4.89,10.2
2025-05-19 03:00:00,4.81,9.7
2025-05-19 04:00:00,4.7,9.5
2025-05-19 05:00:00,4.46,9.3
2025-05-19 06:00:00,4.46,8.9
2025-05-19 07:00:00,3.85,8.9
2025-05-19 08:00:00,4.25,9.2
2025-05-19 09:00:00,4.25,9.5
2025-05-19 10:00:00,4.35,9.9
2025-05-19 11:00:00,4.15,10.0
2025-05-19 12:00:00,3.86,9.7
2025-05-19 13:00:00,3.73,9.2
2025-05-19 14:00:00,3.36,9.0
2025-05-19 15:00:00,2.95,8.1
2025-05-19 16:00:00,2.31,7.2
2025-05-19 17:00:00,2.82,6.5
2025-05-19 18:00:00,2.83,6.8
2025-05-19 19:00:00,1.77,6.2
2025-05-19 20:00:00,1.57,3.6
2025-05-19 21:00:00,1.7,2.8
2025-05-19 22:00:00,1.65,2.9
2025-05-19 23:00:00,1.89,3.1
2025-05-20 00:00:00,2.33,4.0
2025-05-20 01:00:00,3.27,5.8
2025-05-20 02:00:00,3.16,5.8
2025-05-20 03:00:00,2.93,5.8
2025-05-20 04:00:00,2.89,5.2
2025-05-20 05:00:00,3.29,5.9
2025-05-20 06:00:00,3.42,6.5
2025-05-20 07:00:00,2.8,6.5
2025-05-20 08:00:00,2.55,6.0
2025-05-20 09:00:00,2.41,6.1
2025-05-20 10:00:00,2.82,6.9
2025-05-20 11:00:00,3.05,7.6
2025-05-20 12:00:00,3.21,7.8
2025-05-20 13:00:00,3.31,8.1
2025-05-20 14:00:00,3.54,8.4
2025-05-20 15:00:00,4.54,10.5
2025-05-20 16:00:00,4.63,10.5
2025-05-20 17:00:00,4.87,10.3
2025-05-20 18:00:00,4.82,10.5
2025-05-20 19:00:00,4.97,10.7
2025-05-20 20:00:00,4.55,10.0
2025-05-20 21:00:00,3.95,8.8
2025-05-20 22:00:00,3.55,7.4
2025-05-20 23:00:00,3.05,6.6
2025-05-21 00:00:00,2.15,5.6
2025-05-21 01:00:00,2.06,3.8
2025-05-21 02:00:00,2.0,4.0
2025-05-21 03:00:00,1.55,3.0
2025-05-21 04:00:00,1.49,3.1
2025-05-21 05:00:00,2.13,3.8
2025-05-21 06:00:00,2.93,5.7
2025-05-21 07:00:00,3.32,7.1
2025-05-21 08:00:00,3.27,7.3
2025-05-21 09:00:00,3.23,7.4
2025-05-21 10:00:00,3.58,8.4
2025-05-21 11:00:00,3.86,8.9
2025-05-21 12:00:00,4.19,9.5
2025-05-21 13:00:00,4.46,9.8
2025-05-21 14:00:00,4.91,11.1
2025-05-21 15:00:00,5.01,10.9
2025-05-21 16:00:00,5.05,11.4
2025-05-21 17:00:00,4.03,11.0
2025-05-21 18:00:00,4.57,9.4
2025-05-21 19:00:00,3.42,10.3
2025-05-21 20:00:00,3.31,6.9
2025-05-21 21:00:00,2.65,6.7
2025-05-21 22:00:00,4.12,7.8
2025-05-21 23:00:00,4.57,9.8
2025-05-22 00:00:00,3.62,9.3
2025-05-22 01:00:00,2.6,7.8
2025-05-22 02:00:00,1.88,6.0
2025-05-22 03:00:00,0.74,3.5
2025-05-22 04:00:00,1.43,3.2
2025-05-22 05:00:00,2.21,5.0
2025-05-22 06:00:00,2.9,6.4
2025-05-22 07:00:00,3.25,6.9
2025-05-22 08:00:00,3.29,7.6
2025-05-22 09:00:00,2.38,7.0
2025-05-22 10:00:00,2.4,6.4
2025-05-22 11:00:00,2.13,6.5
2025-05-22 12:00:00,2.49,7.1
2025-05-22 13:00:00,3.01,8.5
2025-05-22 14:00:00,2.2,7.6
2025-05-22 15:00:00,2.19,7.0
2025-05-22 16:00:00,2.23,6.2
2025-05-22 17:00:00,3.0,6.7
2025-05-22 18:00:00,5.03,10.2
2025-05-22 19:00:00,5.61,11.4
2025-05-22 20:00:00,4.79,11.5
2025-05-22 21:00:00,4.37,10.0
2025-05-22 22:00:00,4.17,8.9
2025-05-22 23:00:00,3.95,8.4
2025-05-23 00:00:00,3.72,7.8
2025-05-23 01:00:00,3.58,7.5
2025-05-23 02:00:00,3.55,7.4
2025-05-23 03:00:00,3.5,7.9
2025-05-23 04:00:00,3.62,7.9
2025-05-23 05:00:00,3.73,8.0
2025-05-23 06:00:00,3.85,8.5
2025-05-23 07:00:00,4.21,8.5
2025-05-23 08:00:00,4.47,9.3
2025-05-23 09:00:00,4.72,10.2
2025-05-23 10:00:00,4.3,10.8
2025-05-23 11:00:00,4.35,10.4
2025-05-23 12:00:00,4.4,10.3
2025-05-23 13:00:00,4.3,10.3
2025-05-23 14:00:00,5.42,12.1
2025-05-23 15:00:00,5.21,12.0
2025-05-23 16:00:00,5.1,11.7
2025-05-23 17:00:00,5.24,13.0
2025-05-23 18:00:00,4.74,12.2
2025-05-23 19:00:00,4.81,11.5
2025-05-23 20:00:00,4.36,9.6
2025-05-23 21:00:00,3.52,8.6
2025-05-23 22:00:00,3.77,7.3
2025-05-23 23:00:00,3.59,7.4
2025-05-24 00:00:00,3.47,7.0
2025-05-24 01:00:00,3.28,6.9
2025-05-24 02:00:00,3.01,6.4
2025-05-24 03:00:00,2.74,6.8
2025-05-24 04:00:00,2.4,5.3
2025-05-24 05:00:00,2.41,4.6
2025-05-24 06:00:00,2.81,5.2
2025-05-24 07:00:00,2.92,6.5
2025-05-24 08:00:00,3.02,6.9
2025-05-24 09:00:00,3.12,7.6
2025-05-24 10:00:00,3.44,8.0
2025-05-24 11:00:00,3.46,8.8
2025-05-24 12:00:00,3.51,8.5
2025-05-24 13:00:00,3.25,8.6
2025-05-24 14:00:00,2.95,8.2
2025-05-24 15:00:00,2.93,7.5
2025-05-24 16:00:00,2.76,7.3
2025-05-24 17:00:00,3.29,7.6
2025-05-24 18:00:00,3.7,8.1
2025-05-24 19:00:00,3.31,8.1
2025-05-24 20:00:00,2.53,7.0
2025-05-24 21:00:00,2.06,5.2
2025-05-24 22:00:00,1.87,3.9
2025-05-24 23:00:00,2.34,4.3
2025-05-25 00:00:00,2.89,5.3
2025-05-25 01:00:00,2.83,5.5
2025-05-25 02:00:00,3.29,6.1
2025-05-25 03:00:00,2.93,6.9
2025-05-25 04:00:00,2.8,5.7
2025-05-25 05:00:00,3.39,6.6
2025-05-25 06:00:00,3.5,7.1
2025-05-25 07:00:00,3.44,7.3
2025-05-25 08:00:00,3.44,7.4
2025-05-25 09:00:00,4.29,8.3
2025-05-25 10:00:00,4.72,9.6
2025-05-25 11:00:00,5.36,10.6
2025-05-25 12:00:00,6.5,13.6
2025-05-25 13:00:00,7.14,14.6
2025-05-25 14:00:00,7.56,15.9
2025-05-25 15:00:00,6.45,14.8
2025-05-25 16:00:00,6.2,13.6
2025-05-25 17:00:00,5.32,13.4
2025-05-25 18:00:00,4.88,10.7
2025-05-25 19:00:00,4.66,9.4
2025-05-25 20:00:00,4.68,8.9
2025-05-25 21:00:00,4.46,8.9
2025-05-25 22:00:00,4.29,8.6
2025-05-25 23:00:00,4.45,8.4
2025-05-26 00:00:00,4.32,8.6
2025-05-26 01:00:00,3.8,8.1
2025-05-26 02:00:00,3.62,7.2
2025-05-26 03:00:00,3.93,7.2
2025-05-26 04:00:00,3.53,7.4
2025-05-26 05:00:00,3.34,6.6
2025-05-26 06:00:00,4.05,7.6
2025-05-26 07:00:00,3.37,8.1
2025-05-26 08:00:00,4.05,8.4
2025-05-26 09:00:00,3.66,8.5
2025-05-26 10:00:00,4.21,9.4
2025-05-26 11:00:00,4.73,10.7
2025-05-26 12:00:00,5.15,11.1
2025-05-26 13:00:00,5.45,12.0
2025-05-26 14:00:00,4.89,12.0
2025-05-26 15:00:00,4.7,11.7
2025-05-26 16:00:00,5.91,12.8
2025-05-26 17:00:00,5.44,13.0
2025-05-26 18:00:00,5.3,11.6
2025-05-26 19:00:00,4.76,11.2
2025-05-26 20:00:00,3.97,9.8
2025-05-26 21:00:00,3.29,8.0
2025-05-26 22:00:00,3.06,6.4
2025-05-26 23:00:00,3.15,5.9
2025-05-27 00:00:00,3.16,6.2
2025-05-27 01:00:00,3.23,6.1
2025-05-27 02:00:00,3.5,6.7
2025-05-27 03:00:00,3.37,6.9
2025-05-27 04:00:00,3.05,6.5
2025-05-27 05:00:00,2.93,5.8
2025-05-27 06:00:00,2.36,5.6
2025-05-27 07:00:00,2.71,6.1
2025-05-27 08:00:00,3.53,7.9
2025-05-27 09:00:00,3.78,8.5
2025-05-27 10:00:00,4.35,9.7
2025-05-27 11:00:00,7.11,15.0
2025-05-27 12:00:00,5.72,15.2
2025-05-27 13:00:00,5.75,13.7
2025-05-27 14:00:00,6.15,14.1
2025-05-27 15:00:00,6.13,12.5
2025-05-27 16:00:00,6.75,14.0
2025-05-27 17:00:00,6.58,13.2
2025-05-27 18:00:00,7.09,13.4
2025-05-27 19:00:00,5.98,13.4
2025-05-27 20:00:00,5.9,12.0
2025-05-27 21:00:00,4.63,11.1
2025-05-27 22:00:00,4.03,8.9
2025-05-27 23:00:00,3.48,7.6
2025-05-28 00:00:00,3.73,7.2
2025-05-28 01:00:00,3.66,7.5
2025-05-28 02:00:00,3.36,7.3
2025-05-28 03:00:00,1.71,4.9
2025-05-28 04:00:00,1.45,3.2
2025-05-28 05:00:00,1.23,2.8
2025-05-28 06:00:00,1.03,2.4
2025-05-28 07:00:00,0.35,2.2
2025-05-28 08:00:00,0.88,1.9
2025-05-28 09:00:00,1.59,3.4
2025-05-28 10:00:00,2.41,4.9
2025-05-28 11:00:00,2.79,5.9
2025-05-28 12:00:00,2.7,6.1
2025-05-28 13:00:00,2.89,6.2
2025-05-28 14:00:00,2.6,6.2
2025-05-28 15:00:00,1.54,5.0
2025-05-28 16:00:00,1.07,4.1
2025-05-28 17:00:00,1.6,4.4
2025-05-28 18:00:00,2.17,5.3
2025-05-28 19:00:00,2.08,5.2
2025-05-28 20:00:00,1.3,4.5
2025-05-28 21:00:00,1.5,2.5
2025-05-28 22:00:00,3.05,4.9
2025-05-28 23:00:00,4.47,8.6
2025-05-29 00:00:00,4.19,8.6
2025-05-29 01:00:00,3.8,8.1
2025-05-29 02:00:00,3.42,7.3
2025-05-29 03:00:00,3.37,6.9
2025-05-29 04:00:00,3.2,6.6
2025-05-29 05:00:00,2.96,6.4
2025-05-29 06:00:00,3.24,6.2
2025-05-29 07:00:00,4.16,8.7
2025-05-29 08:00:00,4.03,9.3
2025-05-29 09:00:00,3.62,9.0
2025-05-29 10:00:00,4.26,9.8
2025-05-29 11:00:00,4.55,10.4
2025-05-29 12:00:00,4.59,10.5
2025-05-29 13:00:00,4.62,10.5
2025-05-29 14:00:00,4.54,10.5
2025-05-29 15:00:00,4.95,11.1
2025-05-29 16:00:00,4.68,11.0
2025-05-29 17:00:00,4.57,10.4
2025-05-29 18:00:00,4.73,10.1
2025-05-29 19:00:00,4.71,10.3
2025-05-29 20:00:00,4.35,10.0
2025-05-29 21:00:00,3.44,8.7
2025-05-29 22:00:00,2.94,6.7
2025-05-29 23:00:00,2.47,5.7
2025-05-30 00:00:00,2.27,4.7
2025-05-30 01:00:00,2.36,4.4
2025-05-30 02:00:00,3.03,5.6
2025-05-30 03:00:00,2.91,5.5
2025-05-30 04:00:00,3.46,6.8
2025-05-30 05:00:00,3.85,7.8
2025-05-30 06:00:00,4.05,8.0
2025-05-30 07:00:00,4.2,8.3
2025-05-30 08:00:00,4.38,9.3
2025-05-30 09:00:00,4.29,9.2
2025-05-30 10:00:00,4.24,9.3
2025-05-30 11:00:00,5.65,11.6
2025-05-30 12:00:00,6.22,13.5
2025-05-30 13:00:00,6.38,14.1
2025-05-30 14:00:00,8.02,16.8
2025-05-30 15:00:00,7.28,17.2
2025-05-30 16:00:00,7.11,16.3
2025-05-30 17:00:00,6.42,15.0
2025-05-30 18:00:00,5.57,14.1
2025-05-30 19:00:00,5.68,12.3
2025-05-30 20:00:00,4.84,12.3
2025-05-30 21:00:00,5.01,10.3
2025-05-30 22:00:00,4.66,10.0
2025-05-30 23:00:00,4.27,9.3
2025-05-31 00:00:00,4.32,8.7
2025-05-31 01:00:00,4.12,8.7
2025-05-31 02:00:00,3.95,8.3
2025-05-31 03:00:00,3.45,7.4
2025-05-31 04:00:00,3.35,6.8
2025-05-31 05:00:00,3.46,6.8
2025-05-31 06:00:00,3.22,7.1
2025-05-31 07:00:00,3.9,8.5
2025-05-31 08:00:00,3.75,8.7
2025-05-31 09:00:00,4.3,9.7
2025-05-31 10:00:00,4.33,10.0
2025-05-31 11:00:00,4.17,9.9
2025-05-31 12:00:00,4.08,9.6
2025-05-31 13:00:00,4.19,9.8
2025-05-31 14:00:00,4.32,9.8
2025-05-31 15:00:00,4.63,10.4
2025-05-31 16:00:00,4.75,10.6
2025-05-31 17:00:00,4.71,10.7
2025-05-31 18:00:00,4.46,10.4
2025-05-31 19:00:00,4.06,9.7
2025-05-31 20:00:00,3.42,8.6
2025-05-31 21:00:00,3.04,6.8
2025-05-31 22:00:00,2.74,5.8
2025-05-31 23:00:00,2.25,5.1
2025-06-01 00:00:00,1.97,4.2
2025-06-01 01:00:00,1.53,3.8
2025-06-01 02:00:00,0.98,3.0
2025-06-01 03:00:00,0.76,2.4
2025-06-01 04:00:00,0.51,1.8
2025-06-01 05:00:00,0.22,1.4
2025-06-01 06:00:00,0.74,1.5
2025-06-01 07:00:00,1.0,3.0
2025-06-01 08:00:00,1.36,4.0
2025-06-01 09:00:00,2.25,5.7
2025-06-01 10:00:00,2.43,6.1
2025-06-01 11:00:00,3.46,8.2
2025-06-01 12:00:00,4.39,9.9
2025-06-01 13:00:00,4.64,11.3
2025-06-01 14:00:00,4.25,10.5
2025-06-01 15:00:00,5.3,11.2
2025-06-01 16:00:00,6.36,12.9
2025-06-01 17:00:00,5.79,14.0
2025-06-01 18:00:00,5.88,12.3
2025-06-01 19:00:00,4.81,12.3
2025-06-01 20:00:00,3.86,10.0
2025-06-01 21:00:00,3.71,7.7
2025-06-01 22:00:00,3.26,7.3
2025-06-01 23:00:00,2.91,6.9
2025-06-02 00:00:00,2.89,5.4
2025-06-02 01:00:00,3.3,6.0
2025-06-02 02:00:00,3.7,6.9
2025-06-02 03:00:00,3.51,7.2
2025-06-02 04:00:00,3.49,6.7
2025-06-02 05:00:00,3.22,6.8
2025-06-02 06:00:00,3.2,6.3
2025-06-02 07:00:00,3.31,6.7
2025-06-02 08:00:00,4.71,9.8
2025-06-02 09:00:00,4.32,10.0
2025-06-02 10:00:00,4.97,10.3
2025-06-02 11:00:00,5.64,12.3
2025-06-02 12:00:00,5.91,13.4
2025-06-02 13:00:00,5.37,13.2
2025-06-02 14:00:00,5.91,13.2
2025-06-02 15:00:00,5.79,12.5
2025-06-02 16:00:00,6.17,13.4
2025-06-02 17:00:00,6.01,13.3
2025-06-02 18:00:00,5.83,12.8
2025-06-02 19:00:00,5.17,12.2
2025-06-02 20:00:00,4.18,10.7
2025-06-02 21:00:00,3.51,8.5
2025-06-02 22:00:00,3.15,6.9
2025-06-02 23:00:00,3.05,6.1
2025-06-03 00:00:00,2.63,5.9
2025-06-03 01:00:00,2.43,5.1
2025-06-03 02:00:00,2.56,4.8
2025-06-03 03:00:00,2.25,5.2
2025-06-03 04:00:00,2.44,4.8
2025-06-03 05:00:00,2.62,5.3
2025-06-03 06:00:00,2.76,6.0
2025-06-03 07:00:00,3.26,7.1
2025-06-03 08:00:00,3.76,8.4
2025-06-03 09:00:00,4.07,9.3
2025-06-03 10:00:00,4.11,9.6
2025-06-03 11:00:00,3.68,9.6
2025-06-03 12:00:00,3.56,8.9
2025-06-03 13:00:00,3.4,8.8
2025-06-03 14:00:00,3.47,8.6
2025-06-03 15:00:00,3.14,8.7
2025-06-03 16:00:00,3.29,7.9
2025-06-03 17:00:00,3.82,8.7
2025-06-03 18:00:00,3.73,8.7
2025-06-03 19:00:00,4.0,8.5
2025-06-03 20:00:00,4.01,8.5
2025-06-03 21:00:00,2.98,8.0
2025-06-03 22:00:00,2.68,5.7
2025-06-03 23:00:00,3.02,5.5
2025-06-04 00:00:00,3.3,6.0
2025-06-04 01:00:00,3.72,7.3
2025-06-04 02:00:00,4.05,7.8
2025-06-04 03:00:00,4.33,8.5
2025-06-04 04:00:00,4.32,8.5
2025-06-04 05:00:00,4.79,9.4
2025-06-04 06:00:00,4.84,9.8
2025-06-04 07:00:00,3.84,9.6
2025-06-04 08:00:00,4.34,8.9
2025-06-04 09:00:00,3.46,9.2
2025-06-04 10:00:00,4.48,9.7
2025-06-04 11:00:00,6.36,13.7
2025-06-04 12:00:00,4.75,12.8
2025-06-04 13:00:00,5.45,13.5
2025-06-04 14:00:00,5.34,13.6
2025-06-04 15:00:00,4.86,13.8
2025-06-04 16:00:00,2.7,9.8
2025-06-04 17:00:00,4.66,11.3
2025-06-04 18:00:00,3.43,9.8
2025-06-04 19:00:00,2.88,8.0
2025-06-04 20:00:00,4.62,8.9
2025-06-04 21:00:00,4.44,9.3
2025-06-04 22:00:00,2.98,8.6
2025-06-04 23:00:00,2.93,5.6
2025-06-05 00:00:00,2.94,5.7
2025-06-05 01:00:00,3.43,6.6
2025-06-05 02:00:00,3.31,6.8
2025-06-05 03:00:00,2.86,5.9
2025-06-05 04:00:00,2.53,5.5
2025-06-05 05:00:00,2.33,4.9
2025-06-05 06:00:00,2.67,5.3
2025-06-05 07:00:00,3.16,6.7
2025-06-05 08:00:00,3.18,7.4
2025-06-05 09:00:00,3.49,8.3
2025-06-05 10:00:00,3.54,8.5
2025-06-05 11:00:00,3.76,9.0
2025-06-05 12:00:00,4.02,9.4
2025-06-05 13:00:00,4.63,10.4
2025-06-05 14:00:00,4.8,10.6
2025-06-05 15:00:00,4.74,10.4
2025-06-05 16:00:00,4.18,10.4
2025-06-05 17:00:00,4.43,9.6
2025-06-05 18:00:00,4.48,9.6
2025-06-05 19:00:00,4.25,9.7
2025-06-05 20:00:00,3.98,9.2
2025-06-05 21:00:00,3.01,8.0
2025-06-05 22:00:00,3.57,6.8
2025-06-05 23:00:00,3.68,7.3
2025-06-06 00:00:00,3.8,7.4
2025-06-06 01:00:00,3.76,7.5
2025-06-06 02:00:00,3.59,7.5
2025-06-06 03:00:00,3.67,7.6
2025-06-06 04:00:00,3.97,8.0
2025-06-06 05:00:00,3.81,8.4
2025-06-06 06:00:00,3.58,7.0
2025-06-06 07:00:00,3.62,8.1
2025-06-06 08:00:00,4.26,8.5
2025-06-06 09:00:00,4.73,9.8
2025-06-06 10:00:00,4.4,10.1
2025-06-06 11:00:00,5.24,10.4
2025-06-06 12:00:00,4.8,11.0
2025-06-06 13:00:00,6.57,12.3
2025-06-06 14:00:00,6.01,12.8
2025-06-06 15:00:00,5.1,11.8
2025-06-06 16:00:00,6.82,14.1
2025-06-06 17:00:00,5.62,14.7
2025-06-06 18:00:00,7.23,13.9
2025-06-06 19:00:00,7.46,15.3
2025-06-06 20:00:00,6.77,15.0
2025-06-06 21:00:00,6.63,13.9
2025-06-06 22:00:00,6.52,13.3
2025-06-06 23:00:00,6.26,13.1
2025-06-07 00:00:00,6.06,12.5
2025-06-07 01:00:00,6.35,12.6
2025-06-07 02:00:00,5.76,12.7
2025-06-07 03:00:00,5.37,11.9
2025-06-07 04:00:00,5.23,10.8
2025-06-07 05:00:00,4.99,10.5
2025-06-07 06:00:00,5.3,10.9
2025-06-07 07:00:00,6.6,13.2
2025-06-07 08:00:00,6.51,13.5
2025-06-07 09:00:00,6.53,13.7
2025-06-07 10:00:00,6.25,13.8
2025-06-07 11:00:00,5.94,13.3
2025-06-07 12:00:00,5.75,12.9
2025-06-07 13:00:00,5.82,12.8
2025-06-07 14:00:00,5.57,12.7
2025-06-07 15:00:00,4.74,11.2
2025-06-07 16:00:00,4.63,10.5
2025-06-07 17:00:00,4.59,10.4
2025-06-07 18:00:00,4.19,9.9
2025-06-07 19:00:00,3.33,8.8
2025-06-07 20:00:00,2.46,6.9
2025-06-07 21:00:00,1.86,4.8
2025-06-07 22:00:00,1.48,3.5
2025-06-07 23:00:00,1.4,2.9
2025-06-08 00:00:00,1.22,2.8
2025-06-08 01:00:00,1.05,2.3
2025-06-08 02:00:00,0.93,2.2
2025-06-08 03:00:00,1.01,2.0
2025-06-08 04:00:00,1.46,2.7
2025-06-08 05:00:00,0.87,2.6
2025-06-08 06:00:00,0.81,1.8
2025-06-08 07:00:00,0.76,2.7
2025-06-08 08:00:00,0.85,3.7
2025-06-08 09:00:00,0.52,3.9
2025-06-08 10:00:00,0.6,3.6
2025-06-08 11:00:00,1.15,4.1
2025-06-08 12:00:00,2.37,6.5
2025-06-08 13:00:00,2.4,6.5
2025-06-08 14:00:00,1.85,6.1
2025-06-08 15:00:00,2.75,6.1
2025-06-08 16:00:00,2.26,6.5
2025-06-08 17:00:00,2.29,5.1
2025-06-08 18:00:00,1.56,5.0
2025-06-08 19:00:00,2.09,4.2
2025-06-08 20:00:00,2.82,5.4
2025-06-08 21:00:00,3.08,5.8
2025-06-08 22:00:00,3.43,6.5
2025-06-08 23:00:00,3.96,7.1
2025-06-09 00:00:00,4.01,7.7
2025-06-09 01:00:00,4.14,7.8
2025-06-09 02:00:00,4.13,8.0
2025-06-09 03:00:00,4.0,8.2
2025-06-09 04:00:00,4.09,8.0
2025-06-09 05:00:00,4.43,8.6
2025-06-09 06:00:00,4.78,9.4
2025-06-09 07:00:00,6.59,12.2
2025-06-09 08:00:00,6.35,13.8
2025-06-09 09:00:00,5.81,13.5
2025-06-09 10:00:00,6.08,13.3
2025-06-09 11:00:00,6.01,13.3
2025-06-09 12:00:00,6.29,13.8
2025-06-09 13:00:00,6.59,14.4
2025-06-09 14:00:00,6.72,14.5
2025-06-09 15:00:00,7.27,15.4
2025-06-09 16:00:00,7.46,16.3
2025-06-09 17:00:00,7.16,16.4
2025-06-09 18:00:00,7.21,15.8
2025-06-09 19:00:00,6.62,15.0
2025-06-09 20:00:00,5.32,13.5
2025-06-09 21:00:00,4.85,10.9
2025-06-09 22:00:00,4.36,9.8
2025-06-09 23:00:00,3.67,8.7
2025-06-10 00:00:00,2.95,7.3
2025-06-10 01:00:00,2.69,5.8
2025-06-10 02:00:00,3.01,5.9
2025-06-10 03:00:00,2.8,5.9
2025-06-10 04:00:00,2.76,5.6
2025-06-10 05:00:00,2.53,5.5
2025-06-10 06:00:00,2.21,5.1
2025-06-10 07:00:00,2.64,5.6
2025-06-10 08:00:00,2.58,5.8
2025-06-10 09:00:00,3.14,8.0
2025-06-10 10:00:00,3.3,8.2
2025-06-10 11:00:00,3.61,8.9
2025-06-10 12:00:00,4.1,10.0
2025-06-10 13:00:00,4.1,10.3
2025-06-10 14:00:00,3.28,10.3
2025-06-10 15:00:00,4.97,10.6
2025-06-10 16:00:00,3.95,9.8
2025-06-10 17:00:00,4.1,8.7
2025-06-10 18:00:00,3.32,9.5
2025-06-10 19:00:00,2.79,6.5
2025-06-10 20:00:00,2.96,5.9
2025-06-10 21:00:00,2.21,5.4
2025-06-10 22:00:00,1.82,4.0
2025-06-10 23:00:00,1.47,3.3
2025-06-11 00:00:00,1.1,2.7
2025-06-11 01:00:00,1.18,2.3
2025-06-11 02:00:00,0.96,2.5
2025-06-11 03:00:00,1.51,2.8
2025-06-11 04:00:00,2.06,4.1
2025-06-11 05:00:00,3.45,6.3
2025-06-11 06:00:00,3.61,7.1
2025-06-11 07:00:00,3.95,8.5
2025-06-11 08:00:00,4.9,10.1
2025-06-11 09:00:00,5.54,11.4
2025-06-11 10:00:00,5.9,12.5
2025-06-11 11:00:00,5.82,12.7
2025-06-11 12:00:00,5.85,12.8
2025-06-11 13:00:00,5.87,13.0
2025-06-11 14:00:00,5.81,12.9
2025-06-11 15:00:00,6.4,13.5
2025-06-11 16:00:00,6.34,13.9
2025-06-11 17:00:00,5.52,13.9
2025-06-11 18:00:00,5.57,12.3
2025-06-11 19:00:00,4.72,11.8
2025-06-11 20:00:00,4.1,9.7
2025-06-11 21:00:00,3.62,8.3
2025-06-11 22:00:00,3.23,7.0
2025-06-11 23:00:00,2.97,6.1
2025-06-12 00:00:00,3.42,6.4
2025-06-12 01:00:00,3.59,6.9
2025-06-12 02:00:00,3.54,6.9
2025-06-12 03:00:00,3.1,7.2
2025-06-12 04:00:00,2.93,6.0
2025-06-12 05:00:00,2.82,5.6
2025-06-12 06:00:00,2.65,5.5
2025-06-12 07:00:00,2.66,5.6
2025-06-12 08:00:00,3.46,7.6
2025-06-12 09:00:00,3.75,8.5
2025-06-12 10:00:00,3.65,8.6
2025-06-12 11:00:00,3.65,8.6
2025-06-12 12:00:00,3.75,8.9
2025-06-12 13:00:00,3.71,9.1
2025-06-12 14:00:00,3.77,8.9
2025-06-12 15:00:00,3.91,9.3
2025-06-12 16:00:00,4.05,9.3
2025-06-12 17:00:00,3.94,9.3
2025-06-12 18:00:00,3.61,8.7
2025-06-12 19:00:00,2.68,7.7
2025-06-12 20:00:00,2.26,5.8
2025-06-12 21:00:00,2.43,4.4
2025-06-12 22:00:00,1.95,4.5
2025-06-12 23:00:00,1.91,3.6
2025-06-13 00:00:00,2.16,4.1
2025-06-13 01:00:00,1.49,4.1
2025-06-13 02:00:00,1.36,2.9
2025-06-13 03:00:00,1.0,2.6
2025-06-13 04:00:00,0.56,2.0
2025-06-13 05:00:00,0.69,1.5
2025-06-13 06:00:00,0.84,1.8
2025-06-13 07:00:00,0.39,2.1
2025-06-13 08:00:00,0.35,2.6
2025-06-13 09:00:00,0.45,3.0
2025-06-13 10:00:00,0.16,3.0
2025-06-13 11:00:00,0.45,3.3
2025-06-13 12:00:00,0.86,4.0
2025-06-13 13:00:00,0.84,4.1
2025-06-13 14:00:00,0.72,4.0
2025-06-13 15:00:00,0.78,3.8
2025-06-13 16:00:00,0.49,3.7
2025-06-13 17:00:00,1.34,4.1
2025-06-13 18:00:00,1.3,4.2
2025-06-13 19:00:00,1.63,3.6
2025-06-13 20:00:00,3.9,7.6
2025-06-13 21:00:00,3.5,8.1
2025-06-13 22:00:00,2.87,6.7
2025-06-13 23:00:00,1.82,5.3
2025-06-14 00:00:00,1.28,3.4
2025-06-14 01:00:00,0.45,2.3
2025-06-14 02:00:00,0.05,1.0
2025-06-14 03:00:00,0.22,0.9
2025-06-14 04:00:00,0.6,1.4
2025-06-14 05:00:00,1.02,1.9
2025-06-14 06:00:00,1.3,2.1
2025-06-14 07:00:00,0.86,2.7
2025-06-14 08:00:00,1.33,3.8
2025-06-14 09:00:00,2.07,5.3
2025-06-14 10:00:00,2.38,6.1
2025-06-14 11:00:00,2.73,6.9
2025-06-14 12:00:00,2.75,7.2
2025-06-14 13:00:00,2.72,7.1
2025-06-14 14:00:00,2.76,7.0
2025-06-14 15:00:00,2.73,6.8
2025-06-14 16:00:00,2.91,7.0
2025-06-14 17:00:00,2.91,7.0
2025-06-14 18:00:00,3.1,6.9
2025-06-14 19:00:00,3.02,6.9
2025-06-14 20:00:00,2.8,6.5
2025-06-14 21:00:00,2.66,5.5
2025-06-14 22:00:00,2.63,5.0
2025-06-14 23:00:00,2.21,4.9
2025-06-15 00:00:00,1.87,4.1
2025-06-15 01:00:00,2.09,3.9
2025-06-15 02:00:00,1.98,4.1
2025-06-15 03:00:00,1.45,3.2
2025-06-15 04:00:00,1.52,3.0
2025-06-15 05:00:00,1.28,2.9
2025-06-15 06:00:00,1.71,3.1
2025-06-15 07:00:00,1.52,3.8
2025-06-15 08:00:00,1.41,4.0
2025-06-15 09:00:00,1.85,5.1
2025-06-15 10:00:00,2.36,6.1
2025-06-15 11:00:00,2.91,7.2
2025-06-15 12:00:00,3.11,7.7
2025-06-15 13:00:00,3.41,8.2
2025-06-15 14:00:00,3.47,8.3
2025-06-15 15:00:00,4.03,9.8
2025-06-15 16:00:00,3.74,9.1
2025-06-15 17:00:00,3.58,8.5
2025-06-15 18:00:00,3.55,7.9
2025-06-15 19:00:00,3.56,7.8
2025-06-15 20:00:00,3.11,7.1
2025-06-15 21:00:00,2.95,5.8
2025-06-15 22:00:00,2.96,5.5
2025-06-15 23:00:00,2.9,5.6
2025-06-16 00:00:00,2.47,5.2
2025-06-16 01:00:00,2.7,4.7
2025-06-16 02:00:00,3.43,6.5
2025-06-16 03:00:00,3.29,6.1
2025-06-16 04:00:00,3.47,6.4
2025-06-16 05:00:00,4.34,8.3
2025-06-16 06:00:00,3.72,8.5
2025-06-16 07:00:00,3.53,6.8
2025-06-16 08:00:00,4.3,9.1
2025-06-16 09:00:00,4.72,9.3
2025-06-16 10:00:00,5.66,11.6
2025-06-16 11:00:00,5.76,12.7
2025-06-16 12:00:00,6.41,13.8
2025-06-16 13:00:00,6.79,14.7
2025-06-16 14:00:00,7.04,15.1
2025-06-16 15:00:00,6.74,14.7
2025-06-16 16:00:00,7.26,15.2
2025-06-16 17:00:00,7.31,15.7
2025-06-16 18:00:00,6.69,15.8
2025-06-16 19:00:00,6.6,14.6
2025-06-16 20:00:00,5.48,13.9
2025-06-16 21:00:00,5.04,11.3
2025-06-16 22:00:00,5.2,10.5
2025-06-16 23:00:00,5.3,10.8
2025-06-17 00:00:00,5.3,10.8
2025-06-17 01:00:00,5.09,10.8
2025-06-17 02:00:00,5.0,10.3
2025-06-17 03:00:00,4.93,10.2
2025-06-17 04:00:00,4.73,9.9
2025-06-17 05:00:00,4.87,9.8
2025-06-17 06:00:00,4.07,9.7
2025-06-17 07:00:00,5.95,12.3
2025-06-17 08:00:00,4.92,12.5
2025-06-17 09:00:00,5.4,11.7
2025-06-17 10:00:00,5.48,11.9
2025-06-17 11:00:00,6.8,14.0
2025-06-17 12:00:00,6.33,14.6
2025-06-17 13:00:00,5.95,13.8
2025-06-17 14:00:00,6.45,13.5
2025-06-17 15:00:00,7.94,16.3
2025-06-17 16:00:00,7.6,16.8
2025-06-17 17:00:00,7.55,15.8
2025-06-17 18:00:00,7.85,17.4
2025-06-17 19:00:00,6.78,16.4
2025-06-17 20:00:00,5.79,13.9
2025-06-17 21:00:00,5.33,11.7
2025-06-17 22:00:00,5.03,10.7
2025-06-17 23:00:00,4.65,10.0
2025-06-18 00:00:00,4.45,9.2
2025-06-18 01:00:00,4.46,8.9
2025-06-18 02:00:00,4.67,9.3
2025-06-18 03:00:00,4.76,10.0
2025-06-18 04:00:00,4.58,9.5
2025-06-18 05:00:00,5.12,10.3
2025-06-18 06:00:00,5.15,10.7
2025-06-18 07:00:00,5.52,11.7
2025-06-18 08:00:00,5.25,11.8
2025-06-18 09:00:00,5.76,12.0
2025-06-18 10:00:00,6.12,13.2
2025-06-18 11:00:00,5.83,13.2
2025-06-18 12:00:00,5.73,12.9
2025-06-18 13:00:00,5.57,12.7
2025-06-18 14:00:00,5.99,13.3
2025-06-18 15:00:00,6.89,14.8
2025-06-18 16:00:00,6.46,14.8
2025-06-18 17:00:00,6.68,14.4
2025-06-18 18:00:00,6.19,14.3
2025-06-18 19:00:00,5.81,13.2
2025-06-18 20:00:00,5.11,12.3
2025-06-18 21:00:00,4.5,10.4
2025-06-18 22:00:00,3.96,9.1
2025-06-18 23:00:00,4.4,8.8
2025-06-19 00:00:00,4.91,9.9
2025-06-19 01:00:00,4.8,10.0
2025-06-19 02:00:00,4.96,10.2
2025-06-19 03:00:00,5.06,10.6
2025-06-19 04:00:00,5.19,10.6
2025-06-19 05:00:00,5.23,10.7
2025-06-19 06:00:00,5.2,10.4
2025-06-19 07:00:00,6.41,13.4
2025-06-19 08:00:00,6.24,13.5
2025-06-19 09:00:00,6.23,13.4
2025-06-19 10:00:00,6.46,15.7
2025-06-19 11:00:00,6.82,15.9
2025-06-19 12:00:00,6.81,15.5
2025-06-19 13:00:00,6.73,16.9
2025-06-19 14:00:00,6.64,15.2
2025-06-19 15:00:00,6.83,14.5
2025-06-19 16:00:00,5.81,14.6
2025-06-19 17:00:00,5.47,13.1
2025-06-19 18:00:00,5.22,12.5
2025-06-19 19:00:00,4.7,11.4
2025-06-19 20:00:00,4.16,9.9
2025-06-19 21:00:00,3.54,8.4
2025-06-19 22:00:00,4.26,7.9
2025-06-19 23:00:00,4.82,9.7
2025-06-20 00:00:00,4.16,9.5
2025-06-20 01:00:00,3.6,8.2
2025-06-20 02:00:00,3.18,7.1
2025-06-20 03:00:00,2.93,6.4
2025-06-20 04:00:00,2.93,5.8
2025-06-20 05:00:00,2.75,5.7
2025-06-20 06:00:00,2.21,5.4
2025-06-20 07:00:00,2.21,5.2
2025-06-20 08:00:00,2.19,5.5
2025-06-20 09:00:00,2.2,5.9
2025-06-20 10:00:00,2.38,6.4
2025-06-20 11:00:00,2.73,7.1
2025-06-20 12:00:00,3.39,8.1
2025-06-20 13:00:00,3.68,9.1
2025-06-20 14:00:00,3.33,8.8
2025-06-20 15:00:00,3.69,8.0
2025-06-20 16:00:00,4.8,10.3
2025-06-20 17:00:00,4.53,10.5
2025-06-20 18:00:00,4.46,10.1
2025-06-20 19:00:00,4.56,9.7
2025-06-20 20:00:00,4.25,9.7
2025-06-20 21:00:00,4.1,8.5
2025-06-20 22:00:00,4.06,8.1
2025-06-20 23:00:00,3.71,7.9
2025-06-21 00:00:00,3.52,7.3
2025-06-21 01:00:00,3.6,7.1
2025-06-21 02:00:00,3.55,7.2
2025-06-21 03:00:00,3.7,7.9
2025-06-21 04:00:00,3.68,7.7
2025-06-21 05:00:00,3.71,7.5
2025-06-21 06:00:00,3.3,7.6
2025-06-21 07:00:00,4.14,8.7
2025-06-21 08:00:00,6.56,12.8
2025-06-21 09:00:00,6.71,14.3
2025-06-21 10:00:00,6.52,14.2
2025-06-21 11:00:00,6.66,14.3
2025-06-21 12:00:00,6.85,15.0
2025-06-21 13:00:00,6.37,14.9
2025-06-21 14:00:00,6.12,14.0
2025-06-21 15:00:00,5.89,13.6
2025-06-21 16:00:00,6.02,13.2
2025-06-21 17:00:00,6.0,13.2
2025-06-21 18:00:00,5.52,13.0
2025-06-21 19:00:00,4.75,11.8
2025-06-21 20:00:00,3.61,9.9
2025-06-21 21:00:00,3.35,7.2
2025-06-21 22:00:00,3.32,6.5
2025-06-21 23:00:00,2.94,6.2
2025-06-22 00:00:00,2.37,5.4
2025-06-22 01:00:00,1.78,4.3
2025-06-22 02:00:00,1.42,3.4
2025-06-22 03:00:00,0.92,2.4
2025-06-22 04:00:00,0.94,1.8
2025-06-22 05:00:00,1.91,3.6
2025-06-22 06:00:00,2.61,5.0
2025-06-22 07:00:00,2.24,5.0
2025-06-22 08:00:00,1.9,5.1
2025-06-22 09:00:00,2.12,5.6
2025-06-22 10:00:00,2.23,6.0
2025-06-22 11:00:00,2.53,6.6
2025-06-22 12:00:00,3.01,7.4
2025-06-22 13:00:00,3.44,8.4
2025-06-22 14:00:00,4.01,9.4
2025-06-22 15:00:00,4.55,10.5
2025-06-22 16:00:00,5.0,11.2
2025-06-22 17:00:00,5.25,11.8
2025-06-22 18:00:00,5.17,11.6
2025-06-22 19:00:00,4.94,11.2
2025-06-22 20:00:00,4.58,10.6
2025-06-22 21:00:00,4.59,9.7
2025-06-22 22:00:00,5.8,11.8
2025-06-22 23:00:00,4.65,11.8
2025-06-23 00:00:00,4.4,9.2
2025-06-23 01:00:00,4.33,8.9
2025-06-23 02:00:00,4.06,8.3
2025-06-23 03:00:00,5.53,11.1
2025-06-23 04:00:00,5.06,10.9
2025-06-23 05:00:00,4.51,9.5
2025-06-23 06:00:00,4.47,9.5
2025-06-23 07:00:00,3.83,8.3
2025-06-23 08:00:00,2.4,8.1
2025-06-23 09:00:00,3.3,6.9
2025-06-23 10:00:00,4.14,8.6
2025-06-23 11:00:00,3.64,9.1
2025-06-23 12:00:00,3.4,8.3
2025-06-23 13:00:00,4.53,9.8
2025-06-23 14:00:00,3.69,11.0
2025-06-23 15:00:00,4.68,11.0
2025-06-23 16:00:00,5.67,11.5
2025-06-23 17:00:00,5.27,11.9
2025-06-23 18:00:00,5.38,11.6
2025-06-23 19:00:00,6.32,12.6
2025-06-23 20:00:00,5.94,11.9
2025-06-23 21:00:00,6.02,12.8
2025-06-23 22:00:00,5.93,12.0
2025-06-23 23:00:00,5.85,12.0
2025-06-24 00:00:00,5.8,11.8
2025-06-24 01:00:00,5.92,12.0
2025-06-24 02:00:00,5.59,11.9
2025-06-24 03:00:00,6.16,12.6
2025-06-24 04:00:00,6.49,12.9
2025-06-24 05:00:00,6.37,14.6
2025-06-24 06:00:00,7.56,16.5
2025-06-24 07:00:00,7.18,16.6
2025-06-24 08:00:00,7.31,16.6
2025-06-24 09:00:00,6.32,15.9
2025-06-24 10:00:00,7.05,15.7
2025-06-24 11:00:00,7.51,17.6
2025-06-24 12:00:00,7.82,20.0
2025-06-24 13:00:00,9.11,19.1
2025-06-24 14:00:00,8.95,18.9
2025-06-24 15:00:00,8.81,18.3
2025-06-24 16:00:00,8.46,18.8
2025-06-24 17:00:00,7.95,17.6
2025-06-24 18:00:00,7.95,17.7
2025-06-24 19:00:00,7.45,17.8
2025-06-24 20:00:00,6.3,15.3
2025-06-24 21:00:00,5.66,13.5
2025-06-24 22:00:00,5.2,11.6
2025-06-24 23:00:00,4.83,10.4
2025-06-25 00:00:00,4.67,9.8
2025-06-25 01:00:00,4.01,9.4
2025-06-25 02:00:00,3.68,8.1
2025-06-25 03:00:00,3.54,7.5
2025-06-25 04:00:00,3.42,7.1
2025-06-25 05:00:00,3.37,6.8
2025-06-25 06:00:00,3.96,7.7
2025-06-25 07:00:00,5.24,10.9
2025-06-25 08:00:00,5.46,11.4
2025-06-25 09:00:00,5.66,11.7
2025-06-25 10:00:00,5.48,12.3
2025-06-25 11:00:00,5.96,12.9
2025-06-25 12:00:00,5.77,13.4
2025-06-25 13:00:00,5.72,13.2
2025-06-25 14:00:00,5.41,12.8
2025-06-25 15:00:00,4.92,11.3
2025-06-25 16:00:00,5.63,12.1
2025-06-25 17:00:00,4.68,12.1
2025-06-25 18:00:00,4.65,10.6
2025-06-25 19:00:00,3.47,9.3
2025-06-25 20:00:00,2.84,7.2
2025-06-25 21:00:00,2.37,5.7
2025-06-25 22:00:00,3.18,5.6
2025-06-25 23:00:00,3.75,7.1
2025-06-26 00:00:00,3.4,7.2
2025-06-26 01:00:00,2.88,6.5
2025-06-26 02:00:00,2.39,5.4
2025-06-26 03:00:00,1.45,4.6
2025-06-26 04:00:00,1.15,2.9
2025-06-26 05:00:00,2.12,4.1
2025-06-26 06:00:00,1.92,4.3
2025-06-26 07:00:00,1.52,4.2
2025-06-26 08:00:00,1.27,4.5
2025-06-26 09:00:00,0.83,4.1
2025-06-26 10:00:00,1.97,5.5
2025-06-26 11:00:00,2.82,7.2
2025-06-26 12:00:00,3.26,8.0
2025-06-26 13:00:00,3.02,8.2
2025-06-26 14:00:00,2.57,7.5
2025-06-26 15:00:00,3.66,8.5
2025-06-26 16:00:00,3.63,8.5
2025-06-26 17:00:00,3.39,8.5
2025-06-26 18:00:00,3.15,7.6
2025-06-26 19:00:00,3.08,6.9
2025-06-26 20:00:00,4.28,8.6
2025-06-26 21:00:00,3.26,8.7
2025-06-26 22:00:00,2.75,6.4
2025-06-26 23:00:00,2.67,4.9
2025-06-27 00:00:00,2.09,4.7
2025-06-27 01:00:00,1.53,3.8
2025-06-27 02:00:00,0.92,3.0
2025-06-27 03:00:00,1.69,3.6
2025-06-27 04:00:00,2.22,4.4
2025-06-27 05:00:00,2.18,4.2
2025-06-27 06:00:00,3.25,6.2
2025-06-27 07:00:00,2.85,6.5
2025-06-27 08:00:00,3.76,7.6
2025-06-27 09:00:00,3.7,7.9
2025-06-27 10:00:00,3.13,7.7
2025-06-27 11:00:00,4.46,9.8
2025-06-27 12:00:00,6.15,13.2
2025-06-27 13:00:00,6.37,13.7
2025-06-27 14:00:00,6.95,14.8
2025-06-27 15:00:00,7.75,16.5
2025-06-27 16:00:00,8.03,17.0
2025-06-27 17:00:00,7.83,17.1
2025-06-27 18:00:00,7.91,16.4
2025-06-27 19:00:00,7.64,16.9
2025-06-27 20:00:00,5.96,15.7
2025-06-27 21:00:00,5.79,12.2
2025-06-27 22:00:00,5.46,11.7
2025-06-27 23:00:00,5.42,11.0
2025-06-28 00:00:00,5.16,11.0
2025-06-28 01:00:00,4.96,10.4
2025-06-28 02:00:00,4.47,9.9
2025-06-28 03:00:00,4.3,9.1
2025-06-28 04:00:00,4.2,8.8
2025-06-28 05:00:00,3.36,8.3
2025-06-28 06:00:00,3.19,7.0
2025-06-28 07:00:00,4.77,9.9
2025-06-28 08:00:00,4.68,9.9
2025-06-28 09:00:00,4.43,10.0
2025-06-28 10:00:00,4.09,9.5
2025-06-28 11:00:00,4.47,8.6
2025-06-28 12:00:00,5.23,11.1
2025-06-28 13:00:00,5.19,10.9
2025-06-28 14:00:00,5.77,11.6
2025-06-28 15:00:00,6.3,14.8
2025-06-28 16:00:00,6.39,13.9
2025-06-28 17:00:00,6.51,13.4
2025-06-28 18:00:00,6.01,13.1
2025-06-28 19:00:00,6.42,14.4
2025-06-28 20:00:00,6.27,13.1
2025-06-28 21:00:00,5.34,12.6
2025-06-28 22:00:00,5.58,11.1
2025-06-28 23:00:00,5.01,11.3
2025-06-29 00:00:00,6.15,12.2
2025-06-29 01:00:00,6.04,12.2
2025-06-29 02:00:00,6.49,13.0
2025-06-29 03:00:00,6.28,13.8
2025-06-29 04:00:00,6.15,12.9
2025-06-29 05:00:00,6.05,12.5
2025-06-29 06:00:00,5.36,12.3
2025-06-29 07:00:00,5.06,10.6
2025-06-29 08:00:00,7.0,14.6
2025-06-29 09:00:00,7.39,16.9
2025-06-29 10:00:00,7.46,15.8
2025-06-29 11:00:00,7.85,16.6
2025-06-29 12:00:00,8.19,17.4
2025-06-29 13:00:00,8.92,20.1
2025-06-29 14:00:00,9.64,20.4
2025-06-29 15:00:00,9.05,19.9
2025-06-29 16:00:00,9.52,19.5
2025-06-29 17:00:00,9.43,21.1
2025-06-29 18:00:00,9.24,19.8
2025-06-29 19:00:00,9.01,22.1
2025-06-29 20:00:00,7.87,18.6
2025-06-29 21:00:00,7.16,16.3
2025-06-29 22:00:00,6.61,14.8
2025-06-29 23:00:00,6.21,13.4
2025-06-30 00:00:00,5.68,12.6
2025-06-30 01:00:00,5.19,11.4
2025-06-30 02:00:00,4.51,10.3
2025-06-30 03:00:00,3.87,9.2
2025-06-30 04:00:00,3.61,7.9
2025-06-30 05:00:00,3.59,7.2
2025-06-30 06:00:00,3.07,7.3
2025-06-30 07:00:00,3.09,6.8
2025-06-30 08:00:00,3.25,7.4
2025-06-30 09:00:00,3.4,7.9
2025-06-30 10:00:00,3.53,8.4
2025-06-30 11:00:00,3.58,8.6
2025-06-30 12:00:00,3.36,8.4
2025-06-30 13:00:00,3.39,8.1
2025-06-30 14:00:00,3.33,8.5
2025-06-30 15:00:00,2.71,7.4
2025-06-30 16:00:00,2.86,7.0
2025-06-30 17:00:00,3.21,7.4
2025-06-30 18:00:00,3.3,7.4
2025-06-30 19:00:00,2.94,7.2
2025-06-30 20:00:00,2.6,6.1
2025-06-30 21:00:00,4.15,8.0
2025-06-30 22:00:00,3.54,8.0
2025-06-30 23:00:00,3.06,6.7
2025-07-01 00:00:00,2.48,5.7
2025-07-01 01:00:00,1.86,4.6
2025-07-01 02:00:00,1.46,3.5
2025-07-01 03:00:00,1.1,2.9
2025-07-01 04:00:00,0.57,2.2
2025-07-01 05:00:00,0.5,1.4
2025-07-01 06:00:00,0.71,1.9
2025-07-01 07:00:00,0.25,2.1
2025-07-01 08:00:00,0.47,2.6
2025-07-01 09:00:00,1.03,3.7
2025-07-01 10:00:00,1.91,5.2
2025-07-01 11:00:00,2.06,5.7
2025-07-01 12:00:00,2.07,5.8
2025-07-01 13:00:00,1.98,5.8
2025-07-01 14:00:00,1.88,5.6
2025-07-01 15:00:00,2.09,5.6
2025-07-01 16:00:00,2.56,6.2
2025-07-01 17:00:00,2.98,6.8
2025-07-01 18:00:00,3.02,6.9
2025-07-01 19:00:00,2.85,6.8
2025-07-01 20:00:00,2.51,5.8
2025-07-01 21:00:00,2.8,4.9
2025-07-01 22:00:00,2.45,5.4
2025-07-01 23:00:00,1.86,4.2
2025-07-02 00:00:00,1.27,3.3
2025-07-02 01:00:00,0.93,2.0
2025-07-02 02:00:00,1.12,2.0
2025-07-02 03:00:00,1.16,2.1
2025-07-02 04:00:00,1.34,2.5
2025-07-02 05:00:00,1.42,2.7
2025-07-02 06:00:00,1.81,3.2
2025-07-02 07:00:00,1.61,3.8
2025-07-02 08:00:00,1.52,4.0
2025-07-02 09:00:00,2.1,5.3
2025-07-02 10:00:00,2.9,6.9
2025-07-02 11:00:00,3.45,8.0
2025-07-02 12:00:00,4.0,9.1
2025-07-02 13:00:00,4.35,9.9
2025-07-02 14:00:00,4.47,10.0
2025-07-02 15:00:00,3.86,8.6
2025-07-02 16:00:00,4.4,9.6
2025-07-02 17:00:00,4.57,10.2
2025-07-02 18:00:00,4.47,9.9
2025-07-02 19:00:00,4.12,9.5
2025-07-02 20:00:00,4.65,9.0
2025-07-02 21:00:00,4.21,9.0
2025-07-02 22:00:00,3.5,7.9
2025-07-02 23:00:00,2.51,6.4
2025-07-03 00:00:00,0.73,4.3
2025-07-03 01:00:00,1.58,3.0
2025-07-03 02:00:00,0.81,2.9
2025-07-03 03:00:00,1.05,5.6
2025-07-03 04:00:00,1.76,3.2
2025-07-03 05:00:00,2.48,4.3
2025-07-03 06:00:00,4.0,7.8
2025-07-03 07:00:00,5.18,11.2
2025-07-03 08:00:00,6.13,13.0
2025-07-03 09:00:00,5.32,12.9
2025-07-03 10:00:00,5.94,13.1
2025-07-03 11:00:00,6.43,14.1
2025-07-03 12:00:00,6.88,15.1
2025-07-03 13:00:00,7.36,16.0
2025-07-03 14:00:00,7.65,16.3
2025-07-03 15:00:00,8.1,17.7
2025-07-03 16:00:00,7.96,17.5
2025-07-03 17:00:00,7.45,16.7
2025-07-03 18:00:00,7.15,15.6
2025-07-03 19:00:00,6.5,15.0
2025-07-03 20:00:00,5.99,13.6
2025-07-03 21:00:00,5.63,12.4
2025-07-03 22:00:00,5.06,11.5
2025-07-03 23:00:00,4.46,10.3
2025-07-04 00:00:00,4.1,9.1
2025-07-04 01:00:00,3.7,8.4
2025-07-04 02:00:00,3.67,7.6
2025-07-04 03:00:00,3.59,7.8
2025-07-04 04:00:00,3.71,7.6
2025-07-04 05:00:00,4.16,9.1
2025-07-04 06:00:00,4.35,9.0
2025-07-04 07:00:00,5.08,11.1
2025-07-04 08:00:00,4.97,10.8
2025-07-04 09:00:00,5.32,11.7
2025-07-04 10:00:00,5.55,12.1
2025-07-04 11:00:00,5.75,12.6
2025-07-04 12:00:00,5.97,13.1
2025-07-04 13:00:00,5.79,13.1
2025-07-04 14:00:00,5.45,12.7
2025-07-04 15:00:00,4.71,10.5
2025-07-04 16:00:00,5.42,11.7
2025-07-04 17:00:00,4.88,11.6
2025-07-04 18:00:00,5.01,12.3
2025-07-04 19:00:00,3.35,10.5
2025-07-04 20:00:00,4.27,8.9
2025-07-04 21:00:00,4.27,9.6
2025-07-04 22:00:00,3.31,8.5
2025-07-04 23:00:00,3.86,7.5
2025-07-05 00:00:00,4.08,9.3
2025-07-05 01:00:00,4.24,8.7
2025-07-05 02:00:00,3.88,8.2
2025-07-05 03:00:00,3.23,7.5
2025-07-05 04:00:00,3.8,7.2
2025-07-05 05:00:00,4.18,8.3
2025-07-05 06:00:00,4.43,8.4
2025-07-05 07:00:00,4.84,9.4
2025-07-05 08:00:00,5.17,10.4
2025-07-05 09:00:00,5.52,10.6
2025-07-05 10:00:00,5.72,11.3
2025-07-05 11:00:00,6.46,13.6
2025-07-05 12:00:00,4.98,13.5
2025-07-05 13:00:00,6.31,12.5
2025-07-05 14:00:00,5.71,12.6
2025-07-05 15:00:00,5.21,11.6
2025-07-05 16:00:00,4.95,10.6
2025-07-05 17:00:00,4.95,10.4
2025-07-05 18:00:00,4.95,11.4
2025-07-05 19:00:00,4.61,11.4
2025-07-05 20:00:00,5.0,9.5
2025-07-05 21:00:00,4.84,10.3
2025-07-05 22:00:00,4.42,9.4
2025-07-05 23:00:00,4.58,9.0
2025-07-06 00:00:00,5.19,10.1
2025-07-06 01:00:00,5.12,10.1
2025-07-06 02:00:00,4.94,9.9
2025-07-06 03:00:00,4.9,10.3
2025-07-06 04:00:00,4.79,9.4
2025-07-06 05:00:00,4.52,9.2
2025-07-06 06:00:00,3.96,8.7
2025-07-06 07:00:00,4.6,8.9
2025-07-06 08:00:00,4.81,9.9
2025-07-06 09:00:00,5.03,10.8
2025-07-06 10:00:00,5.23,11.4
2025-07-06 11:00:00,4.18,11.3
2025-07-06 12:00:00,4.89,12.5
2025-07-06 13:00:00,5.4,12.4
2025-07-06 14:00:00,3.91,10.8
2025-07-06 15:00:00,5.37,13.0
2025-07-06 16:00:00,4.07,13.2
2025-07-06 17:00:00,4.17,11.3
2025-07-06 18:00:00,4.51,10.3
2025-07-06 19:00:00,3.8,9.5
2025-07-06 20:00:00,2.93,7.8
2025-07-06 21:00:00,2.55,5.7
2025-07-06 22:00:00,1.68,4.8
2025-07-06 23:00:00,1.85,3.5
2025-07-07 00:00:00,1.97,3.6
2025-07-07 01:00:00,1.88,3.9
2025-07-07 02:00:00,1.66,3.5
2025-07-07 03:00:00,2.62,4.4
2025-07-07 04:00:00,2.26,6.2
2025-07-07 05:00:00,0.98,5.0
2025-07-07 06:00:00,1.41,3.6
2025-07-07 07:00:00,2.12,4.6
2025-07-07 08:00:00,2.65,6.3
2025-07-07 09:00:00,2.68,5.6
2025-07-07 10:00:00,2.47,6.2
2025-07-07 11:00:00,2.72,6.4
2025-07-07 12:00:00,3.04,7.6
2025-07-07 13:00:00,2.66,8.6
2025-07-07 14:00:00,3.91,8.5
2025-07-07 15:00:00,2.26,5.2
2025-07-07 16:00:00,2.3,6.6
2025-07-07 17:00:00,1.25,6.0
2025-07-07 18:00:00,2.02,4.4
2025-07-07 19:00:00,1.97,5.0
2025-07-07 20:00:00,2.77,5.3
2025-07-07 21:00:00,3.46,6.5
2025-07-07 22:00:00,2.89,6.4
2025-07-07 23:00:00,2.55,5.4
2025-07-08 00:00:00,2.22,4.7
2025-07-08 01:00:00,2.5,4.7
2025-07-08 02:00:00,2.45,4.8
2025-07-08 03:00:00,2.44,5.3
2025-07-08 04:00:00,2.42,4.9
2025-07-08 05:00:00,2.31,4.6
2025-07-08 06:00:00,2.98,6.0
2025-07-08 07:00:00,3.18,6.5
2025-07-08 08:00:00,3.25,7.4
2025-07-08 09:00:00,3.05,7.0
2025-07-08 10:00:00,3.55,8.0
2025-07-08 11:00:00,3.61,8.6
2025-07-08 12:00:00,2.87,8.3
2025-07-08 13:00:00,2.26,6.9
2025-07-08 14:00:00,1.9,5.8
2025-07-08 15:00:00,2.01,5.6
2025-07-08 16:00:00,2.0,5.5
2025-07-08 17:00:00,1.55,5.4
2025-07-08 18:00:00,1.24,4.1
2025-07-08 19:00:00,2.76,5.9
2025-07-08 20:00:00,1.76,6.4
2025-07-08 21:00:00,1.91,3.5
2025-07-08 22:00:00,2.39,4.2
2025-07-08 23:00:00,2.66,5.1
2025-07-09 00:00:00,2.2,5.1
2025-07-09 01:00:00,1.54,4.0
2025-07-09 02:00:00,2.02,3.8
2025-07-09 03:00:00,1.57,3.1
2025-07-09 04:00:00,1.79,3.7
2025-07-09 05:00:00,2.28,4.2
2025-07-09 06:00:00,2.31,5.0
2025-07-09 07:00:00,2.13,4.8
2025-07-09 08:00:00,2.11,5.2
2025-07-09 09:00:00,2.62,6.4
2025-07-09 10:00:00,2.63,6.8
2025-07-09 11:00:00,2.64,6.9
2025-07-09 12:00:00,2.66,6.9
2025-07-09 13:00:00,2.64,7.0
2025-07-09 14:00:00,2.63,6.9
2025-07-09 15:00:00,1.65,5.5
2025-07-09 16:00:00,1.39,4.7
2025-07-09 17:00:00,2.18,5.2
2025-07-09 18:00:00,2.76,6.0
2025-07-09 19:00:00,2.39,6.1
2025-07-09 20:00:00,1.86,4.7
2025-07-09 21:00:00,1.77,3.5
2025-07-09 22:00:00,1.74,3.5
2025-07-09 23:00:00,1.48,3.2
2025-07-10 00:00:00,0.74,2.6
2025-07-10 01:00:00,0.45,1.5
2025-07-10 02:00:00,0.88,1.8
2025-07-10 03:00:00,1.03,2.1
2025-07-10 04:00:00,1.38,2.7
2025-07-10 05:00:00,1.42,2.8
2025-07-10 06:00:00,1.1,2.8
2025-07-10 07:00:00,0.92,2.4
2025-07-10 08:00:00,0.36,2.3
2025-07-10 09:00:00,0.15,2.3
2025-07-10 10:00:00,0.74,3.3
2025-07-10 11:00:00,1.41,4.5
2025-07-10 12:00:00,2.15,5.8
2025-07-10 13:00:00,2.3,6.3
2025-07-10 14:00:00,2.52,6.5
2025-07-10 15:00:00,2.9,6.9
2025-07-10 16:00:00,3.5,7.8
2025-07-10 17:00:00,3.85,8.3
2025-07-10 18:00:00,3.94,8.7
2025-07-10 19:00:00,3.0,8.4
2025-07-10 20:00:00,2.57,6.0
2025-07-10 21:00:00,2.82,5.3
2025-07-10 22:00:00,3.1,5.6
2025-07-10 23:00:00,3.12,5.8
2025-07-11 00:00:00,2.66,5.8
2025-07-11 01:00:00,2.22,5.0
2025-07-11 02:00:00,2.08,4.1
2025-07-11 03:00:00,3.32,6.3
2025-07-11 04:00:00,3.49,7.0
2025-07-11 05:00:00,3.46,6.8
2025-07-11 06:00:00,3.63,7.4
2025-07-11 07:00:00,4.14,8.4
2025-07-11 08:00:00,4.63,9.6
2025-07-11 09:00:00,4.86,10.3
2025-07-11 10:00:00,5.07,10.8
2025-07-11 11:00:00,5.15,10.8
2025-07-11 12:00:00,5.46,11.8
2025-07-11 13:00:00,6.41,12.4
2025-07-11 14:00:00,5.74,12.5
2025-07-11 15:00:00,6.32,12.6
2025-07-11 16:00:00,5.9,12.5
2025-07-11 17:00:00,5.35,11.7
2025-07-11 18:00:00,5.0,11.3
2025-07-11 19:00:00,5.5,10.9
2025-07-11 20:00:00,6.2,12.3
2025-07-11 21:00:00,5.28,12.5
2025-07-11 22:00:00,5.21,10.5
2025-07-11 23:00:00,5.61,11.3
2025-07-12 00:00:00,5.62,11.4
2025-07-12 01:00:00,5.33,11.4
2025-07-12 02:00:00,5.55,11.2
2025-07-12 03:00:00,5.25,10.9
2025-07-12 04:00:00,5.3,10.7
2025-07-12 05:00:00,5.4,10.9
2025-07-12 06:00:00,5.68,11.4
2025-07-12 07:00:00,5.79,12.2
2025-07-12 08:00:00,6.32,13.3
2025-07-12 09:00:00,6.2,13.3
2025-07-12 10:00:00,6.65,14.4
2025-07-12 11:00:00,6.05,15.0
2025-07-12 12:00:00,5.7,12.5
2025-07-12 13:00:00,6.09,12.8
2025-07-12 14:00:00,5.81,13.2
2025-07-12 15:00:00,5.62,12.6
2025-07-12 16:00:00,5.18,11.9
2025-07-12 17:00:00,5.16,11.4
2025-07-12 18:00:00,4.6,11.0
2025-07-12 19:00:00,4.59,10.7
2025-07-12 20:00:00,4.33,10.7
2025-07-12 21:00:00,4.08,9.1
2025-07-12 22:00:00,3.78,8.3
2025-07-12 23:00:00,3.68,7.5
2025-07-13 00:00:00,4.01,8.0
2025-07-13 01:00:00,4.13,8.3
2025-07-13 02:00:00,4.07,8.3
2025-07-13 03:00:00,4.25,8.5
2025-07-13 04:00:00,4.25,8.5
2025-07-13 05:00:00,3.89,8.4
2025-07-13 06:00:00,3.83,7.7
2025-07-13 07:00:00,3.68,7.7
2025-07-13 08:00:00,3.76,8.4
2025-07-13 09:00:00,4.54,9.7
2025-07-13 10:00:00,5.06,10.9
2025-07-13 11:00:00,5.43,11.7
2025-07-13 12:00:00,5.2,11.7
2025-07-13 13:00:00,4.84,11.2
2025-07-13 14:00:00,5.01,10.7
2025-07-13 15:00:00,4.92,11.6
2025-07-13 16:00:00,5.04,10.9
2025-07-13 17:00:00,4.94,10.9
2025-07-13 18:00:00,4.86,10.5
2025-07-13 19:00:00,4.42,10.2
2025-07-13 20:00:00,4.2,9.1
2025-07-13 21:00:00,3.98,8.4
2025-07-13 22:00:00,3.8,7.8
2025-07-13 23:00:00,3.69,7.3
2025-07-14 00:00:00,3.77,7.3
2025-07-14 01:00:00,3.74,7.3
2025-07-14 02:00:00,3.69,7.3
2025-07-14 03:00:00,3.0,5.9
2025-07-14 04:00:00,3.06,6.0
2025-07-14 05:00:00,3.04,5.9
2025-07-14 06:00:00,3.37,6.7
2025-07-14 07:00:00,3.15,6.7
2025-07-14 08:00:00,3.08,7.1
2025-07-14 09:00:00,3.11,7.4
2025-07-14 10:00:00,2.92,7.8
2025-07-14 11:00:00,3.83,9.7
2025-07-14 12:00:00,4.09,10.2
2025-07-14 13:00:00,3.9,9.8
2025-07-14 14:00:00,3.51,9.2
2025-07-14 15:00:00,2.44,7.1
2025-07-14 16:00:00,2.56,7.4
2025-07-14 17:00:00,3.46,8.5
2025-07-14 18:00:00,0.65,7.3
2025-07-14 19:00:00,1.31,3.4
2025-07-14 20:00:00,1.23,3.6
2025-07-14 21:00:00,0.92,2.4
2025-07-14 22:00:00,1.5,2.7
2025-07-14 23:00:00,2.11,3.8
2025-07-15 00:00:00,2.16,3.9
2025-07-15 01:00:00,2.19,4.2
2025-07-15 02:00:00,1.74,4.1
2025-07-15 03:00:00,0.49,1.6
2025-07-15 04:00:00,0.43,1.2
2025-07-15 05:00:00,0.25,1.2
2025-07-15 06:00:00,1.05,1.8
2025-07-15 07:00:00,1.72,4.1
2025-07-15 08:00:00,1.59,4.5
2025-07-15 09:00:00,1.41,4.3
2025-07-15 10:00:00,1.4,5.1
2025-07-15 11:00:00,0.84,5.0
2025-07-15 12:00:00,1.2,5.3
2025-07-15 13:00:00,1.74,5.5
2025-07-15 14:00:00,1.98,5.5
2025-07-15 15:00:00,1.87,9.9
2025-07-15 16:00:00,2.55,6.9
2025-07-15 17:00:00,1.85,6.6
2025-07-15 18:00:00,1.01,6.6
2025-07-15 19:00:00,0.94,6.0
2025-07-15 20:00:00,2.28,5.8
2025-07-15 21:00:00,1.88,5.0
2025-07-15 22:00:00,1.25,3.6
2025-07-15 23:00:00,1.43,2.8
2025-07-16 00:00:00,1.42,2.8
2025-07-16 01:00:00,1.03,2.7
2025-07-16 02:00:00,0.97,2.0
2025-07-16 03:00:00,1.98,3.7
2025-07-16 04:00:00,0.21,3.8
2025-07-16 05:00:00,2.47,4.4
2025-07-16 06:00:00,2.2,5.5
2025-07-16 07:00:00,1.55,4.4
2025-07-16 08:00:00,1.63,4.2
2025-07-16 09:00:00,2.15,5.2
2025-07-16 10:00:00,2.44,6.2
2025-07-16 11:00:00,2.51,6.3
2025-07-16 12:00:00,3.55,7.6
2025-07-16 13:00:00,2.21,7.5
2025-07-16 14:00:00,1.76,5.1
2025-07-16 15:00:00,1.49,5.4
2025-07-16 16:00:00,2.5,5.9
2025-07-16 17:00:00,2.57,5.9
2025-07-16 18:00:00,2.3,6.1
2025-07-16 19:00:00,2.8,5.2
2025-07-16 20:00:00,3.2,6.5
2025-07-16 21:00:00,3.92,7.5
2025-07-16 22:00:00,4.08,7.8
2025-07-16 23:00:00,3.59,7.7
2025-07-17 00:00:00,4.42,8.3
2025-07-17 01:00:00,4.12,8.3
2025-07-17 02:00:00,3.75,7.7
2025-07-17 03:00:00,3.91,8.8
2025-07-17 04:00:00,3.94,8.0
2025-07-17 05:00:00,3.47,7.3
2025-07-17 06:00:00,3.96,7.4
2025-07-17 07:00:00,4.07,8.1
2025-07-17 08:00:00,4.35,8.8
2025-07-17 09:00:00,4.44,9.6
2025-07-17 10:00:00,3.85,9.1
2025-07-17 11:00:00,4.36,9.4
2025-07-17 12:00:00,4.12,10.4
2025-07-17 13:00:00,3.47,10.2
2025-07-17 14:00:00,3.54,9.4
2025-07-17 15:00:00,3.3,8.2
2025-07-17 16:00:00,2.93,8.2
2025-07-17 17:00:00,3.01,8.3
2025-07-17 18:00:00,2.65,8.3
2025-07-17 19:00:00,2.8,7.1
2025-07-17 20:00:00,0.83,4.9
2025-07-17 21:00:00,1.11,1.8
2025-07-17 22:00:00,1.47,2.4
2025-07-17 23:00:00,2.73,4.6
2025-07-18 00:00:00,2.62,4.8
2025-07-18 01:00:00,2.54,4.6
2025-07-18 02:00:00,2.31,4.5
2025-07-18 03:00:00,1.38,3.5
2025-07-18 04:00:00,1.28,2.8
2025-07-18 05:00:00,1.84,3.4
2025-07-18 06:00:00,2.3,4.4
2025-07-18 07:00:00,1.31,4.2
2025-07-18 08:00:00,1.0,3.5
2025-07-18 09:00:00,1.06,3.7
2025-07-18 10:00:00,1.1,4.0
2025-07-18 11:00:00,1.39,4.5
2025-07-18 12:00:00,1.82,5.9
2025-07-18 13:00:00,2.43,6.5
2025-07-18 14:00:00,2.37,6.5
2025-07-18 15:00:00,3.19,7.7
2025-07-18 16:00:00,2.35,7.3
2025-07-18 17:00:00,1.98,5.6
2025-07-18 18:00:00,0.82,4.8
2025-07-18 19:00:00,0.93,2.6
2025-07-18 20:00:00,0.72,2.3
2025-07-18 21:00:00,0.18,1.4
2025-07-18 22:00:00,0.3,0.4
2025-07-18 23:00:00,1.7,3.0
2025-07-19 00:00:00,1.97,4.0
2025-07-19 01:00:00,1.69,3.7
2025-07-19 02:00:00,1.72,3.3
2025-07-19 03:00:00,1.47,3.6
2025-07-19 04:00:00,1.49,2.9
2025-07-19 05:00:00,1.59,3.1
2025-07-19 06:00:00,2.03,3.8
2025-07-19 07:00:00,2.2,4.1
2025-07-19 08:00:00,1.56,4.2
2025-07-19 09:00:00,1.74,4.5
2025-07-19 10:00:00,2.35,5.7
2025-07-19 11:00:00,2.73,6.5
2025-07-19 12:00:00,2.61,6.5
2025-07-19 13:00:00,2.51,6.4
2025-07-19 14:00:00,2.25,6.1
2025-07-19 15:00:00,1.84,5.5
2025-07-19 16:00:00,1.81,4.6
2025-07-19 17:00:00,1.99,4.7
2025-07-19 18:00:00,1.17,4.7
2025-07-19 19:00:00,0.35,2.8
2025-07-19 20:00:00,1.38,2.5
2025-07-19 21:00:00,0.71,2.5
2025-07-19 22:00:00,0.84,1.3
2025-07-19 23:00:00,1.28,2.3
2025-07-20 00:00:00,1.11,2.2
2025-07-20 01:00:00,0.91,2.0
2025-07-20 02:00:00,0.61,1.8
2025-07-20 03:00:00,0.41,1.0
2025-07-20 04:00:00,0.4,1.1
2025-07-20 05:00:00,0.55,1.3
2025-07-20 06:00:00,0.8,1.6
2025-07-20 07:00:00,0.94,2.6
2025-07-20 08:00:00,0.93,3.0
2025-07-20 09:00:00,1.07,3.5
2025-07-20 10:00:00,1.25,4.0
2025-07-20 11:00:00,1.46,4.3
2025-07-20 12:00:00,1.89,5.1
2025-07-20 13:00:00,2.13,5.6
2025-07-20 14:00:00,2.13,5.6
2025-07-20 15:00:00,2.94,6.7
2025-07-20 16:00:00,2.62,6.8
2025-07-20 17:00:00,1.17,5.9
2025-07-20 18:00:00,0.63,3.0
2025-07-20 19:00:00,2.22,4.2
2025-07-20 20:00:00,2.46,5.7
2025-07-20 21:00:00,2.05,4.8
2025-07-20 22:00:00,1.82,4.2
2025-07-20 23:00:00,1.25,3.5
2025-07-21 00:00:00,1.37,2.6
2025-07-21 01:00:00,1.27,2.7
2025-07-21 02:00:00,1.41,2.7
2025-07-21 03:00:00,1.95,3.9
2025-07-21 04:00:00,2.51,4.8
2025-07-21 05:00:00,2.76,5.2
2025-07-21 06:00:00,2.53,5.6
2025-07-21 07:00:00,2.08,5.0
2025-07-21 08:00:00,1.35,4.8
2025-07-21 09:00:00,1.99,5.2
2025-07-21 10:00:00,2.95,7.1
2025-07-21 11:00:00,2.56,7.1
2025-07-21 12:00:00,3.06,7.2
2025-07-21 13:00:00,2.98,7.3
2025-07-21 14:00:00,2.61,7.0
2025-07-21 15:00:00,2.65,6.2
2025-07-21 16:00:00,2.83,6.6
2025-07-21 17:00:00,2.9,6.6
2025-07-21 18:00:00,2.34,6.4
2025-07-21 19:00:00,1.66,5.0
2025-07-21 20:00:00,1.81,3.3
2025-07-21 21:00:00,2.06,3.9
2025-07-21 22:00:00,1.76,3.8
2025-07-21 23:00:00,1.64,3.3
2025-07-22 00:00:00,2.15,4.0
2025-07-22 01:00:00,2.8,5.3
2025-07-22 02:00:00,2.97,5.9
2025-07-22 03:00:00,3.13,6.6
2025-07-22 04:00:00,2.92,6.1
2025-07-22 05:00:00,2.91,6.0
2025-07-22 06:00:00,3.58,7.3
2025-07-22 07:00:00,4.32,8.8
2025-07-22 08:00:00,4.66,9.9
2025-07-22 09:00:00,4.48,9.9
2025-07-22 10:00:00,4.9,10.0
2025-07-22 11:00:00,4.75,10.4
2025-07-22 12:00:00,4.4,10.3
2025-07-22 13:00:00,5.63,12.4
2025-07-22 14:00:00,4.1,12.4
2025-07-22 15:00:00,4.93,11.8
2025-07-22 16:00:00,4.17,12.4
2025-07-22 17:00:00,4.77,11.0
2025-07-22 18:00:00,3.2,12.1
2025-07-22 19:00:00,3.95,8.7
2025-07-22 20:00:00,4.03,8.4
2025-07-22 21:00:00,2.8,7.7
2025-07-22 22:00:00,3.0,5.7
2025-07-22 23:00:00,2.33,5.7
2025-07-23 00:00:00,1.98,4.8
2025-07-23 01:00:00,1.9,4.2
2025-07-23 02:00:00,1.25,4.1
2025-07-23 03:00:00,0.74,3.0
2025-07-23 04:00:00,0.16,1.7
2025-07-23 05:00:00,0.6,3.1
2025-07-23 06:00:00,0.56,3.3
2025-07-23 07:00:00,0.89,1.8
2025-07-23 08:00:00,1.55,3.0
2025-07-23 09:00:00,2.27,6.1
2025-07-23 10:00:00,1.0,6.3
2025-07-23 11:00:00,1.32,3.8
2025-07-23 12:00:00,2.2,5.1
2025-07-23 13:00:00,3.64,10.6
2025-07-23 14:00:00,2.35,7.7
2025-07-23 15:00:00,0.98,5.0
2025-07-23 16:00:00,0.92,3.7
2025-07-23 17:00:00,1.32,3.8
2025-07-23 18:00:00,1.77,6.6
2025-07-23 19:00:00,0.85,3.4
2025-07-23 20:00:00,0.99,2.7
2025-07-23 21:00:00,1.05,2.9
2025-07-23 22:00:00,2.91,4.5
2025-07-23 23:00:00,1.73,5.0
2025-07-24 00:00:00,1.88,3.6
2025-07-24 01:00:00,2.16,4.2
2025-07-24 02:00:00,2.46,4.6
2025-07-24 03:00:00,2.76,5.3
2025-07-24 04:00:00,2.43,5.3
2025-07-24 05:00:00,2.36,4.6
2025-07-24 06:00:00,2.4,4.6
2025-07-24 07:00:00,2.7,5.3
2025-07-24 08:00:00,2.66,5.8
2025-07-24 09:00:00,2.38,5.8
2025-07-24 10:00:00,2.11,5.7
2025-07-24 11:00:00,1.64,5.6
2025-07-24 12:00:00,1.03,5.1
2025-07-24 13:00:00,1.0,4.3
2025-07-24 14:00:00,1.58,5.1
2025-07-24 15:00:00,1.35,5.0
2025-07-24 16:00:00,0.67,4.1
2025-07-24 17:00:00,0.16,3.2
2025-07-24 18:00:00,0.76,2.7
2025-07-24 19:00:00,0.58,2.8
2025-07-24 20:00:00,0.16,1.9
2025-07-24 21:00:00,0.16,0.8
2025-07-24 22:00:00,0.25,0.8
2025-07-24 23:00:00,0.11,0.7
2025-07-25 00:00:00,0.45,1.1
2025-07-25 01:00:00,0.88,1.6
2025-07-25 02:00:00,1.1,2.2
2025-07-25 03:00:00,0.29,1.7
2025-07-25 04:00:00,0.05,0.8
2025-07-25 05:00:00,0.05,0.4
2025-07-25 06:00:00,0.29,0.8
2025-07-25 07:00:00,0.5,2.2
2025-07-25 08:00:00,0.78,2.9
2025-07-25 09:00:00,1.22,4.0
2025-07-25 10:00:00,1.56,4.7
2025-07-25 11:00:00,1.71,5.1
2025-07-25 12:00:00,1.59,5.2
2025-07-25 13:00:00,1.6,5.1
2025-07-25 14:00:00,1.71,5.1
2025-07-25 15:00:00,5.2,9.8
2025-07-25 16:00:00,3.09,12.0
2025-07-25 17:00:00,2.26,6.7
2025-07-25 18:00:00,2.86,6.7
2025-07-25 19:00:00,2.97,6.9
2025-07-25 20:00:00,2.55,5.9
2025-07-25 21:00:00,2.33,4.7
2025-07-25 22:00:00,2.8,5.1
2025-07-25 23:00:00,3.21,6.0
2025-07-26 00:00:00,3.16,6.1
2025-07-26 01:00:00,3.01,6.0
2025-07-26 02:00:00,2.8,5.7
2025-07-26 03:00:00,2.96,6.0
2025-07-26 04:00:00,3.05,6.3
2025-07-26 05:00:00,3.01,6.2
2025-07-26 06:00:00,2.9,6.1
2025-07-26 07:00:00,2.91,6.4
2025-07-26 08:00:00,3.97,8.6
2025-07-26 09:00:00,3.95,8.6
2025-07-26 10:00:00,3.77,8.6
2025-07-26 11:00:00,3.54,8.5
2025-07-26 12:00:00,3.59,8.2
2025-07-26 13:00:00,3.56,8.2
2025-07-26 14:00:00,3.6,8.7
2025-07-26 15:00:00,3.52,8.3
2025-07-26 16:00:00,3.7,8.6
2025-07-26 17:00:00,3.26,8.3
2025-07-26 18:00:00,3.95,8.9
2025-07-26 19:00:00,4.05,9.3
2025-07-26 20:00:00,3.05,8.5
2025-07-26 21:00:00,2.36,6.2
2025-07-26 22:00:00,2.02,4.6
2025-07-26 23:00:00,1.9,4.0
2025-07-27 00:00:00,2.21,4.2
2025-07-27 01:00:00,2.65,5.1
2025-07-27 02:00:00,2.43,5.1
2025-07-27 03:00:00,1.95,4.5
2025-07-27 04:00:00,1.63,3.9
2025-07-27 05:00:00,1.14,3.3
2025-07-27 06:00:00,1.39,2.8
2025-07-27 07:00:00,1.78,4.1
2025-07-27 08:00:00,1.77,4.5
2025-07-27 09:00:00,1.83,5.6
2025-07-27 10:00:00,2.37,6.1
2025-07-27 11:00:00,2.58,6.7
2025-07-27 12:00:00,2.58,6.8
2025-07-27 13:00:00,2.4,6.7
2025-07-27 14:00:00,2.46,6.6
2025-07-27 15:00:00,2.58,8.2
2025-07-27 16:00:00,2.34,6.7
2025-07-27 17:00:00,2.25,6.5
2025-07-27 18:00:00,2.4,6.1
2025-07-27 19:00:00,1.7,5.5
2025-07-27 20:00:00,1.61,3.7
2025-07-27 21:00:00,2.4,4.6
2025-07-27 22:00:00,2.55,4.9
2025-07-27 23:00:00,2.37,4.9
2025-07-28 00:00:00,2.55,4.9
2025-07-28 01:00:00,2.42,5.0
2025-07-28 02:00:00,1.64,4.6
2025-07-28 03:00:00,1.23,4.0
2025-07-28 04:00:00,0.88,2.7
2025-07-28 05:00:00,1.07,2.5
2025-07-28 06:00:00,1.11,2.7
2025-07-28 07:00:00,1.41,3.4
2025-07-28 08:00:00,1.97,4.9
2025-07-28 09:00:00,2.0,5.4
2025-07-28 10:00:00,1.82,5.5
2025-07-28 11:00:00,1.49,5.3
2025-07-28 12:00:00,1.36,4.8
2025-07-28 13:00:00,1.71,5.2
2025-07-28 14:00:00,1.93,5.6
2025-07-28 15:00:00,1.92,6.2
2025-07-28 16:00:00,1.79,5.3
2025-07-28 17:00:00,3.13,7.3
2025-07-28 18:00:00,2.9,7.7
2025-07-28 19:00:00,2.8,6.4
2025-07-28 20:00:00,3.87,7.7
2025-07-28 21:00:00,3.94,7.7
2025-07-28 22:00:00,4.38,8.5
2025-07-28 23:00:00,4.79,9.7
2025-07-29 00:00:00,4.56,9.7
2025-07-29 01:00:00,4.53,9.4
2025-07-29 02:00:00,4.49,9.3
2025-07-29 03:00:00,4.47,9.6
2025-07-29 04:00:00,4.51,9.3
2025-07-29 05:00:00,4.63,9.4
2025-07-29 06:00:00,4.78,9.8
2025-07-29 07:00:00,5.35,11.9
2025-07-29 08:00:00,5.25,11.8
2025-07-29 09:00:00,4.97,11.1
2025-07-29 10:00:00,5.05,11.1
2025-07-29 11:00:00,5.5,12.1
2025-07-29 12:00:00,5.51,12.2
2025-07-29 13:00:00,5.53,12.3
2025-07-29 14:00:00,5.47,12.3
2025-07-29 15:00:00,5.51,12.7
2025-07-29 16:00:00,5.34,12.1
2025-07-29 17:00:00,5.19,11.7
2025-07-29 18:00:00,5.46,12.6
2025-07-29 19:00:00,5.4,12.9
2025-07-29 20:00:00,4.52,11.3
2025-07-29 21:00:00,4.11,9.3
2025-07-29 22:00:00,3.79,8.3
2025-07-29 23:00:00,3.27,7.6
2025-07-30 00:00:00,3.24,6.5
2025-07-30 01:00:00,3.3,6.6
2025-07-30 02:00:00,3.27,6.7
2025-07-30 03:00:00,2.77,6.6
2025-07-30 04:00:00,2.66,5.5
2025-07-30 05:00:00,2.82,5.6
2025-07-30 06:00:00,2.49,5.5
2025-07-30 07:00:00,2.29,5.1
2025-07-30 08:00:00,2.59,6.2
2025-07-30 09:00:00,2.95,7.1
2025-07-30 10:00:00,2.95,7.3
2025-07-30 11:00:00,3.8,8.7
2025-07-30 12:00:00,3.9,9.1
2025-07-30 13:00:00,3.58,9.0
2025-07-30 14:00:00,3.88,9.0
2025-07-30 15:00:00,3.98,9.3
2025-07-30 16:00:00,3.89,9.2
2025-07-30 17:00:00,3.73,8.9
2025-07-30 18:00:00,3.32,8.4
2025-07-30 19:00:00,2.58,7.3
2025-07-30 20:00:00,1.95,5.6
2025-07-30 21:00:00,2.27,4.2
2025-07-30 22:00:00,2.49,4.8
2025-07-30 23:00:00,2.39,4.8
2025-07-31 00:00:00,2.2,4.6
2025-07-31 01:00:00,1.82,4.2
2025-07-31 02:00:00,1.37,3.6
2025-07-31 03:00:00,0.95,2.8
2025-07-31 04:00:00,0.51,2.0
2025-07-31 05:00:00,0.34,1.4
2025-07-31 06:00:00,0.67,1.5
2025-07-31 07:00:00,1.27,3.0
2025-07-31 08:00:00,1.47,4.0
2025-07-31 09:00:00,2.65,6.4
2025-07-31 10:00:00,2.51,6.5
2025-07-31 11:00:00,2.65,6.6
2025-07-31 12:00:00,3.05,7.5
2025-07-31 13:00:00,3.01,7.6
2025-07-31 14:00:00,3.07,7.5
2025-07-31 15:00:00,2.97,7.4
2025-07-31 16:00:00,3.27,7.5
2025-07-31 17:00:00,3.49,7.9
2025-07-31 18:00:00,3.32,7.7
2025-07-31 19:00:00,3.1,7.4
2025-07-31 20:00:00,2.35,6.6
2025-07-31 21:00:00,2.2,4.8
2025-07-31 22:00:00,2.4,4.6
2025-07-31 23:00:00,2.05,4.5
2025-08-01 00:00:00,1.61,3.9
2025-08-01 01:00:00,1.3,3.3
2025-08-01 02:00:00,1.46,3.0
2025-08-01 03:00:00,0.79,1.8
2025-08-01 04:00:00,0.63,1.9
2025-08-01 05:00:00,0.65,1.6
2025-08-01 06:00:00,1.03,2.1
2025-08-01 07:00:00,1.25,3.2
2025-08-01 08:00:00,1.3,3.8
2025-08-01 09:00:00,2.06,5.3
2025-08-01 10:00:00,2.23,5.9
2025-08-01 11:00:00,2.28,6.1
2025-08-01 12:00:00,2.21,6.1
2025-08-01 13:00:00,2.23,6.0
2025-08-01 14:00:00,2.37,6.3
2025-08-01 15:00:00,3.02,6.7
2025-08-01 16:00:00,2.11,7.0
2025-08-01 17:00:00,1.75,5.4
2025-08-01 18:00:00,2.61,6.0
2025-08-01 19:00:00,2.09,6.4
2025-08-01 20:00:00,1.13,5.0
2025-08-01 21:00:00,0.57,2.5
2025-08-01 22:00:00,1.1,2.4
2025-08-01 23:00:00,1.12,2.5
2025-08-02 00:00:00,0.89,2.2
2025-08-02 01:00:00,0.69,1.8
2025-08-02 02:00:00,0.75,1.7
2025-08-02 03:00:00,1.13,2.2
2025-08-02 04:00:00,1.1,3.2
2025-08-02 05:00:00,1.45,3.3
2025-08-02 06:00:00,1.88,3.8
2025-08-02 07:00:00,1.74,4.0
2025-08-02 08:00:00,1.59,4.1
2025-08-02 09:00:00,1.63,4.8
2025-08-02 10:00:00,1.81,5.0
2025-08-02 11:00:00,2.26,6.1
2025-08-02 12:00:00,2.57,6.7
2025-08-02 13:00:00,2.83,7.2
2025-08-02 14:00:00,3.49,8.0
2025-08-02 15:00:00,1.59,4.9
2025-08-02 16:00:00,2.96,7.4
2025-08-02 17:00:00,2.51,6.7
2025-08-02 18:00:00,3.29,6.9
2025-08-02 19:00:00,3.47,7.4
2025-08-02 20:00:00,2.76,7.1
2025-08-02 21:00:00,2.36,5.5
2025-08-02 22:00:00,2.3,4.6
2025-08-02 23:00:00,1.9,4.4
2025-08-03 00:00:00,2.15,4.1
2025-08-03 01:00:00,2.33,4.4
2025-08-03 02:00:00,2.45,4.8
2025-08-03 03:00:00,2.3,4.4
2025-08-03 04:00:00,2.47,4.8
2025-08-03 05:00:00,2.53,4.9
2025-08-03 06:00:00,3.05,5.7
2025-08-03 07:00:00,3.49,6.9
2025-08-03 08:00:00,3.87,8.5
2025-08-03 09:00:00,4.07,9.2
2025-08-03 10:00:00,4.43,10.0
2025-08-03 11:00:00,4.9,11.8
2025-08-03 12:00:00,4.6,11.0
2025-08-03 13:00:00,4.98,11.9
2025-08-03 14:00:00,5.15,12.6
2025-08-03 15:00:00,5.61,12.9
2025-08-03 16:00:00,4.96,12.6
2025-08-03 17:00:00,5.3,12.7
2025-08-03 18:00:00,3.8,10.7
2025-08-03 19:00:00,4.1,9.0
2025-08-03 20:00:00,3.24,8.3
2025-08-03 21:00:00,3.25,6.7
2025-08-03 22:00:00,2.82,6.3
2025-08-03 23:00:00,2.8,5.5
2025-08-04 00:00:00,2.85,5.6
2025-08-04 01:00:00,2.95,5.7
2025-08-04 02:00:00,3.1,6.1
2025-08-04 03:00:00,3.11,6.2
2025-08-04 04:00:00,3.65,7.1
2025-08-04 05:00:00,3.27,7.7
2025-08-04 06:00:00,2.91,6.4
2025-08-04 07:00:00,3.37,7.0
2025-08-04 08:00:00,3.31,7.3
2025-08-04 09:00:00,3.87,8.3
2025-08-04 10:00:00,4.0,8.4
2025-08-04 11:00:00,3.8,8.6
2025-08-04 12:00:00,3.62,8.2
2025-08-04 13:00:00,3.65,8.4
2025-08-04 14:00:00,3.78,8.4
2025-08-04 15:00:00,3.85,8.3
2025-08-04 16:00:00,4.02,8.7
2025-08-04 17:00:00,3.79,8.6
2025-08-04 18:00:00,4.37,9.2
2025-08-04 19:00:00,3.29,9.1
2025-08-04 20:00:00,3.69,6.9
2025-08-04 21:00:00,3.19,7.5
2025-08-04 22:00:00,3.09,6.1
2025-08-04 23:00:00,3.9,7.5
2025-08-05 00:00:00,4.79,9.2
2025-08-05 01:00:00,5.35,10.1
2025-08-05 02:00:00,6.05,11.7
2025-08-05 03:00:00,5.81,11.3
2025-08-05 04:00:00,6.04,11.8
2025-08-05 05:00:00,4.97,11.7
2025-08-05 06:00:00,4.43,9.6
2025-08-05 07:00:00,4.41,8.8
2025-08-05 08:00:00,4.81,10.0
2025-08-05 09:00:00,5.53,11.3
2025-08-05 10:00:00,5.55,12.0
2025-08-05 11:00:00,6.12,13.2
2025-08-05 12:00:00,6.55,14.1
2025-08-05 13:00:00,6.91,14.9
2025-08-05 14:00:00,7.31,15.6
2025-08-05 15:00:00,7.32,16.1
2025-08-05 16:00:00,7.34,16.8
2025-08-05 17:00:00,7.56,16.4
2025-08-05 18:00:00,7.02,15.6
2025-08-05 19:00:00,6.92,14.8
2025-08-05 20:00:00,5.14,13.7
2025-08-05 21:00:00,5.15,10.7
2025-08-05 22:00:00,4.98,10.4
2025-08-05 23:00:00,5.15,10.7
2025-08-06 00:00:00,5.32,10.8
2025-08-06 01:00:00,5.19,10.9
2025-08-06 02:00:00,4.96,10.7
2025-08-06 03:00:00,5.1,9.7
2025-08-06 04:00:00,5.33,11.4
2025-08-06 05:00:00,4.94,10.5
2025-08-06 06:00:00,4.98,10.0
2025-08-06 07:00:00,6.11,12.3
2025-08-06 08:00:00,5.75,12.6
2025-08-06 09:00:00,6.61,14.4
2025-08-06 10:00:00,6.18,14.7
2025-08-06 11:00:00,7.44,16.4
2025-08-06 12:00:00,7.7,16.4
2025-08-06 13:00:00,7.96,16.2
2025-08-06 14:00:00,7.4,16.5
2025-08-06 15:00:00,7.88,16.5
2025-08-06 16:00:00,8.78,17.6
2025-08-06 17:00:00,7.33,18.0
2025-08-06 18:00:00,6.46,15.8
2025-08-06 19:00:00,7.41,15.8
2025-08-06 20:00:00,5.52,14.8
2025-08-06 21:00:00,5.08,11.3
2025-08-06 22:00:00,4.7,10.4
2025-08-06 23:00:00,4.54,9.4
2025-08-07 00:00:00,4.37,9.1
2025-08-07 01:00:00,4.33,8.9
2025-08-07 02:00:00,4.15,8.6
2025-08-07 03:00:00,3.91,8.7
2025-08-07 04:00:00,3.76,7.8
2025-08-07 05:00:00,3.56,7.6
2025-08-07 06:00:00,3.69,7.3
2025-08-07 07:00:00,3.52,8.8
2025-08-07 08:00:00,5.25,10.5
2025-08-07 09:00:00,5.41,11.4
2025-08-07 10:00:00,5.43,11.5
2025-08-07 11:00:00,4.91,11.6
2025-08-07 12:00:00,4.79,10.6
2025-08-07 13:00:00,5.11,10.9
2025-08-07 14:00:00,5.16,11.2
2025-08-07 15:00:00,4.99,11.1
2025-08-07 16:00:00,4.4,10.7
2025-08-07 17:00:00,3.48,9.5
2025-08-07 18:00:00,3.82,7.7
2025-08-07 19:00:00,2.7,7.9
2025-08-07 20:00:00,3.01,5.9
2025-08-07 21:00:00,2.73,6.0
2025-08-07 22:00:00,2.71,5.3
2025-08-07 23:00:00,2.72,5.1
2025-08-08 00:00:00,2.78,5.2
2025-08-08 01:00:00,2.75,5.3
2025-08-08 02:00:00,2.92,5.5
2025-08-08 03:00:00,3.2,6.3
2025-08-08 04:00:00,2.88,6.3
2025-08-08 05:00:00,3.14,6.4
2025-08-08 06:00:00,2.84,6.0
2025-08-08 07:00:00,2.71,5.6
2025-08-08 08:00:00,2.62,5.7
2025-08-08 09:00:00,2.68,6.4
2025-08-08 10:00:00,3.13,7.2
2025-08-08 11:00:00,3.22,7.8
2025-08-08 12:00:00,3.39,8.0
2025-08-08 13:00:00,3.74,8.9
2025-08-08 14:00:00,3.36,8.7
2025-08-08 15:00:00,3.2,8.2
2025-08-08 16:00:00,3.67,8.3
2025-08-08 17:00:00,4.14,8.8
2025-08-08 18:00:00,3.87,9.0
2025-08-08 19:00:00,3.26,7.9
2025-08-08 20:00:00,2.82,6.5
2025-08-08 21:00:00,2.45,5.5
2025-08-08 22:00:00,2.33,4.4
2025-08-08 23:00:00,2.73,4.9
2025-08-09 00:00:00,2.47,5.0
2025-08-09 01:00:00,1.76,4.6
2025-08-09 02:00:00,1.51,3.4
2025-08-09 03:00:00,1.36,3.3
2025-08-09 04:00:00,1.15,2.6
2025-08-09 05:00:00,0.98,2.4
2025-08-09 06:00:00,1.1,2.3
2025-08-09 07:00:00,1.81,4.1
2025-08-09 08:00:00,1.8,4.4
2025-08-09 09:00:00,3.18,6.8
2025-08-09 10:00:00,3.61,8.1
2025-08-09 11:00:00,3.92,8.6
2025-08-09 12:00:00,3.98,9.0
2025-08-09 13:00:00,4.01,9.1
2025-08-09 14:00:00,4.31,9.7
2025-08-09 15:00:00,3.87,9.5
2025-08-09 16:00:00,4.0,9.0
2025-08-09 17:00:00,3.63,8.9
2025-08-09 18:00:00,3.79,8.6
2025-08-09 19:00:00,3.44,8.3
2025-08-09 20:00:00,2.23,7.0
2025-08-09 21:00:00,1.28,4.3
2025-08-09 22:00:00,1.25,2.3
2025-08-09 23:00:00,2.09,3.9
2025-08-10 00:00:00,1.9,4.0
2025-08-10 01:00:00,2.1,3.8
2025-08-10 02:00:00,3.8,7.4
2025-08-10 03:00:00,2.53,6.4
2025-08-10 04:00:00,2.64,5.0
2025-08-10 05:00:00,2.71,5.2
2025-08-10 06:00:00,2.77,5.4
2025-08-10 07:00:00,3.52,6.8
2025-08-10 08:00:00,3.8,8.2
2025-08-10 09:00:00,3.95,8.8
2025-08-10 10:00:00,4.4,9.7
2025-08-10 11:00:00,4.97,10.9
2025-08-10 12:00:00,5.44,11.7
2025-08-10 13:00:00,6.03,13.0
2025-08-10 14:00:00,6.16,13.2
2025-08-10 15:00:00,6.2,13.3
2025-08-10 16:00:00,6.6,13.9
2025-08-10 17:00:00,6.38,14.6
2025-08-10 18:00:00,6.33,14.5
2025-08-10 19:00:00,4.81,13.0
2025-08-10 20:00:00,4.54,9.8
2025-08-10 21:00:00,4.24,9.2
2025-08-10 22:00:00,3.97,8.4
2025-08-10 23:00:00,3.39,7.8
2025-08-11 00:00:00,3.46,6.8
2025-08-11 01:00:00,3.25,6.8
2025-08-11 02:00:00,3.32,6.5
2025-08-11 03:00:00,2.8,6.2
2025-08-11 04:00:00,3.21,6.3
2025-08-11 05:00:00,3.0,6.2
2025-08-11 06:00:00,3.1,6.1
2025-08-11 07:00:00,3.61,7.2
2025-08-11 08:00:00,4.24,8.8
2025-08-11 09:00:00,4.48,9.5
2025-08-11 10:00:00,4.62,10.1
2025-08-11 11:00:00,4.32,10.1
2025-08-11 12:00:00,4.56,10.2
2025-08-11 13:00:00,4.85,10.6
2025-08-11 14:00:00,4.6,10.8
2025-08-11 15:00:00,4.35,10.4
2025-08-11 16:00:00,4.2,9.7
2025-08-11 17:00:00,4.05,9.4
2025-08-11 18:00:00,4.25,9.2
2025-08-11 19:00:00,4.25,9.4
2025-08-11 20:00:00,3.77,8.8
2025-08-11 21:00:00,2.88,7.5
2025-08-11 22:00:00,2.42,5.5
2025-08-11 23:00:00,2.74,5.2
2025-08-12 00:00:00,2.94,5.6
2025-08-12 01:00:00,3.1,6.0
2025-08-12 02:00:00,3.31,6.4
2025-08-12 03:00:00,3.21,6.2
2025-08-12 04:00:00,3.02,6.2
2025-08-12 05:00:00,2.97,5.7
2025-08-12 06:00:00,3.23,6.3
2025-08-12 07:00:00,3.05,7.1
2025-08-12 08:00:00,4.05,8.5
2025-08-12 09:00:00,3.76,8.3
2025-08-12 10:00:00,3.76,8.4
2025-08-12 11:00:00,3.77,8.7
2025-08-12 12:00:00,3.41,8.6
2025-08-12 13:00:00,3.53,8.3
2025-08-12 14:00:00,3.66,8.5
2025-08-12 15:00:00,3.3,8.1
2025-08-12 16:00:00,3.26,7.7
2025-08-12 17:00:00,3.27,7.6
2025-08-12 18:00:00,2.9,7.3
2025-08-12 19:00:00,2.4,6.2
2025-08-12 20:00:00,2.6,5.0
2025-08-12 21:00:00,2.93,5.6
2025-08-12 22:00:00,2.43,5.5
2025-08-12 23:00:00,1.95,4.5
2025-08-13 00:00:00,1.47,3.6
2025-08-13 01:00:00,1.37,2.9
2025-08-13 02:00:00,1.24,2.6
2025-08-13 03:00:00,1.22,2.4
2025-08-13 04:00:00,0.76,2.4
2025-08-13 05:00:00,0.36,1.6
2025-08-13 06:00:00,0.96,2.0
2025-08-13 07:00:00,0.98,2.0
2025-08-13 08:00:00,0.15,2.1
2025-08-13 09:00:00,0.35,2.5
2025-08-13 10:00:00,0.63,3.1
2025-08-13 11:00:00,0.72,3.4
2025-08-13 12:00:00,0.7,3.5
2025-08-13 13:00:00,0.56,3.5
2025-08-13 14:00:00,0.36,3.2
2025-08-13 15:00:00,0.55,3.3
2025-08-13 16:00:00,0.3,2.9
2025-08-13 17:00:00,0.3,2.3
2025-08-13 18:00:00,0.79,2.1
2025-08-13 19:00:00,1.13,2.2
2025-08-13 20:00:00,1.01,2.1
2025-08-13 21:00:00,0.5,1.3
2025-08-13 22:00:00,2.67,4.2
2025-08-13 23:00:00,2.58,5.4
2025-08-14 00:00:00,1.46,4.7
2025-08-14 01:00:00,0.83,2.6
2025-08-14 02:00:00,0.76,1.5
2025-08-14 03:00:00,1.0,2.1
2025-08-14 04:00:00,0.92,1.9
2025-08-14 05:00:00,1.42,2.7
2025-08-14 06:00:00,1.66,3.1
2025-08-14 07:00:00,2.27,4.1
2025-08-14 08:00:00,2.04,4.3
2025-08-14 09:00:00,2.04,4.8
2025-08-14 10:00:00,2.49,5.9
2025-08-14 11:00:00,2.91,6.8
2025-08-14 12:00:00,3.12,7.3
2025-08-14 13:00:00,3.18,7.5
2025-08-14 14:00:00,3.12,7.5
2025-08-14 15:00:00,3.49,7.9
2025-08-14 16:00:00,3.39,7.9
2025-08-14 17:00:00,3.21,7.2
2025-08-14 18:00:00,2.85,6.9
2025-08-14 19:00:00,2.21,5.6
2025-08-14 20:00:00,4.15,7.6
2025-08-14 21:00:00,2.77,7.9
2025-08-14 22:00:00,2.86,5.3
2025-08-14 23:00:00,2.9,5.3
2025-08-15 00:00:00,2.91,5.4
2025-08-15 01:00:00,3.09,5.7
2025-08-15 02:00:00,3.05,5.8
2025-08-15 03:00:00,3.04,6.0
2025-08-15 04:00:00,2.77,5.6
2025-08-15 05:00:00,2.57,5.1
2025-08-15 06:00:00,2.76,4.9
2025-08-15 07:00:00,2.97,5.3
2025-08-15 08:00:00,2.03,5.7
2025-08-15 09:00:00,2.65,6.0
2025-08-15 10:00:00,3.18,7.5
2025-08-15 11:00:00,2.75,7.1
2025-08-15 12:00:00,3.58,8.2
2025-08-15 13:00:00,4.75,10.2
2025-08-15 14:00:00,3.57,10.7
2025-08-15 15:00:00,5.28,11.1
2025-08-15 16:00:00,6.39,13.4
2025-08-15 17:00:00,6.0,13.5
2025-08-15 18:00:00,6.03,13.7
2025-08-15 19:00:00,5.28,13.4
2025-08-15 20:00:00,4.81,10.8
2025-08-15 21:00:00,4.85,9.7
2025-08-15 22:00:00,4.45,9.6
2025-08-15 23:00:00,4.4,8.9
2025-08-16 00:00:00,4.45,8.8
2025-08-16 01:00:00,4.45,9.0
2025-08-16 02:00:00,4.24,8.9
2025-08-16 03:00:00,3.71,8.6
2025-08-16 04:00:00,3.09,7.3
2025-08-16 05:00:00,2.74,6.0
2025-08-16 06:00:00,2.16,5.2
2025-08-16 07:00:00,2.8,5.6
2025-08-16 08:00:00,2.78,6.5
2025-08-16 09:00:00,2.86,6.7
2025-08-16 10:00:00,2.31,6.7
2025-08-16 11:00:00,1.95,6.0
2025-08-16 12:00:00,2.85,7.3
2025-08-16 13:00:00,3.5,8.4
2025-08-16 14:00:00,3.82,9.1
2025-08-16 15:00:00,3.8,9.0
2025-08-16 16:00:00,3.4,8.8
2025-08-16 17:00:00,3.89,8.6
2025-08-16 18:00:00,3.86,8.7
2025-08-16 19:00:00,3.15,8.3
2025-08-16 20:00:00,2.16,6.4
2025-08-16 21:00:00,3.02,5.0
2025-08-16 22:00:00,3.9,8.3
2025-08-16 23:00:00,2.66,7.5
2025-08-17 00:00:00,3.01,5.6
2025-08-17 01:00:00,3.43,6.7
2025-08-17 02:00:00,3.5,6.8
2025-08-17 03:00:00,3.44,7.5
2025-08-17 04:00:00,3.12,6.9
2025-08-17 05:00:00,3.33,6.7
2025-08-17 06:00:00,3.43,6.9
2025-08-17 07:00:00,3.34,7.3
2025-08-17 08:00:00,4.12,8.9
2025-08-17 09:00:00,3.92,9.3
2025-08-17 10:00:00,3.82,9.0
2025-08-17 11:00:00,3.86,9.2
2025-08-17 12:00:00,3.96,9.5
2025-08-17 13:00:00,3.97,9.5
2025-08-17 14:00:00,3.97,9.4
2025-08-17 15:00:00,3.87,9.1
2025-08-17 16:00:00,3.71,9.0
2025-08-17 17:00:00,3.54,8.5
2025-08-17 18:00:00,3.72,8.1
2025-08-17 19:00:00,3.1,8.0
2025-08-17 20:00:00,2.47,6.4
2025-08-17 21:00:00,2.8,5.1
2025-08-17 22:00:00,2.67,5.2
2025-08-17 23:00:00,2.2,4.9
2025-08-18 00:00:00,1.85,4.1
2025-08-18 01:00:00,1.29,3.6
2025-08-18 02:00:00,1.3,2.4
2025-08-18 03:00:00,0.45,1.6
2025-08-18 04:00:00,0.76,1.8
2025-08-18 05:00:00,0.92,2.0
2025-08-18 06:00:00,1.21,2.5
2025-08-18 07:00:00,1.74,3.6
2025-08-18 08:00:00,1.39,4.0
2025-08-18 09:00:00,1.6,4.4
2025-08-18 10:00:00,1.97,5.3
2025-08-18 11:00:00,2.16,5.8
2025-08-18 12:00:00,2.33,6.2
2025-08-18 13:00:00,2.52,6.6
2025-08-18 14:00:00,2.45,6.6
2025-08-18 15:00:00,2.4,6.2
2025-08-18 16:00:00,2.53,6.2
2025-08-18 17:00:00,2.6,6.2
2025-08-18 18:00:00,2.43,6.0
2025-08-18 19:00:00,2.04,5.4
2025-08-18 20:00:00,2.89,5.1
2025-08-18 21:00:00,3.95,7.2
2025-08-18 22:00:00,3.47,7.5
2025-08-18 23:00:00,2.81,6.5
2025-08-19 00:00:00,2.6,5.2
2025-08-19 01:00:00,2.51,4.8
2025-08-19 02:00:00,2.46,4.7
2025-08-19 03:00:00,2.44,4.7
2025-08-19 04:00:00,2.5,4.7
2025-08-19 05:00:00,2.7,5.0
2025-08-19 06:00:00,2.68,5.2
2025-08-19 07:00:00,2.72,5.4
2025-08-19 08:00:00,2.55,5.6
2025-08-19 09:00:00,3.26,7.4
2025-08-19 10:00:00,3.11,7.6
2025-08-19 11:00:00,3.09,7.6
2025-08-19 12:00:00,3.18,7.9
2025-08-19 13:00:00,3.33,8.2
2025-08-19 14:00:00,3.36,8.4
2025-08-19 15:00:00,3.24,8.5
2025-08-19 16:00:00,3.18,7.9
2025-08-19 17:00:00,3.14,7.5
2025-08-19 18:00:00,2.73,7.2
2025-08-19 19:00:00,3.96,7.8
2025-08-19 20:00:00,4.82,9.7
2025-08-19 21:00:00,5.64,11.8
2025-08-19 22:00:00,5.2,12.5
2025-08-19 23:00:00,4.7,12.0
2025-08-20 00:00:00,3.8,10.0
2025-08-20 01:00:00,3.23,7.8
2025-08-20 02:00:00,2.72,6.8
2025-08-20 03:00:00,2.6,6.2
2025-08-20 04:00:00,2.64,5.5
2025-08-20 05:00:00,2.89,5.6
2025-08-20 06:00:00,3.0,6.1
2025-08-20 07:00:00,2.97,6.4
2025-08-20 08:00:00,2.95,6.8
2025-08-20 09:00:00,2.78,6.9
2025-08-20 10:00:00,2.85,7.3
2025-08-20 11:00:00,2.97,7.5
2025-08-20 12:00:00,3.18,8.1
2025-08-20 13:00:00,2.71,8.0
2025-08-20 14:00:00,2.38,7.0
2025-08-20 15:00:00,3.0,7.0
2025-08-20 16:00:00,2.91,7.2
2025-08-20 17:00:00,2.42,6.9
2025-08-20 18:00:00,1.71,5.7
2025-08-20 19:00:00,1.05,4.2
2025-08-20 20:00:00,1.03,2.3
2025-08-20 21:00:00,1.08,2.1
2025-08-20 22:00:00,1.78,3.4
2025-08-20 23:00:00,1.77,4.0
2025-08-21 00:00:00,1.39,3.4
2025-08-21 01:00:00,1.4,3.1
2025-08-21 02:00:00,1.06,2.9
2025-08-21 03:00:00,0.63,1.5
2025-08-21 04:00:00,1.47,3.3
2025-08-21 05:00:00,1.22,3.1
2025-08-21 06:00:00,1.82,3.6
2025-08-21 07:00:00,2.16,4.4
2025-08-21 08:00:00,2.02,4.4
2025-08-21 09:00:00,3.66,7.6
2025-08-21 10:00:00,3.96,10.3
2025-08-21 11:00:00,3.48,9.8
2025-08-21 12:00:00,3.31,9.3
2025-08-21 13:00:00,3.15,8.6
2025-08-21 14:00:00,3.21,8.0
2025-08-21 15:00:00,3.45,8.8
2025-08-21 16:00:00,3.61,8.3
2025-08-21 17:00:00,3.96,9.1
2025-08-21 18:00:00,2.56,8.7
2025-08-21 19:00:00,2.46,5.8
2025-08-21 20:00:00,2.72,5.6
2025-08-21 21:00:00,2.73,5.5
2025-08-21 22:00:00,3.28,6.7
2025-08-21 23:00:00,2.69,6.7
2025-08-22 00:00:00,2.55,5.6
2025-08-22 01:00:00,2.24,5.2
2025-08-22 02:00:00,1.96,4.5
2025-08-22 03:00:00,2.12,5.3
2025-08-22 04:00:00,2.25,4.6
2025-08-22 05:00:00,1.9,4.7
2025-08-22 06:00:00,1.64,4.0
2025-08-22 07:00:00,1.4,3.7
2025-08-22 08:00:00,1.45,3.7
2025-08-22 09:00:00,2.27,5.7
2025-08-22 10:00:00,3.87,8.7
2025-08-22 11:00:00,4.23,9.3
2025-08-22 12:00:00,4.44,10.5
2025-08-22 13:00:00,4.63,11.0
2025-08-22 14:00:00,4.96,11.4
2025-08-22 15:00:00,6.9,14.6
2025-08-22 16:00:00,5.44,14.8
2025-08-22 17:00:00,5.65,12.8
2025-08-22 18:00:00,5.27,13.4
2025-08-22 19:00:00,4.44,11.7
2025-08-22 20:00:00,3.19,8.7
2025-08-22 21:00:00,2.37,6.4
2025-08-22 22:00:00,2.17,4.7
2025-08-22 23:00:00,2.56,4.9
2025-08-23 00:00:00,2.65,5.4
2025-08-23 01:00:00,2.57,5.2
2025-08-23 02:00:00,2.57,5.1
2025-08-23 03:00:00,2.56,6.1
2025-08-23 04:00:00,2.26,5.1
2025-08-23 05:00:00,2.2,4.6
2025-08-23 06:00:00,2.45,4.9
2025-08-23 07:00:00,2.62,5.7
2025-08-23 08:00:00,2.97,6.6
2025-08-23 09:00:00,3.3,7.7
2025-08-23 10:00:00,4.08,9.1
2025-08-23 11:00:00,4.59,10.3
2025-08-23 12:00:00,4.71,11.2
2025-08-23 13:00:00,4.24,11.2
2025-08-23 14:00:00,4.38,10.1
2025-08-23 15:00:00,4.57,11.0
2025-08-23 16:00:00,5.11,11.2
2025-08-23 17:00:00,5.44,12.3
2025-08-23 18:00:00,5.2,11.6
2025-08-23 19:00:00,4.0,10.8
2025-08-23 20:00:00,2.82,8.4
2025-08-23 21:00:00,2.2,5.5
2025-08-23 22:00:00,2.93,5.6
2025-08-23 23:00:00,3.45,6.3
2025-08-24 00:00:00,3.7,7.2
2025-08-24 01:00:00,3.98,7.8
2025-08-24 02:00:00,3.89,7.8
2025-08-24 03:00:00,3.95,8.3
2025-08-24 04:00:00,3.83,8.0
2025-08-24 05:00:00,3.7,7.8
2025-08-24 06:00:00,3.49,7.5
2025-08-24 07:00:00,3.35,7.0
2025-08-24 08:00:00,3.48,7.4
2025-08-24 09:00:00,3.6,8.1
2025-08-24 10:00:00,3.47,8.3
2025-08-24 11:00:00,3.89,9.0
2025-08-24 12:00:00,4.33,9.9
2025-08-24 13:00:00,4.6,10.4
2025-08-24 14:00:00,4.68,10.6
2025-08-24 15:00:00,4.88,10.8
2025-08-24 16:00:00,4.88,10.8
2025-08-24 17:00:00,4.53,10.6
2025-08-24 18:00:00,3.61,9.5
2025-08-24 19:00:00,2.98,7.5
2025-08-24 20:00:00,2.48,6.0
2025-08-24 21:00:00,2.22,4.7
2025-08-24 22:00:00,1.87,4.0
2025-08-24 23:00:00,2.49,4.7
2025-08-25 00:00:00,3.11,5.6
2025-08-25 01:00:00,3.42,6.6
2025-08-25 02:00:00,3.3,6.6
2025-08-25 03:00:00,3.44,6.7
2025-08-25 04:00:00,3.2,6.8
2025-08-25 05:00:00,2.75,6.3
2025-08-25 06:00:00,2.71,5.4
2025-08-25 07:00:00,2.31,5.4
2025-08-25 08:00:00,2.39,5.4
2025-08-25 09:00:00,2.24,5.5
2025-08-25 10:00:00,2.53,6.1
2025-08-25 11:00:00,2.98,7.1
2025-08-25 12:00:00,3.29,9.0
2025-08-25 13:00:00,4.01,9.2
2025-08-25 14:00:00,4.27,9.5
2025-08-25 15:00:00,3.58,9.6
2025-08-25 16:00:00,3.54,8.1
2025-08-25 17:00:00,3.69,7.9
2025-08-25 18:00:00,3.66,8.4
2025-08-25 19:00:00,2.57,7.4
2025-08-25 20:00:00,2.01,5.1
2025-08-25 21:00:00,2.76,5.0
2025-08-25 22:00:00,1.61,5.1
2025-08-25 23:00:00,0.89,3.0
2025-08-26 00:00:00,0.96,1.9
2025-08-26 01:00:00,1.26,2.3
2025-08-26 02:00:00,1.5,2.8
2025-08-26 03:00:00,1.31,3.2
2025-08-26 04:00:00,1.06,2.6
2025-08-26 05:00:00,0.74,2.2
2025-08-26 06:00:00,1.05,2.2
2025-08-26 07:00:00,1.21,2.5
2025-08-26 08:00:00,1.03,3.0
2025-08-26 09:00:00,1.35,3.9
2025-08-26 10:00:00,1.57,4.6
2025-08-26 11:00:00,1.79,5.1
2025-08-26 12:00:00,1.74,5.3
2025-08-26 13:00:00,1.68,5.1
2025-08-26 14:00:00,2.05,5.7
2025-08-26 15:00:00,2.93,6.9
2025-08-26 16:00:00,2.42,6.9
2025-08-26 17:00:00,2.08,5.4
2025-08-26 18:00:00,1.5,4.6
2025-08-26 19:00:00,1.08,3.1
2025-08-26 20:00:00,1.5,2.2
2025-08-26 21:00:00,2.3,4.1
2025-08-26 22:00:00,1.41,4.3
2025-08-26 23:00:00,0.46,2.2
2025-08-27 00:00:00,0.41,1.3
2025-08-27 01:00:00,0.22,1.2
2025-08-27 02:00:00,0.47,1.1
2025-08-27 03:00:00,1.24,2.9
2025-08-27 04:00:00,1.24,2.5
2025-08-27 05:00:00,1.2,2.5
2025-08-27 06:00:00,1.15,2.4
2025-08-27 07:00:00,1.45,2.7
2025-08-27 08:00:00,1.83,3.6
2025-08-27 09:00:00,1.62,4.0
2025-08-27 10:00:00,1.97,5.1
2025-08-27 11:00:00,2.23,5.3
2025-08-27 12:00:00,2.82,6.6
2025-08-27 13:00:00,3.2,7.1
2025-08-27 14:00:00,3.8,8.7
2025-08-27 15:00:00,3.72,8.3
2025-08-27 16:00:00,3.66,8.5
2025-08-27 17:00:00,3.08,7.7
2025-08-27 18:00:00,3.0,6.8
2025-08-27 19:00:00,2.84,6.1
2025-08-27 20:00:00,3.22,5.9
2025-08-27 21:00:00,3.39,6.1
2025-08-27 22:00:00,3.53,7.0
2025-08-27 23:00:00,3.09,6.5
2025-08-28 00:00:00,3.34,6.3
2025-08-28 01:00:00,2.84,6.1
2025-08-28 02:00:00,3.07,5.6
2025-08-28 03:00:00,2.64,4.7
2025-08-28 04:00:00,2.15,4.6
2025-08-28 05:00:00,1.73,3.7
2025-08-28 06:00:00,1.59,3.0
2025-08-28 07:00:00,1.39,2.7
2025-08-28 08:00:00,1.3,3.0
2025-08-28 09:00:00,0.65,3.2
2025-08-28 10:00:00,0.67,3.3
2025-08-28 11:00:00,0.85,3.8
2025-08-28 12:00:00,1.22,4.6
2025-08-28 13:00:00,0.67,4.3
2025-08-28 14:00:00,0.47,3.2
2025-08-28 15:00:00,0.07,3.2
2025-08-28 16:00:00,0.3,2.3
2025-08-28 17:00:00,0.1,1.9
2025-08-28 18:00:00,0.63,1.4
2025-08-28 19:00:00,1.46,2.3
2025-08-28 20:00:00,1.2,2.6
2025-08-28 21:00:00,2.53,4.2
2025-08-28 22:00:00,1.83,4.5
2025-08-28 23:00:00,2.25,3.8
2025-08-29 00:00:00,2.16,3.9
2025-08-29 01:00:00,1.4,3.7
2025-08-29 02:00:00,1.55,2.7
2025-08-29 03:00:00,0.6,1.6
2025-08-29 04:00:00,1.81,3.2
2025-08-29 05:00:00,1.6,3.3
2025-08-29 06:00:00,1.22,2.9
2025-08-29 07:00:00,1.81,3.3
2025-08-29 08:00:00,1.41,3.8
2025-08-29 09:00:00,0.72,3.4
2025-08-29 10:00:00,0.96,3.2
2025-08-29 11:00:00,0.22,3.3
2025-08-29 12:00:00,0.81,3.3
2025-08-29 13:00:00,1.37,4.1
2025-08-29 14:00:00,1.23,4.1
2025-08-29 15:00:00,0.43,2.8
2025-08-29 16:00:00,0.52,2.1
2025-08-29 17:00:00,0.74,2.5
2025-08-29 18:00:00,1.11,2.2
2025-08-29 19:00:00,0.16,2.2
2025-08-29 20:00:00,0.55,0.9
2025-08-29 21:00:00,0.3,0.7
2025-08-29 22:00:00,0.7,1.1
2025-08-29 23:00:00,1.31,2.2
2025-08-30 00:00:00,1.32,2.4
2025-08-30 01:00:00,1.02,2.2
2025-08-30 02:00:00,0.67,1.8
2025-08-30 03:00:00,0.22,1.1
2025-08-30 04:00:00,0.05,0.4
2025-08-30 05:00:00,0.11,0.5
2025-08-30 06:00:00,0.2,1.6
2025-08-30 07:00:00,0.4,1.8
2025-08-30 08:00:00,0.89,2.9
2025-08-30 09:00:00,1.08,3.3
2025-08-30 10:00:00,1.3,4.0
2025-08-30 11:00:00,1.41,4.0
2025-08-30 12:00:00,1.41,3.9
2025-08-30 13:00:00,1.2,4.7
2025-08-30 14:00:00,1.4,5.0
2025-08-30 15:00:00,2.51,7.2
2025-08-30 16:00:00,2.39,7.2
2025-08-30 17:00:00,1.95,5.9
2025-08-30 18:00:00,2.33,5.3
2025-08-30 19:00:00,2.88,5.1
2025-08-30 20:00:00,0.57,5.2
2025-08-30 21:00:00,1.22,2.0
2025-08-30 22:00:00,1.52,3.1
2025-08-30 23:00:00,1.62,3.1
2025-08-31 00:00:00,1.55,2.9
2025-08-31 01:00:00,1.76,3.2
2025-08-31 02:00:00,1.95,3.8
2025-08-31 03:00:00,1.43,3.1
2025-08-31 04:00:00,1.38,2.6
2025-08-31 05:00:00,1.35,2.9
2025-08-31 06:00:00,0.99,3.2
2025-08-31 07:00:00,0.92,2.9
2025-08-31 08:00:00,0.95,3.0
2025-08-31 09:00:00,1.03,3.3
2025-08-31 10:00:00,1.25,4.0
2025-08-31 11:00:00,1.21,4.3
2025-08-31 12:00:00,1.39,4.6
2025-08-31 13:00:00,1.76,5.2
2025-08-31 14:00:00,1.85,5.2
2025-08-31 15:00:00,2.12,5.8
2025-08-31 16:00:00,1.88,5.4
2025-08-31 17:00:00,1.78,4.6
2025-08-31 18:00:00,1.41,3.9
2025-08-31 19:00:00,1.96,3.4
2025-08-31 20:00:00,2.21,4.1
2025-08-31 21:00:00,2.43,4.2
2025-08-31 22:00:00,2.37,4.4
2025-08-31 23:00:00,2.21,4.3
2025-09-01 00:00:00,1.98,4.0
2025-09-01 01:00:00,1.9,3.6
2025-09-01 02:00:00,2.12,3.9
2025-09-01 03:00:00,2.36,4.3
2025-09-01 04:00:00,2.63,4.8
2025-09-01 05:00:00,2.68,4.9
2025-09-01 06:00:00,2.77,5.1
2025-09-01 07:00:00,2.88,5.5
2025-09-01 08:00:00,2.57,5.8
2025-09-01 09:00:00,2.58,5.8
2025-09-01 10:00:00,3.26,7.3
2025-09-01 11:00:00,3.87,8.7
2025-09-01 12:00:00,4.04,9.1
2025-09-01 13:00:00,4.45,9.9
2025-09-01 14:00:00,4.53,10.0
2025-09-01 15:00:00,5.02,10.8
2025-09-01 16:00:00,4.9,10.9
2025-09-01 17:00:00,4.69,10.4
2025-09-01 18:00:00,4.02,9.8
2025-09-01 19:00:00,3.96,8.2
2025-09-01 20:00:00,4.06,8.0
2025-09-01 21:00:00,3.99,8.0
2025-09-01 22:00:00,4.01,7.9
2025-09-01 23:00:00,3.99,7.8
2025-09-02 00:00:00,4.44,8.7
2025-09-02 01:00:00,4.28,8.7
2025-09-02 02:00:00,3.82,8.5
2025-09-02 03:00:00,4.13,8.1
2025-09-02 04:00:00,3.43,7.8
2025-09-02 05:00:00,3.47,6.5
2025-09-02 06:00:00,3.39,6.6
2025-09-02 07:00:00,2.65,6.3
2025-09-02 08:00:00,2.32,5.6
2025-09-02 09:00:00,2.1,4.3
2025-09-02 10:00:00,2.09,5.2
2025-09-02 11:00:00,2.03,5.0
2025-09-02 12:00:00,1.72,4.1
2025-09-02 13:00:00,1.66,3.9
2025-09-02 14:00:00,1.78,4.1
2025-09-02 15:00:00,1.52,6.1
2025-09-02 16:00:00,2.44,3.9
2025-09-02 17:00:00,2.6,5.4
2025-09-02 18:00:00,1.43,4.6
2025-09-02 19:00:00,0.64,2.4
2025-09-02 20:00:00,0.07,1.0
2025-09-02 21:00:00,1.08,2.0
2025-09-02 22:00:00,1.47,2.7
2025-09-02 23:00:00,1.65,3.0
2025-09-03 00:00:00,2.12,4.0
2025-09-03 01:00:00,2.05,4.0
2025-09-03 02:00:00,2.18,4.0
2025-09-03 03:00:00,2.03,4.4
2025-09-03 04:00:00,2.17,4.4
2025-09-03 05:00:00,1.59,4.3
2025-09-03 06:00:00,1.92,4.3
2025-09-03 07:00:00,2.12,4.5
2025-09-03 08:00:00,2.27,5.1
2025-09-03 09:00:00,2.41,5.5
2025-09-03 10:00:00,2.52,5.8
2025-09-03 11:00:00,2.9,6.7
2025-09-03 12:00:00,2.77,7.0
2025-09-03 13:00:00,2.93,7.1
2025-09-03 14:00:00,3.45,8.1
2025-09-03 15:00:00,3.31,7.5
2025-09-03 16:00:00,4.16,9.0
2025-09-03 17:00:00,4.4,9.7
2025-09-03 18:00:00,4.19,9.2
2025-09-03 19:00:00,3.92,8.5
2025-09-03 20:00:00,4.13,8.1
2025-09-03 21:00:00,4.32,8.5
2025-09-03 22:00:00,4.38,8.5
2025-09-03 23:00:00,4.48,8.8
2025-09-04 00:00:00,4.7,9.3
2025-09-04 01:00:00,4.79,9.5
2025-09-04 02:00:00,4.66,9.4
2025-09-04 03:00:00,4.44,9.2
2025-09-04 04:00:00,4.52,8.8
2025-09-04 05:00:00,4.25,8.8
2025-09-04 06:00:00,3.99,8.2
2025-09-04 07:00:00,4.11,7.9
2025-09-04 08:00:00,3.51,8.5
2025-09-04 09:00:00,3.94,8.3
2025-09-04 10:00:00,4.29,9.3
2025-09-04 11:00:00,4.43,9.8
2025-09-04 12:00:00,4.31,9.9
2025-09-04 13:00:00,4.71,12.6
2025-09-04 14:00:00,4.88,12.7
2025-09-04 15:00:00,4.38,11.6
2025-09-04 16:00:00,4.37,9.8
2025-09-04 17:00:00,3.89,9.1
2025-09-04 18:00:00,3.36,8.0
2025-09-04 19:00:00,2.65,6.7
2025-09-04 20:00:00,2.18,4.9
2025-09-04 21:00:00,2.08,3.8
2025-09-04 22:00:00,2.39,4.2
2025-09-04 23:00:00,1.92,4.2
2025-09-05 00:00:00,1.3,3.4
2025-09-05 01:00:00,1.19,2.4
2025-09-05 02:00:00,1.35,2.4
2025-09-05 03:00:00,1.18,2.2
2025-09-05 04:00:00,1.45,2.6
2025-09-05 05:00:00,2.54,4.5
2025-09-05 06:00:00,2.26,4.6
2025-09-05 07:00:00,2.62,4.7
2025-09-05 08:00:00,2.82,5.0
2025-09-05 09:00:00,2.66,5.7
2025-09-05 10:00:00,2.75,6.2
2025-09-05 11:00:00,3.22,7.3
2025-09-05 12:00:00,3.68,7.9
2025-09-05 13:00:00,3.11,8.3
2025-09-05 14:00:00,2.5,8.2
2025-09-05 15:00:00,0.63,3.1
2025-09-05 16:00:00,0.5,5.3
2025-09-05 17:00:00,2.62,6.1
2025-09-05 18:00:00,2.64,6.4
2025-09-05 19:00:00,3.05,5.6
2025-09-05 20:00:00,3.06,5.6
2025-09-05 21:00:00,2.96,5.6
2025-09-05 22:00:00,2.65,5.6
2025-09-05 23:00:00,2.52,5.1
2025-09-06 00:00:00,2.34,4.9
2025-09-06 01:00:00,2.51,4.8
2025-09-06 02:00:00,2.43,4.9
2025-09-06 03:00:00,1.83,4.6
2025-09-06 04:00:00,2.0,3.8
2025-09-06 05:00:00,2.6,4.8
2025-09-06 06:00:00,2.8,5.6
2025-09-06 07:00:00,3.04,6.2
2025-09-06 08:00:00,3.38,6.9
2025-09-06 09:00:00,3.72,8.0
2025-09-06 10:00:00,3.8,8.2
2025-09-06 11:00:00,3.89,9.1
2025-09-06 12:00:00,3.74,8.8
2025-09-06 13:00:00,3.67,8.7
2025-09-06 14:00:00,3.28,8.4
2025-09-06 15:00:00,3.29,7.9
2025-09-06 16:00:00,3.07,7.4
2025-09-06 17:00:00,2.96,7.2
2025-09-06 18:00:00,2.32,6.9
2025-09-06 19:00:00,2.21,4.7
2025-09-06 20:00:00,2.5,4.5
2025-09-06 21:00:00,2.57,4.8
2025-09-06 22:00:00,2.68,5.0
2025-09-06 23:00:00,2.72,5.3
2025-09-07 00:00:00,2.25,5.1
2025-09-07 01:00:00,1.73,4.3
2025-09-07 02:00:00,1.31,3.4
2025-09-07 03:00:00,1.7,3.5
2025-09-07 04:00:00,1.24,3.8
2025-09-07 05:00:00,1.56,3.3
2025-09-07 06:00:00,2.14,4.3
2025-09-07 07:00:00,1.9,4.4
2025-09-07 08:00:00,1.76,4.1
2025-09-07 09:00:00,1.3,4.4
2025-09-07 10:00:00,1.3,4.4
2025-09-07 11:00:00,1.1,4.4
2025-09-07 12:00:00,0.72,4.2
2025-09-07 13:00:00,0.27,3.6
2025-09-07 14:00:00,0.81,3.6
2025-09-07 15:00:00,0.46,2.5
2025-09-07 16:00:00,1.22,3.0
2025-09-07 17:00:00,1.86,4.0
2025-09-07 18:00:00,1.55,4.2
2025-09-07 19:00:00,1.25,3.0
2025-09-07 20:00:00,1.66,3.0
2025-09-07 21:00:00,2.35,4.3
2025-09-07 22:00:00,2.06,4.5
2025-09-07 23:00:00,1.84,3.9
2025-09-08 00:00:00,1.36,3.5
2025-09-08 01:00:00,1.32,2.6
2025-09-08 02:00:00,1.67,3.2
2025-09-08 03:00:00,2.27,4.5
2025-09-08 04:00:00,2.38,4.7
2025-09-08 05:00:00,2.65,5.4
2025-09-08 06:00:00,2.62,5.2
2025-09-08 07:00:00,2.55,5.0
2025-09-08 08:00:00,2.96,6.0
2025-09-08 09:00:00,3.02,6.4
2025-09-08 10:00:00,2.98,6.4
2025-09-08 11:00:00,3.18,6.9
2025-09-08 12:00:00,4.24,8.9
2025-09-08 13:00:00,4.08,9.6
2025-09-08 14:00:00,4.69,10.1
2025-09-08 15:00:00,4.43,9.4
2025-09-08 16:00:00,4.27,9.6
2025-09-08 17:00:00,3.49,9.0
2025-09-08 18:00:00,2.53,7.2
2025-09-08 19:00:00,1.75,5.0
2025-09-08 20:00:00,1.67,3.0
2025-09-08 21:00:00,1.93,3.5
2025-09-08 22:00:00,1.61,3.4
2025-09-08 23:00:00,1.61,3.0
2025-09-09 00:00:00,1.93,3.5
2025-09-09 01:00:00,2.01,3.7
2025-09-09 02:00:00,1.82,3.6
2025-09-09 03:00:00,1.77,3.8
2025-09-09 04:00:00,1.7,3.4
2025-09-09 05:00:00,1.4,3.5
2025-09-09 06:00:00,1.46,3.4
2025-09-09 07:00:00,1.58,3.5
2025-09-09 08:00:00,1.82,4.0
2025-09-09 09:00:00,2.15,4.8
2025-09-09 10:00:00,1.96,4.9
2025-09-09 11:00:00,2.25,5.5
2025-09-09 12:00:00,3.0,7.0
2025-09-09 13:00:00,3.27,7.5
2025-09-09 14:00:00,3.73,8.3
2025-09-09 15:00:00,3.26,8.0
2025-09-09 16:00:00,3.01,7.2
2025-09-09 17:00:00,3.2,7.6
2025-09-09 18:00:00,2.7,6.9
2025-09-09 19:00:00,2.82,5.5
2025-09-09 20:00:00,3.49,6.5
2025-09-09 21:00:00,3.81,7.4
2025-09-09 22:00:00,3.69,7.4
2025-09-09 23:00:00,3.54,7.2
2025-09-10 00:00:00,3.37,6.8
2025-09-10 01:00:00,3.41,6.5
2025-09-10 02:00:00,3.46,6.6
2025-09-10 03:00:00,3.6,6.8
2025-09-10 04:00:00,3.6,6.9
2025-09-10 05:00:00,3.55,6.9
2025-09-10 06:00:00,3.81,7.2
2025-09-10 07:00:00,3.94,7.6
2025-09-10 08:00:00,3.39,7.6
2025-09-10 09:00:00,3.63,7.5
2025-09-10 10:00:00,4.01,8.7
2025-09-10 11:00:00,5.2,11.0
2025-09-10 12:00:00,5.42,11.5
2025-09-10 13:00:00,5.5,11.7
2025-09-10 14:00:00,5.42,11.8
2025-09-10 15:00:00,5.62,12.5
2025-09-10 16:00:00,5.62,12.1
2025-09-10 17:00:00,5.08,11.9
2025-09-10 18:00:00,4.35,10.5
2025-09-10 19:00:00,4.35,9.0
2025-09-10 20:00:00,4.29,8.7
2025-09-10 21:00:00,4.24,8.5
2025-09-10 22:00:00,4.4,8.7
2025-09-10 23:00:00,4.37,9.0
2025-09-11 00:00:00,4.29,8.7
2025-09-11 01:00:00,3.94,8.5
2025-09-11 02:00:00,3.92,7.8
2025-09-11 03:00:00,3.4,7.4
2025-09-11 04:00:00,2.64,6.5
2025-09-11 05:00:00,3.47,6.8
2025-09-11 06:00:00,3.27,7.2
2025-09-11 07:00:00,4.23,7.7
2025-09-11 08:00:00,4.09,9.3
2025-09-11 09:00:00,4.0,7.9
2025-09-11 10:00:00,3.44,7.7
2025-09-11 11:00:00,2.21,6.5
2025-09-11 12:00:00,1.71,4.7
2025-09-11 13:00:00,0.41,3.1
2025-09-11 14:00:00,1.84,4.1
2025-09-11 15:00:00,3.09,7.0
2025-09-11 16:00:00,3.76,9.6
2025-09-11 17:00:00,3.71,9.3
2025-09-11 18:00:00,2.72,8.5
2025-09-11 19:00:00,2.31,5.3
2025-09-11 20:00:00,3.65,6.9
2025-09-11 21:00:00,3.41,7.1
2025-09-11 22:00:00,3.32,6.9
2025-09-11 23:00:00,3.22,6.4
2025-09-12 00:00:00,2.8,6.3
2025-09-12 01:00:00,1.96,5.4
2025-09-12 02:00:00,1.82,4.0
2025-09-12 03:00:00,2.42,4.6
2025-09-12 04:00:00,2.43,4.6
2025-09-12 05:00:00,2.44,4.7
2025-09-12 06:00:00,2.6,4.9
2025-09-12 07:00:00,2.5,4.9
2025-09-12 08:00:00,2.87,6.1
2025-09-12 09:00:00,3.2,7.1
2025-09-12 10:00:00,4.6,9.6
2025-09-12 11:00:00,3.92,11.2
2025-09-12 12:00:00,4.22,10.3
2025-09-12 13:00:00,4.83,11.4
2025-09-12 14:00:00,4.65,11.5
2025-09-12 15:00:00,5.3,11.7
2025-09-12 16:00:00,4.2,12.1
2025-09-12 17:00:00,4.39,10.7
2025-09-12 18:00:00,4.16,9.2
2025-09-12 19:00:00,3.22,9.1
2025-09-12 20:00:00,3.54,6.7
2025-09-12 21:00:00,3.56,6.9
2025-09-12 22:00:00,3.35,6.9
2025-09-12 23:00:00,3.39,6.6
2025-09-13 00:00:00,3.08,6.6
2025-09-13 01:00:00,2.89,6.0
2025-09-13 02:00:00,2.91,5.7
2025-09-13 03:00:00,2.66,5.8
2025-09-13 04:00:00,2.65,5.2
2025-09-13 05:00:00,2.76,5.3
2025-09-13 06:00:00,3.01,5.7
2025-09-13 07:00:00,2.99,5.8
2025-09-13 08:00:00,2.8,6.0
2025-09-13 09:00:00,3.22,7.1
2025-09-13 10:00:00,4.0,9.4
2025-09-13 11:00:00,5.71,11.8
2025-09-13 12:00:00,4.35,12.6
2025-09-13 13:00:00,5.36,11.7
2025-09-13 14:00:00,5.0,11.8
2025-09-13 15:00:00,5.34,11.6
2025-09-13 16:00:00,4.25,11.4
2025-09-13 17:00:00,4.92,10.3
2025-09-13 18:00:00,3.69,10.2
2025-09-13 19:00:00,3.92,7.7
2025-09-13 20:00:00,3.71,7.9
2025-09-13 21:00:00,4.35,8.7
2025-09-13 22:00:00,3.74,8.6
2025-09-13 23:00:00,4.05,7.6
2025-09-14 00:00:00,2.84,7.7
2025-09-14 01:00:00,3.46,5.9
2025-09-14 02:00:00,4.19,8.3
2025-09-14 03:00:00,3.1,7.3
2025-09-14 04:00:00,2.77,5.9
2025-09-14 05:00:00,2.38,5.2
2025-09-14 06:00:00,2.51,4.7
2025-09-14 07:00:00,2.89,5.4
2025-09-14 08:00:00,3.02,5.8
2025-09-14 09:00:00,2.51,5.6
2025-09-14 10:00:00,2.46,5.4
2025-09-14 11:00:00,3.1,6.7
2025-09-14 12:00:00,4.32,10.4
2025-09-14 13:00:00,2.89,8.7
2025-09-14 14:00:00,3.36,7.8
2025-09-14 15:00:00,3.63,7.0
2025-09-14 16:00:00,3.08,7.5
2025-09-14 17:00:00,3.22,7.0
2025-09-14 18:00:00,2.76,6.3
2025-09-14 19:00:00,2.01,5.1
2025-09-14 20:00:00,1.47,3.8
2025-09-14 21:00:00,1.43,2.9
2025-09-14 22:00:00,1.87,3.4
2025-09-14 23:00:00,1.92,3.9
2025-09-15 00:00:00,1.98,3.7
2025-09-15 01:00:00,1.95,3.8
2025-09-15 02:00:00,1.59,3.8
2025-09-15 03:00:00,1.95,4.1
2025-09-15 04:00:00,1.84,3.9
2025-09-15 05:00:00,2.02,4.1
2025-09-15 06:00:00,1.83,4.0
2025-09-15 07:00:00,2.46,4.5
2025-09-15 08:00:00,3.23,6.0
2025-09-15 09:00:00,3.14,6.5
2025-09-15 10:00:00,3.6,7.6
2025-09-15 11:00:00,6.52,12.6
2025-09-15 12:00:00,5.85,13.7
2025-09-15 13:00:00,8.14,16.0
2025-09-15 14:00:00,8.87,19.6
2025-09-15 15:00:00,6.16,17.6
2025-09-15 16:00:00,5.91,13.2
2025-09-15 17:00:00,4.0,13.1
2025-09-15 18:00:00,5.13,12.7
2025-09-15 19:00:00,5.0,9.8
2025-09-15 20:00:00,4.9,10.1
2025-09-15 21:00:00,5.21,10.2
2025-09-15 22:00:00,5.93,11.8
2025-09-15 23:00:00,5.55,11.8
2025-09-16 00:00:00,5.42,11.2
2025-09-16 01:00:00,5.73,11.2
2025-09-16 02:00:00,5.26,11.5
2025-09-16 03:00:00,5.64,11.3
2025-09-16 04:00:00,5.28,11.2
2025-09-16 05:00:00,5.33,10.7
2025-09-16 06:00:00,5.6,11.3
2025-09-16 07:00:00,5.87,11.6
2025-09-16 08:00:00,5.75,11.7
2025-09-16 09:00:00,4.99,12.5
2025-09-16 10:00:00,5.06,11.1
2025-09-16 11:00:00,5.14,10.6
2025-09-16 12:00:00,5.94,12.8
2025-09-16 13:00:00,5.41,12.3
2025-09-16 14:00:00,4.72,12.0
2025-09-16 15:00:00,4.05,10.5
2025-09-16 16:00:00,4.7,10.8
2025-09-16 17:00:00,5.52,12.7
2025-09-16 18:00:00,5.91,11.5
2025-09-16 19:00:00,5.84,12.4
2025-09-16 20:00:00,5.86,11.7
2025-09-16 21:00:00,5.38,11.8
2025-09-16 22:00:00,5.82,11.6
2025-09-16 23:00:00,5.98,11.7
2025-09-17 00:00:00,5.81,12.4
2025-09-17 01:00:00,5.38,11.7
2025-09-17 02:00:00,4.98,10.7
2025-09-17 03:00:00,5.33,11.6
2025-09-17 04:00:00,4.92,10.7
2025-09-17 05:00:00,5.29,10.8
2025-09-17 06:00:00,5.19,10.8
2025-09-17 07:00:00,4.94,10.5
2025-09-17 08:00:00,5.82,11.8
2025-09-17 09:00:00,6.6,13.2
2025-09-17 10:00:00,5.82,14.2
2025-09-17 11:00:00,6.06,14.4
2025-09-17 12:00:00,6.38,13.7
2025-09-17 13:00:00,6.51,14.0
2025-09-17 14:00:00,5.4,13.3
2025-09-17 15:00:00,5.75,12.8
2025-09-17 16:00:00,4.81,13.8
2025-09-17 17:00:00,5.3,11.4
2025-09-17 18:00:00,5.5,11.1
2025-09-17 19:00:00,4.9,11.1
2025-09-17 20:00:00,4.41,9.7
2025-09-17 21:00:00,4.3,8.8
2025-09-17 22:00:00,4.17,8.6
2025-09-17 23:00:00,4.03,8.3
2025-09-18 00:00:00,3.75,8.0
2025-09-18 01:00:00,3.2,7.4
2025-09-18 02:00:00,3.18,6.3
2025-09-18 03:00:00,3.12,6.1
2025-09-18 04:00:00,2.94,6.0
2025-09-18 05:00:00,2.66,5.6
2025-09-18 06:00:00,2.7,5.1
2025-09-18 07:00:00,2.7,5.7
2025-09-18 08:00:00,3.76,7.6
2025-09-18 09:00:00,4.05,8.7
2025-09-18 10:00:00,4.25,9.3
2025-09-18 11:00:00,4.43,9.2
2025-09-18 12:00:00,4.25,9.1
2025-09-18 13:00:00,4.79,10.6
2025-09-18 14:00:00,6.03,12.5
2025-09-18 15:00:00,5.92,12.9
2025-09-18 16:00:00,6.14,12.9
2025-09-18 17:00:00,5.78,14.3
2025-09-18 18:00:00,5.44,11.8
2025-09-18 19:00:00,5.65,11.4
2025-09-18 20:00:00,5.57,11.4
2025-09-18 21:00:00,5.63,11.4
2025-09-18 22:00:00,5.08,11.2
2025-09-18 23:00:00,5.16,10.2
2025-09-19 00:00:00,5.27,10.5
2025-09-19 01:00:00,5.39,10.8
2025-09-19 02:00:00,5.55,11.3
2025-09-19 03:00:00,5.23,11.2
2025-09-19 04:00:00,4.87,10.4
2025-09-19 05:00:00,4.65,9.7
2025-09-19 06:00:00,4.6,9.3
2025-09-19 07:00:00,4.79,9.6
2025-09-19 08:00:00,4.75,9.6
2025-09-19 09:00:00,6.48,12.0
2025-09-19 10:00:00,6.75,14.1
2025-09-19 11:00:00,6.6,13.8
2025-09-19 12:00:00,7.16,14.6
2025-09-19 13:00:00,7.24,16.0
2025-09-19 14:00:00,6.36,14.8
2025-09-19 15:00:00,5.05,10.8
2025-09-19 16:00:00,5.18,12.2
2025-09-19 17:00:00,4.81,10.3
2025-09-19 18:00:00,5.26,10.5
2025-09-19 19:00:00,4.78,10.4
2025-09-19 20:00:00,4.5,9.3
2025-09-19 21:00:00,4.4,8.7
2025-09-19 22:00:00,4.21,8.7
2025-09-19 23:00:00,4.35,8.5
2025-09-20 00:00:00,4.71,9.3
2025-09-20 01:00:00,4.35,9.3
2025-09-20 02:00:00,4.35,8.6
2025-09-20 03:00:00,4.53,8.9
2025-09-20 04:00:00,4.21,8.9
2025-09-20 05:00:00,3.83,8.1
2025-09-20 06:00:00,3.38,7.2
2025-09-20 07:00:00,3.42,6.4
2025-09-20 08:00:00,3.26,6.4
2025-09-20 09:00:00,2.78,6.2
2025-09-20 10:00:00,2.94,6.7
2025-09-20 11:00:00,3.14,7.3
2025-09-20 12:00:00,3.34,7.6
2025-09-20 13:00:00,3.33,8.0
2025-09-20 14:00:00,3.4,7.7
2025-09-20 15:00:00,3.22,7.5
2025-09-20 16:00:00,3.81,7.7
2025-09-20 17:00:00,4.27,8.6
2025-09-20 18:00:00,4.31,8.6
2025-09-20 19:00:00,4.25,8.5
2025-09-20 20:00:00,4.32,8.2
2025-09-20 21:00:00,3.87,8.2
2025-09-20 22:00:00,3.8,7.6
2025-09-20 23:00:00,3.05,8.1
2025-09-21 00:00:00,3.78,6.8
2025-09-21 01:00:00,3.64,7.5
2025-09-21 02:00:00,3.74,7.0
2025-09-21 03:00:00,3.84,7.6
2025-09-21 04:00:00,3.38,7.3
2025-09-21 05:00:00,3.0,6.4
2025-09-21 06:00:00,3.06,5.7
2025-09-21 07:00:00,3.91,7.2
2025-09-21 08:00:00,4.52,8.8
2025-09-21 09:00:00,5.53,10.7
2025-09-21 10:00:00,5.28,11.8
2025-09-21 11:00:00,4.82,11.3
2025-09-21 12:00:00,6.3,13.4
2025-09-21 13:00:00,5.56,13.5
2025-09-21 14:00:00,5.77,17.1
2025-09-21 15:00:00,5.79,14.0
2025-09-21 16:00:00,5.35,11.4
2025-09-21 17:00:00,5.0,10.7
2025-09-21 18:00:00,5.06,11.3
2025-09-21 19:00:00,5.77,11.5
2025-09-21 20:00:00,6.32,13.4
2025-09-21 21:00:00,6.31,13.9
2025-09-21 22:00:00,5.53,14.1
2025-09-21 23:00:00,4.76,11.3
2025-09-22 00:00:00,4.81,10.2
2025-09-22 01:00:00,4.83,10.2
2025-09-22 02:00:00,4.92,10.4
2025-09-22 03:00:00,4.95,10.6
2025-09-22 04:00:00,4.74,10.1
2025-09-22 05:00:00,4.45,9.8
2025-09-22 06:00:00,4.26,9.0
2025-09-22 07:00:00,4.59,9.1
2025-09-22 08:00:00,4.37,9.2
2025-09-22 09:00:00,5.61,11.7
2025-09-22 10:00:00,5.46,11.7
2025-09-22 11:00:00,5.6,12.1
2025-09-22 12:00:00,6.05,12.8
2025-09-22 13:00:00,6.06,13.1
2025-09-22 14:00:00,6.01,13.3
2025-09-22 15:00:00,6.26,13.3
2025-09-22 16:00:00,6.16,13.5
2025-09-22 17:00:00,5.64,13.0
2025-09-22 18:00:00,4.66,11.7
2025-09-22 19:00:00,4.02,9.5
2025-09-22 20:00:00,3.35,8.1
2025-09-22 21:00:00,2.76,6.7
2025-09-22 22:00:00,2.86,5.7
2025-09-22 23:00:00,2.66,5.8
2025-09-23 00:00:00,2.75,5.5
2025-09-23 01:00:00,2.61,5.4
2025-09-23 02:00:00,2.62,5.3
2025-09-23 03:00:00,2.01,5.3
2025-09-23 04:00:00,1.8,4.2
2025-09-23 05:00:00,1.71,3.9
2025-09-23 06:00:00,1.51,3.8
2025-09-23 07:00:00,1.35,3.3
2025-09-23 08:00:00,1.32,3.1
2025-09-23 09:00:00,1.55,4.1
2025-09-23 10:00:00,1.54,4.5
2025-09-23 11:00:00,1.84,5.3
2025-09-23 12:00:00,2.26,6.0
2025-09-23 13:00:00,2.44,6.4
2025-09-23 14:00:00,2.53,6.4
2025-09-23 15:00:00,2.69,6.7
2025-09-23 16:00:00,2.85,6.7
2025-09-23 17:00:00,3.01,6.6
2025-09-23 18:00:00,2.46,6.5
2025-09-23 19:00:00,2.66,5.0
2025-09-23 20:00:00,2.71,5.2
2025-09-23 21:00:00,2.28,5.2
2025-09-23 22:00:00,1.74,4.4
2025-09-23 23:00:00,1.41,3.5
2025-09-24 00:00:00,1.08,2.7
2025-09-24 01:00:00,1.1,2.3
2025-09-24 02:00:00,1.11,2.4
2025-09-24 03:00:00,1.07,2.5
2025-09-24 04:00:00,1.03,2.5
2025-09-24 05:00:00,1.0,2.3
2025-09-24 06:00:00,1.08,2.4
2025-09-24 07:00:00,1.19,2.8
2025-09-24 08:00:00,1.54,3.3
2025-09-24 09:00:00,1.35,3.6
2025-09-24 10:00:00,1.36,4.0
2025-09-24 11:00:00,1.7,4.9
2025-09-24 12:00:00,1.8,5.2
2025-09-24 13:00:00,1.8,5.2
2025-09-24 14:00:00,1.7,5.2
2025-09-24 15:00:00,1.61,4.8
2025-09-24 16:00:00,1.41,4.6
2025-09-24 17:00:00,1.38,3.9
2025-09-24 18:00:00,0.75,3.1
2025-09-24 19:00:00,0.88,1.6
2025-09-24 20:00:00,1.38,2.4
2025-09-24 21:00:00,1.36,2.5
2025-09-24 22:00:00,1.21,2.5
2025-09-24 23:00:00,0.79,2.2
2025-09-25 00:00:00,0.97,1.9
2025-09-25 01:00:00,1.11,2.2
2025-09-25 02:00:00,1.27,2.4
2025-09-25 03:00:00,1.23,2.6
2025-09-25 04:00:00,1.45,2.8
2025-09-25 05:00:00,1.66,3.2
2025-09-25 06:00:00,1.62,3.3
2025-09-25 07:00:00,1.52,3.2
2025-09-25 08:00:00,1.39,2.9
2025-09-25 09:00:00,1.3,3.2
2025-09-25 10:00:00,1.15,3.6
2025-09-25 11:00:00,1.29,4.0
2025-09-25 12:00:00,1.38,4.4
2025-09-25 13:00:00,1.2,4.4
2025-09-25 14:00:00,0.85,4.1
2025-09-25 15:00:00,1.2,4.3
2025-09-25 16:00:00,1.2,3.9
2025-09-25 17:00:00,1.35,3.5
2025-09-25 18:00:00,1.32,3.1
2025-09-25 19:00:00,2.66,4.5
2025-09-25 20:00:00,3.07,5.9
2025-09-25 21:00:00,2.51,5.6
2025-09-25 22:00:00,1.82,4.7
2025-09-25 23:00:00,1.49,3.5
2025-09-26 00:00:00,0.9,2.7
2025-09-26 01:00:00,0.65,1.8
2025-09-26 02:00:00,0.84,1.7
2025-09-26 03:00:00,1.35,2.7
2025-09-26 04:00:00,1.28,2.7
2025-09-26 05:00:00,1.42,2.9
2025-09-26 06:00:00,1.5,3.3
2025-09-26 07:00:00,1.49,3.2
2025-09-26 08:00:00,2.02,3.6
2025-09-26 09:00:00,1.43,3.9
2025-09-26 10:00:00,1.76,4.6
2025-09-26 11:00:00,2.33,5.8
2025-09-26 12:00:00,2.59,6.4
2025-09-26 13:00:00,3.31,7.7
2025-09-26 14:00:00,3.25,7.7
2025-09-26 15:00:00,3.22,7.6
2025-09-26 16:00:00,3.13,7.3
2025-09-26 17:00:00,2.9,6.8
2025-09-26 18:00:00,2.2,5.8
2025-09-26 19:00:00,2.28,4.1
2025-09-26 20:00:00,2.77,5.1
2025-09-26 21:00:00,2.67,5.1
2025-09-26 22:00:00,2.77,5.1
2025-09-26 23:00:00,2.86,5.3
2025-09-27 00:00:00,2.55,5.3
2025-09-27 01:00:00,2.49,4.7
2025-09-27 02:00:00,2.6,4.9
2025-09-27 03:00:00,2.47,4.7
2025-09-27 04:00:00,2.76,5.2
2025-09-27 05:00:00,2.86,5.4
2025-09-27 06:00:00,2.9,5.4
2025-09-27 07:00:00,2.85,5.5
2025-09-27 08:00:00,3.22,6.0
2025-09-27 09:00:00,3.34,6.8
2025-09-27 10:00:00,3.9,8.1
2025-09-27 11:00:00,4.33,9.7
2025-09-27 12:00:00,4.18,9.3
2025-09-27 13:00:00,3.34,9.1
2025-09-27 14:00:00,2.91,7.7
2025-09-27 15:00:00,2.87,7.1
2025-09-27 16:00:00,3.01,6.6
2025-09-27 17:00:00,2.7,6.6
2025-09-27 18:00:00,2.35,5.4
2025-09-27 19:00:00,2.45,4.4
2025-09-27 20:00:00,2.4,4.5
2025-09-27 21:00:00,2.21,4.4
2025-09-27 22:00:00,1.9,4.1
2025-09-27 23:00:00,1.7,3.6
2025-09-28 00:00:00,1.71,3.3
2025-09-28 01:00:00,1.98,3.8
2025-09-28 02:00:00,1.98,3.8
2025-09-28 03:00:00,2.02,3.8
2025-09-28 04:00:00,2.5,4.6
2025-09-28 05:00:00,2.7,5.1
2025-09-28 06:00:00,2.63,5.3
2025-09-28 07:00:00,3.36,6.6
2025-09-28 08:00:00,3.86,7.9
2025-09-28 09:00:00,3.93,8.0
2025-09-28 10:00:00,4.65,9.7
2025-09-28 11:00:00,4.7,9.9
2025-09-28 12:00:00,4.71,10.1
2025-09-28 13:00:00,4.6,10.2
2025-09-28 14:00:00,4.22,9.8
2025-09-28 15:00:00,3.62,9.4
2025-09-28 16:00:00,3.18,8.2
2025-09-28 17:00:00,2.45,6.5
2025-09-28 18:00:00,2.1,4.9
2025-09-28 19:00:00,2.45,4.2
2025-09-28 20:00:00,3.03,5.5
2025-09-28 21:00:00,2.92,5.8
2025-09-28 22:00:00,2.75,5.5
2025-09-28 23:00:00,2.7,5.2
2025-09-29 00:00:00,2.7,5.1
2025-09-29 01:00:00,2.79,5.1
2025-09-29 02:00:00,2.97,5.5
2025-09-29 03:00:00,2.96,6.1
2025-09-29 04:00:00,2.89,5.7
2025-09-29 05:00:00,3.15,5.9
2025-09-29 06:00:00,3.15,6.0
2025-09-29 07:00:00,3.28,6.4
2025-09-29 08:00:00,3.06,6.3
2025-09-29 09:00:00,2.9,6.4
2025-09-29 10:00:00,3.56,7.7
2025-09-29 11:00:00,4.62,10.1
2025-09-29 12:00:00,4.1,10.1
2025-09-29 13:00:00,3.91,9.1
2025-09-29 14:00:00,4.19,9.0
2025-09-29 15:00:00,4.04,9.3
2025-09-29 16:00:00,4.21,9.6
2025-09-29 17:00:00,4.06,9.6
2025-09-29 18:00:00,3.65,9.4
2025-09-29 19:00:00,3.08,7.5
2025-09-29 20:00:00,3.01,6.2
2025-09-29 21:00:00,3.05,6.3
2025-09-29 22:00:00,2.65,6.3
2025-09-29 23:00:00,2.55,5.4
2025-09-30 00:00:00,2.63,5.4
2025-09-30 01:00:00,2.56,5.3
2025-09-30 02:00:00,2.56,5.2
2025-09-30 03:00:00,3.18,6.2
2025-09-30 04:00:00,3.07,6.2
2025-09-30 05:00:00,2.87,6.0
2025-09-30 06:00:00,2.74,5.7
2025-09-30 07:00:00,2.77,5.5
2025-09-30 08:00:00,2.8,5.7
2025-09-30 09:00:00,3.11,6.6
2025-09-30 10:00:00,3.96,8.6
2025-09-30 11:00:00,3.65,8.5
2025-09-30 12:00:00,4.11,9.1
2025-09-30 13:00:00,3.97,9.1
2025-09-30 14:00:00,3.64,8.9
2025-09-30 15:00:00,3.36,8.2
2025-09-30 16:00:00,3.25,7.6
2025-09-30 17:00:00,2.98,7.1
2025-09-30 18:00:00,1.96,6.2
2025-09-30 19:00:00,2.3,4.2
2025-09-30 20:00:00,2.61,4.8
2025-09-30 21:00:00,2.6,4.9
2025-09-30 22:00:00,2.45,4.9
2025-09-30 23:00:00,2.35,4.7
2025-10-01 00:00:00,2.16,4.5
2025-10-01 01:00:00,2.07,4.2
2025-10-01 02:00:00,2.17,4.3
2025-10-01 03:00:00,2.04,4.1
2025-10-01 04:00:00,2.04,4.0
2025-10-01 05:00:00,1.94,4.0
2025-10-01 06:00:00,1.86,3.8
2025-10-01 07:00:00,1.66,3.7
2025-10-01 08:00:00,2.27,3.4
2025-10-01 09:00:00,1.76,4.5
2025-10-01 10:00:00,1.61,4.5
2025-10-01 11:00:00,2.21,5.2
2025-10-01 12:00:00,2.08,5.7
2025-10-01 13:00:00,1.72,5.4
2025-10-01 14:00:00,0.81,4.8
2025-10-01 15:00:00,0.96,2.9
2025-10-01 16:00:00,1.17,3.5
2025-10-01 17:00:00,1.27,3.5
2025-10-01 18:00:00,1.16,2.6
2025-10-01 19:00:00,1.14,2.4
2025-10-01 20:00:00,0.99,2.0
2025-10-01 21:00:00,0.81,1.7
2025-10-01 22:00:00,0.85,1.7
2025-10-01 23:00:00,1.01,1.9
2025-10-02 00:00:00,1.36,2.5
2025-10-02 01:00:00,1.3,2.8
2025-10-02 02:00:00,0.98,2.5
2025-10-02 03:00:00,0.82,2.1
2025-10-02 04:00:00,0.65,1.8
2025-10-02 05:00:00,0.65,1.6
2025-10-02 06:00:00,0.92,1.9
2025-10-02 07:00:00,0.96,2.0
2025-10-02 08:00:00,1.61,2.7
2025-10-02 09:00:00,1.43,3.4
2025-10-02 10:00:00,1.03,3.6
2025-10-02 11:00:00,1.22,4.0
2025-10-02 12:00:00,1.25,4.3
2025-10-02 13:00:00,1.55,4.6
2025-10-02 14:00:00,1.4,4.6
2025-10-02 15:00:00,1.2,3.8
2025-10-02 16:00:00,1.15,3.4
2025-10-02 17:00:00,1.15,3.2
2025-10-02 18:00:00,1.74,2.9
2025-10-02 19:00:00,2.78,5.2
2025-10-02 20:00:00,1.57,5.2
2025-10-02 21:00:00,1.12,2.8
2025-10-02 22:00:00,1.11,2.1
2025-10-02 23:00:00,1.35,2.5
2025-10-03 00:00:00,1.46,2.8
2025-10-03 01:00:00,1.56,3.1
2025-10-03 02:00:00,0.96,3.0
2025-10-03 03:00:00,0.74,1.9
2025-10-03 04:00:00,0.62,1.7
2025-10-03 05:00:00,0.56,1.5
2025-10-03 06:00:00,1.25,2.4
2025-10-03 07:00:00,1.78,3.4
2025-10-03 08:00:00,2.26,4.1
2025-10-03 09:00:00,2.1,4.0
2025-10-03 10:00:00,1.71,4.3
2025-10-03 11:00:00,2.63,6.2
2025-10-03 12:00:00,3.11,7.4
2025-10-03 13:00:00,3.33,7.8
2025-10-03 14:00:00,3.64,8.3
2025-10-03 15:00:00,3.98,8.4
2025-10-03 16:00:00,4.16,9.1
2025-10-03 17:00:00,3.3,8.8
2025-10-03 18:00:00,3.05,6.7
2025-10-03 19:00:00,3.47,6.5
2025-10-03 20:00:00,4.31,7.9
2025-10-03 21:00:00,4.28,8.4
2025-10-03 22:00:00,4.1,8.4
2025-10-03 23:00:00,4.47,8.7
2025-10-04 00:00:00,5.1,10.2
2025-10-04 01:00:00,5.15,10.5
2025-10-04 02:00:00,5.15,10.4
2025-10-04 03:00:00,6.07,12.2
2025-10-04 04:00:00,6.91,13.9
2025-10-04 05:00:00,6.93,14.1
2025-10-04 06:00:00,7.49,15.1
2025-10-04 07:00:00,8.12,16.7
2025-10-04 08:00:00,7.96,16.7
2025-10-04 09:00:00,8.34,17.2
2025-10-04 10:00:00,8.99,18.0
2025-10-04 11:00:00,9.55,18.6
2025-10-04 12:00:00,9.91,20.4
2025-10-04 13:00:00,9.37,19.4
2025-10-04 14:00:00,8.92,18.5
2025-10-04 15:00:00,7.63,17.5
2025-10-04 16:00:00,6.71,15.0
2025-10-04 17:00:00,6.0,13.1
2025-10-04 18:00:00,5.32,11.6
2025-10-04 19:00:00,3.96,10.3
2025-10-04 20:00:00,3.56,7.6
2025-10-04 21:00:00,4.15,7.8
2025-10-04 22:00:00,3.62,7.7
2025-10-04 23:00:00,3.72,7.1
2025-10-05 00:00:00,3.98,7.5
2025-10-05 01:00:00,4.33,8.3
2025-10-05 02:00:00,4.47,8.3
2025-10-05 03:00:00,3.94,8.4
2025-10-05 04:00:00,3.97,7.4
2025-10-05 05:00:00,4.13,8.2
2025-10-05 06:00:00,4.02,7.9
2025-10-05 07:00:00,3.88,7.7
2025-10-05 08:00:00,4.61,7.6
2025-10-05 09:00:00,5.05,9.5
2025-10-05 10:00:00,5.4,10.3
2025-10-05 11:00:00,4.7,10.4
2025-10-05 12:00:00,5.41,12.4
2025-10-05 13:00:00,4.72,10.8
2025-10-05 14:00:00,5.15,12.3
2025-10-05 15:00:00,5.26,10.8
2025-10-05 16:00:00,5.36,11.2
2025-10-05 17:00:00,4.95,10.9
2025-10-05 18:00:00,4.67,10.2
2025-10-05 19:00:00,4.27,9.3
2025-10-05 20:00:00,4.32,8.4
2025-10-05 21:00:00,3.62,8.4
2025-10-05 22:00:00,3.46,6.8
2025-10-05 23:00:00,3.53,6.6
2025-10-06 00:00:00,2.69,6.6
2025-10-06 01:00:00,2.04,4.8
2025-10-06 02:00:00,1.8,3.8
2025-10-06 03:00:00,1.79,3.7
2025-10-06 04:00:00,1.65,3.3
2025-10-06 05:00:00,1.92,3.6
2025-10-06 06:00:00,1.85,3.7
2025-10-06 07:00:00,2.11,4.0
2025-10-06 08:00:00,2.77,5.1
2025-10-06 09:00:00,3.02,6.4
2025-10-06 10:00:00,3.1,6.5
2025-10-06 11:00:00,3.3,7.3
2025-10-06 12:00:00,3.95,8.6
2025-10-06 13:00:00,3.7,8.7
2025-10-06 14:00:00,3.5,8.0
2025-10-06 15:00:00,3.56,8.2
2025-10-06 16:00:00,3.31,7.8
2025-10-06 17:00:00,2.35,7.4
2025-10-06 18:00:00,1.81,4.6
2025-10-06 19:00:00,2.33,4.0
2025-10-06 20:00:00,1.5,4.3
2025-10-06 21:00:00,1.66,3.1
2025-10-06 22:00:00,1.35,3.1
2025-10-06 23:00:00,0.65,2.4
2025-10-07 00:00:00,0.83,1.5
2025-10-07 01:00:00,0.11,1.4
2025-10-07 02:00:00,0.67,1.3
2025-10-07 03:00:00,0.28,1.3
2025-10-07 04:00:00,0.32,0.7
2025-10-07 05:00:00,0.96,1.7
2025-10-07 06:00:00,0.56,1.7
2025-10-07 07:00:00,1.22,2.2
2025-10-07 08:00:00,1.59,3.3
2025-10-07 09:00:00,1.55,3.6
2025-10-07 10:00:00,1.6,4.2
2025-10-07 11:00:00,2.05,5.2
2025-10-07 12:00:00,3.1,6.8
2025-10-07 13:00:00,3.58,8.4
2025-10-07 14:00:00,4.08,8.5
2025-10-07 15:00:00,4.08,9.9
2025-10-07 16:00:00,3.07,8.3
2025-10-07 17:00:00,3.27,5.9
2025-10-07 18:00:00,3.5,6.3
2025-10-07 19:00:00,3.47,6.5
2025-10-07 20:00:00,4.09,7.0
2025-10-07 21:00:00,3.86,7.7
2025-10-07 22:00:00,4.12,7.8
2025-10-07 23:00:00,4.08,7.7
2025-10-08 00:00:00,3.76,7.5
2025-10-08 01:00:00,3.5,6.9
2025-10-08 02:00:00,3.11,6.8
2025-10-08 03:00:00,3.78,7.1
2025-10-08 04:00:00,3.4,7.1
2025-10-08 05:00:00,3.27,6.3
2025-10-08 06:00:00,2.96,6.1
2025-10-08 07:00:00,2.56,5.5
2025-10-08 08:00:00,2.69,4.9
2025-10-08 09:00:00,2.97,5.4
2025-10-08 10:00:00,3.37,6.3
2025-10-08 11:00:00,3.6,6.7
2025-10-08 12:00:00,3.97,8.0
2025-10-08 13:00:00,3.5,8.1
2025-10-08 14:00:00,4.03,7.6
2025-10-08 15:00:00,5.0,10.6
2025-10-08 16:00:00,4.52,10.7
2025-10-08 17:00:00,3.75,10.1
2025-10-08 18:00:00,3.35,7.4
2025-10-08 19:00:00,3.2,6.5
2025-10-08 20:00:00,3.15,6.4
2025-10-08 21:00:00,3.1,5.9
2025-10-08 22:00:00,2.85,5.9
2025-10-08 23:00:00,2.73,5.4
2025-10-09 00:00:00,2.65,5.1
2025-10-09 01:00:00,2.53,5.0
2025-10-09 02:00:00,2.41,5.0
2025-10-09 03:00:00,2.72,5.1
2025-10-09 04:00:00,2.91,5.4
2025-10-09 05:00:00,2.95,5.6
2025-10-09 06:00:00,3.15,6.2
2025-10-09 07:00:00,3.15,6.3
2025-10-09 08:00:00,3.15,6.7
2025-10-09 09:00:00,3.0,7.1
2025-10-09 10:00:00,4.87,9.9
2025-10-09 11:00:00,4.7,10.3
2025-10-09 12:00:00,4.79,10.1
2025-10-09 13:00:00,5.08,11.1
2025-10-09 14:00:00,5.89,12.7
2025-10-09 15:00:00,6.45,14.2
2025-10-09 16:00:00,4.87,14.3
2025-10-09 17:00:00,4.96,9.9
2025-10-09 18:00:00,5.32,10.2
2025-10-09 19:00:00,5.35,11.6
2025-10-09 20:00:00,5.31,10.4
2025-10-09 21:00:00,5.45,11.2
2025-10-09 22:00:00,5.46,10.4
2025-10-09 23:00:00,5.85,11.3
2025-10-10 00:00:00,5.52,11.5
2025-10-10 01:00:00,5.26,10.8
2025-10-10 02:00:00,4.9,10.1
2025-10-10 03:00:00,4.39,9.5
2025-10-10 04:00:00,3.97,8.6
2025-10-10 05:00:00,3.53,7.8
2025-10-10 06:00:00,3.4,6.8
2025-10-10 07:00:00,3.24,6.6
2025-10-10 08:00:00,3.29,6.4
2025-10-10 09:00:00,2.94,6.4
2025-10-10 10:00:00,3.2,6.8
2025-10-10 11:00:00,3.98,8.7
2025-10-10 12:00:00,4.23,9.3
2025-10-10 13:00:00,4.47,9.9
2025-10-10 14:00:00,5.42,11.3
2025-10-10 15:00:00,5.4,11.2
2025-10-10 16:00:00,4.93,11.9
2025-10-10 17:00:00,4.8,10.3
2025-10-10 18:00:00,5.2,10.3
2025-10-10 19:00:00,5.27,10.7
2025-10-10 20:00:00,5.16,10.7
2025-10-10 21:00:00,5.77,11.4
2025-10-10 22:00:00,6.17,12.3
2025-10-10 23:00:00,6.48,12.9
2025-10-11 00:00:00,6.5,13.1
2025-10-11 01:00:00,6.56,13.2
2025-10-11 02:00:00,6.6,13.4
2025-10-11 03:00:00,6.45,13.4
2025-10-11 04:00:00,6.08,13.0
2025-10-11 05:00:00,5.68,12.2
2025-10-11 06:00:00,5.45,11.3
2025-10-11 07:00:00,5.08,10.9
2025-10-11 08:00:00,4.74,10.1
2025-10-11 09:00:00,4.62,9.9
2025-10-11 10:00:00,5.61,11.5
2025-10-11 11:00:00,5.1,12.0
2025-10-11 12:00:00,4.56,10.7
2025-10-11 13:00:00,4.75,10.2
2025-10-11 14:00:00,4.86,10.8
2025-10-11 15:00:00,4.94,11.3
2025-10-11 16:00:00,4.29,10.2
2025-10-11 17:00:00,3.77,8.4
2025-10-11 18:00:00,3.59,7.4
2025-10-11 19:00:00,3.75,7.1
2025-10-11 20:00:00,4.0,7.5
2025-10-11 21:00:00,3.91,7.5
2025-10-11 22:00:00,3.73,7.5
2025-10-11 23:00:00,3.81,7.3
2025-10-12 00:00:00,3.9,7.5
2025-10-12 01:00:00,4.1,7.9
2025-10-12 02:00:00,4.35,8.0
2025-10-12 03:00:00,4.5,8.7
2025-10-12 04:00:00,4.97,9.8
2025-10-12 05:00:00,5.19,10.3
2025-10-12 06:00:00,4.92,10.3
2025-10-12 07:00:00,4.26,9.6
2025-10-12 08:00:00,4.07,8.2
2025-10-12 09:00:00,3.63,8.0
2025-10-12 10:00:00,3.58,7.5
2025-10-12 11:00:00,5.01,10.6
2025-10-12 12:00:00,4.4,10.7
2025-10-12 13:00:00,4.15,9.7
2025-10-12 14:00:00,3.95,9.2
2025-10-12 15:00:00,3.74,8.6
2025-10-12 16:00:00,3.98,8.4
2025-10-12 17:00:00,3.94,8.4
2025-10-12 18:00:00,3.57,7.9
2025-10-12 19:00:00,4.11,7.8
2025-10-12 20:00:00,4.37,8.8
2025-10-12 21:00:00,3.39,8.5
2025-10-12 22:00:00,2.91,6.7
2025-10-12 23:00:00,2.82,5.7
2025-10-13 00:00:00,2.87,5.6
2025-10-13 01:00:00,2.95,5.8
2025-10-13 02:00:00,3.33,5.9
2025-10-13 03:00:00,2.62,6.3
2025-10-13 04:00:00,2.51,5.1
2025-10-13 05:00:00,2.53,5.1
2025-10-13 06:00:00,2.66,5.3
2025-10-13 07:00:00,2.7,5.4
2025-10-13 08:00:00,2.77,5.4
2025-10-13 09:00:00,2.12,5.6
2025-10-13 10:00:00,2.27,5.6
2025-10-13 11:00:00,2.63,6.4
2025-10-13 12:00:00,3.06,7.3
2025-10-13 13:00:00,3.5,8.0
2025-10-13 14:00:00,4.0,8.3
2025-10-13 15:00:00,3.74,8.9
2025-10-13 16:00:00,3.01,8.0
2025-10-13 17:00:00,2.39,6.2
2025-10-13 18:00:00,2.59,5.0
2025-10-13 19:00:00,2.23,5.1
2025-10-13 20:00:00,1.7,4.2
2025-10-13 21:00:00,1.07,3.1
2025-10-13 22:00:00,0.93,1.9
2025-10-13 23:00:00,0.6,1.7
2025-10-14 00:00:00,0.54,1.2
2025-10-14 01:00:00,0.69,1.4
2025-10-14 02:00:00,0.18,1.3
2025-10-14 03:00:00,0.4,1.1
2025-10-14 04:00:00,0.51,1.3
2025-10-14 05:00:00,0.91,1.9
2025-10-14 06:00:00,0.94,1.9
2025-10-14 07:00:00,0.38,1.9
2025-10-14 08:00:00,1.35,1.6
2025-10-14 09:00:00,1.42,3.0
2025-10-14 10:00:00,1.11,3.3
2025-10-14 11:00:00,1.56,4.1
2025-10-14 12:00:00,1.64,4.1
2025-10-14 13:00:00,2.06,5.0
2025-10-14 14:00:00,2.39,5.7
2025-10-14 15:00:00,2.69,5.8
2025-10-14 16:00:00,2.62,5.8
2025-10-14 17:00:00,1.86,5.4
2025-10-14 18:00:00,1.82,3.5
2025-10-14 19:00:00,1.98,3.6
2025-10-14 20:00:00,1.97,3.6
2025-10-14 21:00:00,2.02,3.8
2025-10-14 22:00:00,1.66,3.8
2025-10-14 23:00:00,0.99,3.0
2025-10-15 00:00:00,1.45,2.6
2025-10-15 01:00:00,2.1,3.8
2025-10-15 02:00:00,2.14,3.9
2025-10-15 03:00:00,2.29,4.2
2025-10-15 04:00:00,2.5,4.6
2025-10-15 05:00:00,2.6,4.9
2025-10-15 06:00:00,2.58,5.1
2025-10-15 07:00:00,2.49,4.9
2025-10-15 08:00:00,2.88,4.8
2025-10-15 09:00:00,2.69,5.3
2025-10-15 10:00:00,3.29,7.2
2025-10-15 11:00:00,3.43,7.5
2025-10-15 12:00:00,3.6,8.1
2025-10-15 13:00:00,4.01,8.5
2025-10-15 14:00:00,3.05,8.6
2025-10-15 15:00:00,3.03,6.7
2025-10-15 16:00:00,3.41,7.3
2025-10-15 17:00:00,3.21,7.0
2025-10-15 18:00:00,2.76,6.3
2025-10-15 19:00:00,2.7,5.3
2025-10-15 20:00:00,2.83,5.7
2025-10-15 21:00:00,2.91,5.6
2025-10-15 22:00:00,2.91,5.6
2025-10-15 23:00:00,2.92,5.7
2025-10-16 00:00:00,3.18,6.1
2025-10-16 01:00:00,2.92,6.2
2025-10-16 02:00:00,2.66,5.6
2025-10-16 03:00:00,2.59,5.1
2025-10-16 04:00:00,2.49,5.0
2025-10-16 05:00:00,2.94,5.5
2025-10-16 06:00:00,3.33,7.4
2025-10-16 07:00:00,3.24,6.6
2025-10-16 08:00:00,2.61,6.4
2025-10-16 09:00:00,2.92,5.9
2025-10-16 10:00:00,3.58,7.5
2025-10-16 11:00:00,3.22,8.5
2025-10-16 12:00:00,2.73,7.3
2025-10-16 13:00:00,2.91,7.0
2025-10-16 14:00:00,3.26,7.2
2025-10-16 15:00:00,4.37,9.3
2025-10-16 16:00:00,3.74,9.3
2025-10-16 17:00:00,2.42,7.4
2025-10-16 18:00:00,1.62,4.6
2025-10-16 19:00:00,1.76,3.2
2025-10-16 20:00:00,2.24,4.4
2025-10-16 21:00:00,2.8,5.0
2025-10-16 22:00:00,2.36,4.8
2025-10-16 23:00:00,3.18,5.8
2025-10-17 00:00:00,3.42,6.5
2025-10-17 01:00:00,2.94,6.5
2025-10-17 02:00:00,2.63,5.6
2025-10-17 03:00:00,1.69,4.9
2025-10-17 04:00:00,2.11,4.0
2025-10-17 05:00:00,2.0,4.0
2025-10-17 06:00:00,1.91,3.9
2025-10-17 07:00:00,1.75,3.7
2025-10-17 08:00:00,2.0,3.5
2025-10-17 09:00:00,1.75,3.9
2025-10-17 10:00:00,1.75,4.4
2025-10-17 11:00:00,1.51,4.6
2025-10-17 12:00:00,1.74,5.0
2025-10-17 13:00:00,2.25,5.9
2025-10-17 14:00:00,2.85,6.3
2025-10-17 15:00:00,3.5,8.1
2025-10-17 16:00:00,2.98,7.9
2025-10-17 17:00:00,3.49,7.1
2025-10-17 18:00:00,3.07,7.3
2025-10-17 19:00:00,3.77,7.5
2025-10-17 20:00:00,4.72,9.4
2025-10-17 21:00:00,4.71,9.8
2025-10-17 22:00:00,4.56,9.7
2025-10-17 23:00:00,3.87,9.4
2025-10-18 00:00:00,4.01,8.4
2025-10-18 01:00:00,3.8,8.3
2025-10-18 02:00:00,3.91,8.0
2025-10-18 03:00:00,3.54,8.0
2025-10-18 04:00:00,3.53,7.4
2025-10-18 05:00:00,3.62,7.5
2025-10-18 06:00:00,3.53,7.5
2025-10-18 07:00:00,3.48,7.3
2025-10-18 08:00:00,3.66,7.2
2025-10-18 09:00:00,3.7,7.5
2025-10-18 10:00:00,3.02,7.7
2025-10-18 11:00:00,2.72,6.9
2025-10-18 12:00:00,2.67,6.7
2025-10-18 13:00:00,2.77,6.9
2025-10-18 14:00:00,2.88,6.9
2025-10-18 15:00:00,2.73,7.0
2025-10-18 16:00:00,2.47,6.3
2025-10-18 17:00:00,1.59,5.4
2025-10-18 18:00:00,1.66,3.2
2025-10-18 19:00:00,1.86,3.7
2025-10-18 20:00:00,1.87,3.9
2025-10-18 21:00:00,1.41,3.5
2025-10-18 22:00:00,1.5,2.9
2025-10-18 23:00:00,1.45,3.0
2025-10-19 00:00:00,1.39,2.9
2025-10-19 01:00:00,1.71,3.2
2025-10-19 02:00:00,1.79,3.3
2025-10-19 03:00:00,1.35,3.5
2025-10-19 04:00:00,1.63,3.3
2025-10-19 05:00:00,1.86,3.6
2025-10-19 06:00:00,1.77,3.6
2025-10-19 07:00:00,1.68,3.5
2025-10-19 08:00:00,1.46,3.3
2025-10-19 09:00:00,1.56,3.1
2025-10-19 10:00:00,1.52,3.9
2025-10-19 11:00:00,1.61,4.4
2025-10-19 12:00:00,1.88,5.0
2025-10-19 13:00:00,2.33,5.9
2025-10-19 14:00:00,2.3,6.0
2025-10-19 15:00:00,2.41,5.6
2025-10-19 16:00:00,2.04,5.3
2025-10-19 17:00:00,1.55,4.1
2025-10-19 18:00:00,1.6,3.0
2025-10-19 19:00:00,2.49,4.5
2025-10-19 20:00:00,2.6,5.3
2025-10-19 21:00:00,2.44,4.7
2025-10-19 22:00:00,2.35,4.7
2025-10-19 23:00:00,2.31,4.5
2025-10-20 00:00:00,2.51,4.6
2025-10-20 01:00:00,2.77,5.1
2025-10-20 02:00:00,2.83,5.2
2025-10-20 03:00:00,2.86,5.1
2025-10-20 04:00:00,3.18,5.7
2025-10-20 05:00:00,3.11,5.7
2025-10-20 06:00:00,3.76,6.7
2025-10-20 07:00:00,3.86,7.5
2025-10-20 08:00:00,4.74,7.5
2025-10-20 09:00:00,4.67,8.6
2025-10-20 10:00:00,5.17,9.7
2025-10-20 11:00:00,5.04,10.1
2025-10-20 12:00:00,4.77,10.5
2025-10-20 13:00:00,6.66,14.6
2025-10-20 14:00:00,5.41,13.5
2025-10-20 15:00:00,5.27,11.5
2025-10-20 16:00:00,5.16,10.8
2025-10-20 17:00:00,4.95,10.3
2025-10-20 18:00:00,4.96,9.8
2025-10-20 19:00:00,5.31,10.4
2025-10-20 20:00:00,5.56,10.6
2025-10-20 21:00:00,5.39,10.8
2025-10-20 22:00:00,5.27,10.6
2025-10-20 23:00:00,4.94,10.4
2025-10-21 00:00:00,4.72,9.6
2025-10-21 01:00:00,4.71,9.2
2025-10-21 02:00:00,4.84,9.4
2025-10-21 03:00:00,4.67,9.1
2025-10-21 04:00:00,4.6,8.9
2025-10-21 05:00:00,4.91,9.3
2025-10-21 06:00:00,5.13,9.8
2025-10-21 07:00:00,5.25,10.1
2025-10-21 08:00:00,5.26,10.2
2025-10-21 09:00:00,5.51,10.6
2025-10-21 10:00:00,5.42,10.8
2025-10-21 11:00:00,5.2,10.4
2025-10-21 12:00:00,4.97,10.0
2025-10-21 13:00:00,5.07,9.8
2025-10-21 14:00:00,5.13,9.9
2025-10-21 15:00:00,5.48,10.5
2025-10-21 16:00:00,5.53,10.7
2025-10-21 17:00:00,5.38,11.0
2025-10-21 18:00:00,5.24,10.4
2025-10-21 19:00:00,5.23,10.4
2025-10-21 20:00:00,5.62,10.3
2025-10-21 21:00:00,5.36,10.7
2025-10-21 22:00:00,4.83,10.2
2025-10-21 23:00:00,4.8,9.3
2025-10-22 00:00:00,4.25,8.9
2025-10-22 01:00:00,4.34,8.2
2025-10-22 02:00:00,4.05,8.1
2025-10-22 03:00:00,4.05,8.1
2025-10-22 04:00:00,3.95,7.5
2025-10-22 05:00:00,4.12,7.7
2025-10-22 06:00:00,3.93,7.7
2025-10-22 07:00:00,3.98,7.5
2025-10-22 08:00:00,4.18,7.6
2025-10-22 09:00:00,4.65,8.9
2025-10-22 10:00:00,3.77,8.7
2025-10-22 11:00:00,4.23,8.5
2025-10-22 12:00:00,4.35,10.0
2025-10-22 13:00:00,3.85,8.9
2025-10-22 14:00:00,3.85,8.4
2025-10-22 15:00:00,4.29,8.9
2025-10-22 16:00:00,3.6,9.1
2025-10-22 17:00:00,3.06,6.9
2025-10-22 18:00:00,2.75,5.2
2025-10-22 19:00:00,2.57,5.0
2025-10-22 20:00:00,3.1,5.6
2025-10-22 21:00:00,2.85,5.3
2025-10-22 22:00:00,2.95,5.3
2025-10-22 23:00:00,2.91,5.4
2025-10-23 00:00:00,2.32,5.3
2025-10-23 01:00:00,1.9,4.1
2025-10-23 02:00:00,1.7,3.6
2025-10-23 03:00:00,1.92,3.9
2025-10-23 04:00:00,1.81,3.3
2025-10-23 05:00:00,1.91,3.3
2025-10-23 06:00:00,1.7,3.3
2025-10-23 07:00:00,1.91,3.5
2025-10-23 08:00:00,1.63,3.7
2025-10-23 09:00:00,2.82,5.6
2025-10-23 10:00:00,3.23,6.7
2025-10-23 11:00:00,3.34,7.0
2025-10-23 12:00:00,3.87,7.9
2025-10-23 13:00:00,4.74,9.8
2025-10-23 14:00:00,4.5,10.0
2025-10-23 15:00:00,4.23,9.8
2025-10-23 16:00:00,4.5,9.0
2025-10-23 17:00:00,4.32,9.1
2025-10-23 18:00:00,4.83,9.5
2025-10-23 19:00:00,5.19,10.5
2025-10-23 20:00:00,5.28,10.4
2025-10-23 21:00:00,5.4,10.9
2025-10-23 22:00:00,5.58,10.8
2025-10-23 23:00:00,5.63,10.8
2025-10-24 00:00:00,5.52,10.8
2025-10-24 01:00:00,4.77,10.6
2025-10-24 02:00:00,3.54,9.0
2025-10-24 03:00:00,3.66,7.3
2025-10-24 04:00:00,3.89,7.1
2025-10-24 05:00:00,3.45,7.1
2025-10-24 06:00:00,3.27,6.3
2025-10-24 07:00:00,3.28,6.1
2025-10-24 08:00:00,3.04,5.9
2025-10-24 09:00:00,2.66,5.4
2025-10-24 10:00:00,2.78,5.1
2025-10-24 11:00:00,2.98,5.5
2025-10-24 12:00:00,3.29,6.4
2025-10-24 13:00:00,3.36,7.2
2025-10-24 14:00:00,2.96,6.7
2025-10-24 15:00:00,3.63,6.9
2025-10-24 16:00:00,3.63,7.4
2025-10-24 17:00:00,3.68,7.1
2025-10-24 18:00:00,4.05,7.8
2025-10-24 19:00:00,4.37,8.6
2025-10-24 20:00:00,4.61,9.1
2025-10-24 21:00:00,4.45,9.2
2025-10-24 22:00:00,4.29,8.9
2025-10-24 23:00:00,4.6,8.9
2025-10-25 00:00:00,4.69,9.3
2025-10-25 01:00:00,4.69,9.3
2025-10-25 02:00:00,4.5,9.3
2025-10-25 03:00:00,4.37,8.9
2025-10-25 04:00:00,4.14,8.6
2025-10-25 05:00:00,4.11,8.1
2025-10-25 06:00:00,4.02,8.1
2025-10-25 07:00:00,3.81,8.2
2025-10-25 08:00:00,3.46,7.6
2025-10-25 09:00:00,3.11,7.1
2025-10-25 10:00:00,3.37,6.9
2025-10-25 11:00:00,4.65,9.3
2025-10-25 12:00:00,4.22,9.8
2025-10-25 13:00:00,3.92,9.0
2025-10-25 14:00:00,4.11,9.0
2025-10-25 15:00:00,4.23,9.2
2025-10-25 16:00:00,4.4,9.7
2025-10-25 17:00:00,3.69,9.0
2025-10-25 18:00:00,3.73,7.4
2025-10-25 19:00:00,3.46,7.3
2025-10-25 20:00:00,3.67,6.8
2025-10-25 21:00:00,3.44,6.9
2025-10-25 22:00:00,3.56,6.8
2025-10-25 23:00:00,3.74,7.2
2025-10-26 00:00:00,3.61,7.3
2025-10-26 01:00:00,3.61,6.8
2025-10-26 02:00:00,3.83,7.9
2025-10-26 03:00:00,3.14,7.2
2025-10-26 04:00:00,2.63,5.8
2025-10-26 05:00:00,3.97,7.4
2025-10-26 06:00:00,3.79,7.6
2025-10-26 07:00:00,3.96,7.5
2025-10-26 08:00:00,3.84,7.6
2025-10-26 09:00:00,3.74,7.3
2025-10-26 10:00:00,3.99,8.7
2025-10-26 11:00:00,4.12,9.2
2025-10-26 12:00:00,4.39,9.4
2025-10-26 13:00:00,4.31,9.6
2025-10-26 14:00:00,3.48,9.2
2025-10-26 15:00:00,3.52,7.9
2025-10-26 16:00:00,3.13,7.6
2025-10-26 17:00:00,2.56,6.4
2025-10-26 18:00:00,1.97,5.1
2025-10-26 19:00:00,1.96,3.7
2025-10-26 20:00:00,1.81,3.7
2025-10-26 21:00:00,1.57,3.6
2025-10-26 22:00:00,1.79,3.6
2025-10-26 23:00:00,1.63,3.6
2025-10-27 00:00:00,1.6,3.3
2025-10-27 01:00:00,1.41,3.2
2025-10-27 02:00:00,1.71,3.3
2025-10-27 03:00:00,2.05,3.8
2025-10-27 04:00:00,2.25,4.4
2025-10-27 05:00:00,2.1,4.3
2025-10-27 06:00:00,2.04,4.1
2025-10-27 07:00:00,2.09,4.1
2025-10-27 08:00:00,2.65,4.0
2025-10-27 09:00:00,2.11,5.0
2025-10-27 10:00:00,2.44,5.2
2025-10-27 11:00:00,2.42,5.6
2025-10-27 12:00:00,2.36,5.6
2025-10-27 13:00:00,1.95,5.6
2025-10-27 14:00:00,1.66,4.8
2025-10-27 15:00:00,1.29,3.7
2025-10-27 16:00:00,1.2,3.0
2025-10-27 17:00:00,0.92,2.9
2025-10-27 18:00:00,0.96,1.8
2025-10-27 19:00:00,1.01,1.9
2025-10-27 20:00:00,0.46,2.0
2025-10-27 21:00:00,0.55,1.1
2025-10-27 22:00:00,1.94,3.6
2025-10-27 23:00:00,1.83,4.0
2025-10-28 00:00:00,1.92,3.6
2025-10-28 01:00:00,1.85,3.7
2025-10-28 02:00:00,1.82,3.5
2025-10-28 03:00:00,1.75,3.5
2025-10-28 04:00:00,1.78,3.4
2025-10-28 05:00:00,1.92,3.8
2025-10-28 06:00:00,2.17,4.3
2025-10-28 07:00:00,2.16,4.2
2025-10-28 08:00:00,2.32,4.1
2025-10-28 09:00:00,2.41,4.6
2025-10-28 10:00:00,2.28,5.1
2025-10-28 11:00:00,2.06,5.1
2025-10-28 12:00:00,3.02,6.6
2025-10-28 13:00:00,3.13,6.9
2025-10-28 14:00:00,3.91,9.3
2025-10-28 15:00:00,3.09,8.6
2025-10-28 16:00:00,3.78,7.3
2025-10-28 17:00:00,3.29,7.4
2025-10-28 18:00:00,3.43,6.7
2025-10-28 19:00:00,2.99,6.6
2025-10-28 20:00:00,3.18,5.8
2025-10-28 21:00:00,2.63,5.9
2025-10-28 22:00:00,2.84,5.3
2025-10-28 23:00:00,3.16,5.9
2025-10-29 00:00:00,3.08,6.0
2025-10-29 01:00:00,2.89,5.8
2025-10-29 02:00:00,3.2,5.5
2025-10-29 03:00:00,2.52,5.8
2025-10-29 04:00:00,2.37,4.6
2025-10-29 05:00:00,2.23,4.4
2025-10-29 06:00:00,2.19,4.1
2025-10-29 07:00:00,2.13,3.9
2025-10-29 08:00:00,2.62,3.8
2025-10-29 09:00:00,2.92,4.8
2025-10-29 10:00:00,2.62,5.4
2025-10-29 11:00:00,3.08,6.7
2025-10-29 12:00:00,3.11,6.6
2025-10-29 13:00:00,3.15,6.7
2025-10-29 14:00:00,2.8,7.2
2025-10-29 15:00:00,2.43,5.6
2025-10-29 16:00:00,3.76,7.0
2025-10-29 17:00:00,3.16,7.2
2025-10-29 18:00:00,3.05,5.9
2025-10-29 19:00:00,3.23,5.8
2025-10-29 20:00:00,4.16,7.5
2025-10-29 21:00:00,3.95,7.8
2025-10-29 22:00:00,4.0,7.7
2025-10-29 23:00:00,4.06,7.6
2025-10-30 00:00:00,5.46,10.4
2025-10-30 01:00:00,4.82,10.5
2025-10-30 02:00:00,3.93,9.2
2025-10-30 03:00:00,3.95,8.1
2025-10-30 04:00:00,3.43,7.4
2025-10-30 05:00:00,3.61,6.7
2025-10-30 06:00:00,3.96,7.5
2025-10-30 07:00:00,4.05,7.8
2025-10-30 08:00:00,3.83,7.7
2025-10-30 09:00:00,4.66,8.2
2025-10-30 10:00:00,3.83,8.6
2025-10-30 11:00:00,2.73,6.9
2025-10-30 12:00:00,2.5,5.3
2025-10-30 13:00:00,1.12,4.6
2025-10-30 14:00:00,1.53,2.4
2025-10-30 15:00:00,3.34,5.9
2025-10-30 16:00:00,4.45,8.0
2025-10-30 17:00:00,4.67,8.7
2025-10-30 18:00:00,5.19,9.7
2025-10-30 19:00:00,7.11,13.6
2025-10-30 20:00:00,7.96,15.4
2025-10-30 21:00:00,7.14,15.5
2025-10-30 22:00:00,6.9,13.8
2025-10-30 23:00:00,6.9,14.0
2025-10-31 00:00:00,6.3,13.8
2025-10-31 01:00:00,6.17,12.8
2025-10-31 02:00:00,5.67,12.4
2025-10-31 03:00:00,5.36,11.5
2025-10-31 04:00:00,4.97,11.0
2025-10-31 05:00:00,4.1,10.1
2025-10-31 06:00:00,3.71,8.2
2025-10-31 07:00:00,3.78,8.4
2025-10-31 08:00:00,3.69,8.2
2025-10-31 09:00:00,3.23,7.8
2025-10-31 10:00:00,3.45,7.3
2025-10-31 11:00:00,2.41,7.3
2025-10-31 12:00:00,2.22,5.7
2025-10-31 13:00:00,1.89,5.5
2025-10-31 14:00:00,1.93,5.1
2025-10-31 15:00:00,1.81,5.1
2025-10-31 16:00:00,1.35,4.4
2025-10-31 17:00:00,0.45,2.6
2025-10-31 18:00:00,0.16,0.9
2025-10-31 19:00:00,0.53,1.2
2025-10-31 20:00:00,1.28,2.2
2025-10-31 21:00:00,1.66,3.2
2025-10-31 22:00:00,2.44,4.5
2025-10-31 23:00:00,2.77,5.1
2025-11-01 00:00:00,2.98,5.6
2025-11-01 01:00:00,3.24,6.1
2025-11-01 02:00:00,3.58,6.5
2025-11-01 03:00:00,3.47,6.8
2025-11-01 04:00:00,3.45,6.7
2025-11-01 05:00:00,3.43,6.9
2025-11-01 06:00:00,4.0,7.8
2025-11-01 07:00:00,4.14,7.9
2025-11-01 08:00:00,4.35,8.1
2025-11-01 09:00:00,4.46,8.5
2025-11-01 10:00:00,4.54,8.8
2025-11-01 11:00:00,5.57,11.1
2025-11-01 12:00:00,5.49,11.8
2025-11-01 13:00:00,5.18,11.5
2025-11-01 14:00:00,4.79,10.8
2025-11-01 15:00:00,4.52,9.6
2025-11-01 16:00:00,4.44,9.4
2025-11-01 17:00:00,4.4,8.9
2025-11-01 18:00:00,4.61,9.0
2025-11-01 19:00:00,5.03,9.8
2025-11-01 20:00:00,5.04,10.1
2025-11-01 21:00:00,5.23,10.4
2025-11-01 22:00:00,4.92,10.4
2025-11-01 23:00:00,4.92,9.6
2025-11-02 00:00:00,4.11,9.3
2025-11-02 01:00:00,3.85,7.7
2025-11-02 02:00:00,3.65,7.2
2025-11-02 03:00:00,3.47,6.5
2025-11-02 04:00:00,3.12,6.2
2025-11-02 05:00:00,3.15,6.1
2025-11-02 06:00:00,2.94,5.7
2025-11-02 07:00:00,3.18,5.9
2025-11-02 08:00:00,2.58,5.9
2025-11-02 09:00:00,2.99,5.7
2025-11-02 10:00:00,3.58,6.7
2025-11-02 11:00:00,3.63,7.2
2025-11-02 12:00:00,3.44,7.2
2025-11-02 13:00:00,3.44,8.1
2025-11-02 14:00:00,3.47,8.1
2025-11-02 15:00:00,3.42,7.5
2025-11-02 16:00:00,3.42,7.2
2025-11-02 17:00:00,2.79,6.4
2025-11-02 18:00:00,3.44,6.0
2025-11-02 19:00:00,2.85,6.7
2025-11-02 20:00:00,3.37,5.2
2025-11-02 21:00:00,2.56,5.9
2025-11-02 22:00:00,2.06,4.5
2025-11-02 23:00:00,1.95,3.8
2025-11-03 00:00:00,1.9,3.6
2025-11-03 01:00:00,1.82,3.5
2025-11-03 02:00:00,2.09,4.3
2025-11-03 03:00:00,2.23,4.6
2025-11-03 04:00:00,2.23,4.5
2025-11-03 05:00:00,2.3,4.9
2025-11-03 06:00:00,2.45,5.0
2025-11-03 07:00:00,2.42,4.9
2025-11-03 08:00:00,2.28,4.9
2025-11-03 09:00:00,2.8,5.4
2025-11-03 10:00:00,3.18,6.5
2025-11-03 11:00:00,3.58,7.4
2025-11-03 12:00:00,4.11,8.5
2025-11-03 13:00:00,3.98,8.8
2025-11-03 14:00:00,3.3,8.3
2025-11-03 15:00:00,3.87,7.2
2025-11-03 16:00:00,3.25,7.5
2025-11-03 17:00:00,2.72,6.0
2025-11-03 18:00:00,2.84,5.1
2025-11-03 19:00:00,3.11,5.8
2025-11-03 20:00:00,3.41,5.9
2025-11-03 21:00:00,3.97,7.6
2025-11-03 22:00:00,3.77,7.6
2025-11-03 23:00:00,4.45,8.3
2025-11-04 00:00:00,5.12,9.9
2025-11-04 01:00:00,4.63,9.9
2025-11-04 02:00:00,4.35,8.7
2025-11-04 03:00:00,4.13,8.2
2025-11-04 04:00:00,4.37,8.3
2025-11-04 05:00:00,4.87,9.0
2025-11-04 06:00:00,4.85,9.3
2025-11-04 07:00:00,4.94,9.3
2025-11-04 08:00:00,5.0,10.0
2025-11-04 09:00:00,5.28,10.0
2025-11-04 10:00:00,5.42,10.3
2025-11-04 11:00:00,5.46,10.6
2025-11-04 12:00:00,5.52,10.8
2025-11-04 13:00:00,5.16,10.7
2025-11-04 14:00:00,4.83,10.2
2025-11-04 15:00:00,4.85,9.9
2025-11-04 16:00:00,4.67,9.6
2025-11-04 17:00:00,4.64,9.1
2025-11-04 18:00:00,4.75,9.2
2025-11-04 19:00:00,4.92,9.6
2025-11-04 20:00:00,4.92,9.8
2025-11-04 21:00:00,4.95,9.8
2025-11-04 22:00:00,4.7,9.6
2025-11-04 23:00:00,4.4,9.2
2025-11-05 00:00:00,4.15,8.6
2025-11-05 01:00:00,4.13,8.0
2025-11-05 02:00:00,4.04,8.1
2025-11-05 03:00:00,4.01,7.9
2025-11-05 04:00:00,4.11,8.0
2025-11-05 05:00:00,4.19,8.0
2025-11-05 06:00:00,4.0,8.1
2025-11-05 07:00:00,4.17,8.1
2025-11-05 08:00:00,4.18,8.5
2025-11-05 09:00:00,3.77,8.1
2025-11-05 10:00:00,4.09,7.9
2025-11-05 11:00:00,4.06,8.2
2025-11-05 12:00:00,3.98,8.3
2025-11-05 13:00:00,3.44,8.1
2025-11-05 14:00:00,3.3,7.5
2025-11-05 15:00:00,3.34,7.1
2025-11-05 16:00:00,3.57,7.0
2025-11-05 17:00:00,3.54,6.9
2025-11-05 18:00:00,3.8,7.1
2025-11-05 19:00:00,3.8,7.3
2025-11-05 20:00:00,3.44,7.3
2025-11-05 21:00:00,3.09,6.3
2025-11-05 22:00:00,3.23,6.0
2025-11-05 23:00:00,2.96,6.1
2025-11-06 00:00:00,2.7,5.5
2025-11-06 01:00:00,2.57,5.0
2025-11-06 02:00:00,2.33,4.7
2025-11-06 03:00:00,2.0,4.0
2025-11-06 04:00:00,2.09,3.7
2025-11-06 05:00:00,2.38,4.2
2025-11-06 06:00:00,2.25,4.4
2025-11-06 07:00:00,2.14,4.1
2025-11-06 08:00:00,1.88,3.7
2025-11-06 09:00:00,2.25,3.8
2025-11-06 10:00:00,1.81,4.0
2025-11-06 11:00:00,1.66,3.4
2025-11-06 12:00:00,1.82,4.4
2025-11-06 13:00:00,2.24,5.1
2025-11-06 14:00:00,1.71,5.3
2025-11-06 15:00:00,2.14,4.7
2025-11-06 16:00:00,2.53,4.9
2025-11-06 17:00:00,2.7,4.7
2025-11-06 18:00:00,2.84,5.0
2025-11-06 19:00:00,2.77,5.0
2025-11-06 20:00:00,2.89,5.0
2025-11-06 21:00:00,2.53,5.1
2025-11-06 22:00:00,2.24,4.5
2025-11-06 23:00:00,2.21,4.0
2025-11-07 00:00:00,2.45,4.3
2025-11-07 01:00:00,2.86,5.1
2025-11-07 02:00:00,2.14,5.2
2025-11-07 03:00:00,1.73,3.7
2025-11-07 04:00:00,1.83,3.4
2025-11-07 05:00:00,1.89,3.6
2025-11-07 06:00:00,1.81,3.5
2025-11-07 07:00:00,1.91,3.5
2025-11-07 08:00:00,2.3,4.4
2025-11-07 09:00:00,3.0,5.3
2025-11-07 10:00:00,3.16,5.8
2025-11-07 11:00:00,2.66,5.7
2025-11-07 12:00:00,2.98,6.4
2025-11-07 13:00:00,3.07,6.8
2025-11-07 14:00:00,3.04,6.8
2025-11-07 15:00:00,3.11,6.9
2025-11-07 16:00:00,2.74,6.4
2025-11-07 17:00:00,2.23,5.2
2025-11-07 18:00:00,2.59,4.6
2025-11-07 19:00:00,2.66,4.8
2025-11-07 20:00:00,2.8,4.8
2025-11-07 21:00:00,2.36,5.1
2025-11-07 22:00:00,2.21,4.5
2025-11-07 23:00:00,2.04,4.2
2025-11-08 00:00:00,1.41,3.8
2025-11-08 01:00:00,0.81,2.5
2025-11-08 02:00:00,0.5,1.6
2025-11-08 03:00:00,0.74,1.5
2025-11-08 04:00:00,0.96,2.0
2025-11-08 05:00:00,0.56,2.1
2025-11-08 06:00:00,0.56,1.6
2025-11-08 07:00:00,0.93,2.1
2025-11-08 08:00:00,0.46,2.5
2025-11-08 09:00:00,0.67,1.7
2025-11-08 10:00:00,0.9,2.4
2025-11-08 11:00:00,1.12,3.0
2025-11-08 12:00:00,1.1,3.3
2025-11-08 13:00:00,1.16,3.5
2025-11-08 14:00:00,1.46,4.0
2025-11-08 15:00:00,1.27,3.8
2025-11-08 16:00:00,0.91,3.3
2025-11-08 17:00:00,0.64,2.3
2025-11-08 18:00:00,1.26,2.5
2025-11-08 19:00:00,1.47,3.0
2025-11-08 20:00:00,1.39,2.9
2025-11-08 21:00:00,0.82,2.8
2025-11-08 22:00:00,0.7,1.9
2025-11-08 23:00:00,0.56,1.6
2025-11-09 00:00:00,0.4,1.3
2025-11-09 01:00:00,0.46,1.0
2025-11-09 02:00:00,0.9,1.7
2025-11-09 03:00:00,0.86,2.1
2025-11-09 04:00:00,0.85,1.9
2025-11-09 05:00:00,1.09,2.0
2025-11-09 06:00:00,1.75,3.3
2025-11-09 07:00:00,2.16,4.2
2025-11-09 08:00:00,2.21,4.7
2025-11-09 09:00:00,2.23,4.8
2025-11-09 10:00:00,2.19,5.3
2025-11-09 11:00:00,2.14,4.9
2025-11-09 12:00:00,2.07,5.2
2025-11-09 13:00:00,1.81,5.0
2025-11-09 14:00:00,1.62,4.5
2025-11-09 15:00:00,1.47,4.0
2025-11-09 16:00:00,1.36,3.7
2025-11-09 17:00:00,0.71,3.2
2025-11-09 18:00:00,0.78,1.6
2025-11-09 19:00:00,0.94,1.8
2025-11-09 20:00:00,1.35,2.8
2025-11-09 21:00:00,1.64,3.2
2025-11-09 22:00:00,1.38,3.2
2025-11-09 23:00:00,0.96,2.6
2025-11-10 00:00:00,1.03,2.0
2025-11-10 01:00:00,1.12,2.2
2025-11-10 02:00:00,0.45,2.2
2025-11-10 03:00:00,0.74,1.5
2025-11-10 04:00:00,1.01,2.0
2025-11-10 05:00:00,1.25,2.5
2025-11-10 06:00:00,1.32,2.7
2025-11-10 07:00:00,1.32,2.8
2025-11-10 08:00:00,1.34,2.7
2025-11-10 09:00:00,0.76,2.6
2025-11-10 10:00:00,0.96,2.4
2025-11-10 11:00:00,1.08,3.0
2025-11-10 12:00:00,1.59,4.2
2025-11-10 13:00:00,1.61,4.3
2025-11-10 14:00:00,1.53,4.3
2025-11-10 15:00:00,1.27,3.6
2025-11-10 16:00:00,1.0,3.0
2025-11-10 17:00:00,0.47,2.0
2025-11-10 18:00:00,0.58,0.9
2025-11-10 19:00:00,0.71,1.4
2025-11-10 20:00:00,0.7,1.4
2025-11-10 21:00:00,0.56,1.2
2025-11-10 22:00:00,0.47,1.1
2025-11-10 23:00:00,0.74,1.4
2025-11-11 00:00:00,0.65,1.5
2025-11-11 01:00:00,0.61,1.3
2025-11-11 02:00:00,0.51,1.6
2025-11-11 03:00:00,0.35,1.1
2025-11-11 04:00:00,0.6,1.4
2025-11-11 05:00:00,1.39,2.7
2025-11-11 06:00:00,1.32,2.7
2025-11-11 07:00:00,1.55,3.0
2025-11-11 08:00:00,1.45,3.0
2025-11-11 09:00:00,1.18,2.7
2025-11-11 10:00:00,1.19,2.3
2025-11-11 11:00:00,1.48,3.3
2025-11-11 12:00:00,2.12,4.6
2025-11-11 13:00:00,2.47,5.4
2025-11-11 14:00:00,2.11,5.5
2025-11-11 15:00:00,2.01,4.9
2025-11-11 16:00:00,1.37,4.7
2025-11-11 17:00:00,1.35,2.6
2025-11-11 18:00:00,1.81,3.3
2025-11-11 19:00:00,2.0,3.7
2025-11-11 20:00:00,2.67,4.2
2025-11-11 21:00:00,2.8,5.2
2025-11-11 22:00:00,2.85,5.5
2025-11-11 23:00:00,2.92,5.7
2025-11-12 00:00:00,3.2,6.2
2025-11-12 01:00:00,3.12,6.4
2025-11-12 02:00:00,2.79,6.1
2025-11-12 03:00:00,2.98,5.7
2025-11-12 04:00:00,3.04,5.9
2025-11-12 05:00:00,3.2,6.1
2025-11-12 06:00:00,3.03,6.1
2025-11-12 07:00:00,3.25,6.3
2025-11-12 08:00:00,3.63,7.1
2025-11-12 09:00:00,4.2,8.2
2025-11-12 10:00:00,4.73,9.3
2025-11-12 11:00:00,5.1,10.4
2025-11-12 12:00:00,5.71,12.2
2025-11-12 13:00:00,6.1,12.6
2025-11-12 14:00:00,6.26,13.6
2025-11-12 15:00:00,6.74,13.7
2025-11-12 16:00:00,6.08,13.3
2025-11-12 17:00:00,5.99,11.9
2025-11-12 18:00:00,6.33,12.0
2025-11-12 19:00:00,5.88,12.0
2025-11-12 20:00:00,5.62,11.3
2025-11-12 21:00:00,4.94,10.6
2025-11-12 22:00:00,4.7,9.4
2025-11-12 23:00:00,4.81,9.2
2025-11-13 00:00:00,5.08,9.6
2025-11-13 01:00:00,5.02,9.9
2025-11-13 02:00:00,4.72,9.7
2025-11-13 03:00:00,4.52,8.8
2025-11-13 04:00:00,4.72,9.0
2025-11-13 05:00:00,4.56,9.0
2025-11-13 06:00:00,4.95,9.5
2025-11-13 07:00:00,4.85,9.6
2025-11-13 08:00:00,4.56,9.6
2025-11-13 09:00:00,4.49,8.8
2025-11-13 10:00:00,4.74,9.5
2025-11-13 11:00:00,5.08,10.2
2025-11-13 12:00:00,5.23,10.6
2025-11-13 13:00:00,4.27,10.8
2025-11-13 14:00:00,4.06,9.0
2025-11-13 15:00:00,4.86,9.6
2025-11-13 16:00:00,5.24,10.1
2025-11-13 17:00:00,5.2,10.9
2025-11-13 18:00:00,6.36,12.2
2025-11-13 19:00:00,8.02,16.1
2025-11-13 20:00:00,9.3,18.4
2025-11-13 21:00:00,8.58,20.2
2025-11-13 22:00:00,5.23,17.1
2025-11-13 23:00:00,4.98,11.0
2025-11-14 00:00:00,4.4,10.9
2025-11-14 01:00:00,3.62,9.8
2025-11-14 02:00:00,2.68,7.7
2025-11-14 03:00:00,3.04,6.6
2025-11-14 04:00:00,3.24,7.0
2025-11-14 05:00:00,2.96,7.1
2025-11-14 06:00:00,2.26,6.3
2025-11-14 07:00:00,2.12,5.3
2025-11-14 08:00:00,2.55,5.1
2025-11-14 09:00:00,2.21,5.5
2025-11-14 10:00:00,2.24,5.1
2025-11-14 11:00:00,1.88,5.0
2025-11-14 12:00:00,1.95,4.9
2025-11-14 13:00:00,1.98,5.1
2025-11-14 14:00:00,2.1,5.1
2025-11-14 15:00:00,1.86,5.0
2025-11-14 16:00:00,1.43,4.3
2025-11-14 17:00:00,1.24,3.0
2025-11-14 18:00:00,1.35,3.1
2025-11-14 19:00:00,2.21,4.2
2025-11-14 20:00:00,2.37,4.8
2025-11-14 21:00:00,2.77,5.7
2025-11-14 22:00:00,2.77,5.8
2025-11-14 23:00:00,2.95,5.9
2025-11-15 00:00:00,2.89,6.0
2025-11-15 01:00:00,2.57,5.8
2025-11-15 02:00:00,2.93,5.4
2025-11-15 03:00:00,2.25,5.7
2025-11-15 04:00:00,2.35,4.5
2025-11-15 05:00:00,2.8,5.5
2025-11-15 06:00:00,2.62,5.5
2025-11-15 07:00:00,1.93,5.1
2025-11-15 08:00:00,2.6,3.8
2025-11-15 09:00:00,1.4,4.9
2025-11-15 10:00:00,0.76,3.1
2025-11-15 11:00:00,0.74,2.4
2025-11-15 12:00:00,0.66,2.7
2025-11-15 13:00:00,0.86,3.2
2025-11-15 14:00:00,1.06,3.2
2025-11-15 15:00:00,1.18,3.2
2025-11-15 16:00:00,0.93,2.9
2025-11-15 17:00:00,1.07,2.4
2025-11-15 18:00:00,1.05,2.5
2025-11-15 19:00:00,1.25,2.9
2025-11-15 20:00:00,1.72,3.7
2025-11-15 21:00:00,1.98,4.2
2025-11-15 22:00:00,2.09,4.6
2025-11-15 23:00:00,1.94,4.3
2025-11-16 00:00:00,1.87,4.1
2025-11-16 01:00:00,2.03,3.9
2025-11-16 02:00:00,2.49,4.7
2025-11-16 03:00:00,1.66,5.0
2025-11-16 04:00:00,1.84,3.6
2025-11-16 05:00:00,2.34,4.5
2025-11-16 06:00:00,2.31,4.5
2025-11-16 07:00:00,2.39,4.4
2025-11-16 08:00:00,3.02,5.1
2025-11-16 09:00:00,2.51,5.7
2025-11-16 10:00:00,2.5,4.8
2025-11-16 11:00:00,2.47,5.1
2025-11-16 12:00:00,2.37,5.5
2025-11-16 13:00:00,2.52,5.5
2025-11-16 14:00:00,3.39,8.6
2025-11-16 15:00:00,3.58,8.2
2025-11-16 16:00:00,3.44,7.2
2025-11-16 17:00:00,3.33,6.7
2025-11-16 18:00:00,3.68,7.2
2025-11-16 19:00:00,3.44,7.2
2025-11-16 20:00:00,3.19,6.6
2025-11-16 21:00:00,3.11,6.1
2025-11-16 22:00:00,2.49,5.9
2025-11-16 23:00:00,2.21,4.6
2025-11-17 00:00:00,2.03,4.5
2025-11-17 01:00:00,1.94,4.2
2025-11-17 02:00:00,1.97,3.7
2025-11-17 03:00:00,1.99,4.1
2025-11-17 04:00:00,1.99,4.1
2025-11-17 05:00:00,2.65,5.3
2025-11-17 06:00:00,2.7,5.7
2025-11-17 07:00:00,2.86,5.8
2025-11-17 08:00:00,2.82,5.7
2025-11-17 09:00:00,2.32,5.4
2025-11-17 10:00:00,2.49,4.9
2025-11-17 11:00:00,2.93,6.0
2025-11-17 12:00:00,3.51,7.3
2025-11-17 13:00:00,3.47,8.6
2025-11-17 14:00:00,4.07,8.7
2025-11-17 15:00:00,4.12,9.1
2025-11-17 16:00:00,3.47,8.6
2025-11-17 17:00:00,3.36,7.1
2025-11-17 18:00:00,3.44,7.0
2025-11-17 19:00:00,3.74,7.5
2025-11-17 20:00:00,3.83,7.5
2025-11-17 21:00:00,3.19,7.5
2025-11-17 22:00:00,3.05,6.4
2025-11-17 23:00:00,3.15,6.3
2025-11-18 00:00:00,2.89,6.3
2025-11-18 01:00:00,2.62,5.8
2025-11-18 02:00:00,2.67,5.5
2025-11-18 03:00:00,1.74,5.4
2025-11-18 04:00:00,1.32,3.6
2025-11-18 05:00:00,1.32,3.0
2025-11-18 06:00:00,1.32,3.0
2025-11-18 07:00:00,1.1,2.9
2025-11-18 08:00:00,0.94,2.3
2025-11-18 09:00:00,1.07,2.5
2025-11-18 10:00:00,1.88,3.4
2025-11-18 11:00:00,1.63,3.9
2025-11-18 12:00:00,1.23,3.9
2025-11-18 13:00:00,1.28,3.6
2025-11-18 14:00:00,1.86,3.7
2025-11-18 15:00:00,2.45,5.2
2025-11-18 16:00:00,2.11,5.2
2025-11-18 17:00:00,1.82,4.2
2025-11-18 18:00:00,1.4,3.5
2025-11-18 19:00:00,1.36,2.6
2025-11-18 20:00:00,1.24,2.6
2025-11-18 21:00:00,1.26,2.6
2025-11-18 22:00:00,1.26,2.6
2025-11-18 23:00:00,0.96,2.5
2025-11-19 00:00:00,0.64,2.0
2025-11-19 01:00:00,0.56,1.5
2025-11-19 02:00:00,0.45,1.4
2025-11-19 03:00:00,0.97,2.0
2025-11-19 04:00:00,1.17,2.5
2025-11-19 05:00:00,1.08,2.5
2025-11-19 06:00:00,1.07,2.4
2025-11-19 07:00:00,1.26,2.5
2025-11-19 08:00:00,1.16,2.7
2025-11-19 09:00:00,0.87,2.5
2025-11-19 10:00:00,1.05,2.7
2025-11-19 11:00:00,1.16,3.2
2025-11-19 12:00:00,1.32,3.7
2025-11-19 13:00:00,1.48,3.9
2025-11-19 14:00:00,1.45,3.9
2025-11-19 15:00:00,1.5,3.8
2025-11-19 16:00:00,1.2,3.5
2025-11-19 17:00:00,1.01,2.6
2025-11-19 18:00:00,1.52,3.2
2025-11-19 19:00:00,1.7,3.7
2025-11-19 20:00:00,1.32,3.7
2025-11-19 21:00:00,1.21,2.9
2025-11-19 22:00:00,1.47,3.2
2025-11-19 23:00:00,1.54,3.7
2025-11-20 00:00:00,2.31,4.8
2025-11-20 01:00:00,2.47,5.1
2025-11-20 02:00:00,2.88,6.6
2025-11-20 03:00:00,3.01,5.8
2025-11-20 04:00:00,3.86,7.7
2025-11-20 05:00:00,3.71,7.9
2025-11-20 06:00:00,3.64,7.3
2025-11-20 07:00:00,4.44,9.2
2025-11-20 08:00:00,4.52,9.6
2025-11-20 09:00:00,4.07,9.2
2025-11-20 10:00:00,4.24,8.7
2025-11-20 11:00:00,4.49,9.0
2025-11-20 12:00:00,4.51,9.2
2025-11-20 13:00:00,4.51,9.3
2025-11-20 14:00:00,5.3,9.6
2025-11-20 15:00:00,5.72,11.3
2025-11-20 16:00:00,5.39,11.4
2025-11-20 17:00:00,5.54,10.8
2025-11-20 18:00:00,5.43,11.5
2025-11-20 19:00:00,5.15,11.1
2025-11-20 20:00:00,5.52,11.8
2025-11-20 21:00:00,5.78,11.4
2025-11-20 22:00:00,5.86,11.6
2025-11-20 23:00:00,5.97,11.7
2025-11-21 00:00:00,5.83,11.8
2025-11-21 01:00:00,6.06,12.3
2025-11-21 02:00:00,6.83,13.1
2025-11-21 03:00:00,6.14,13.5
2025-11-21 04:00:00,6.04,12.8
2025-11-21 05:00:00,5.91,12.9
2025-11-21 06:00:00,5.93,12.6
2025-11-21 07:00:00,5.92,12.1
2025-11-21 08:00:00,5.96,12.1
2025-11-21 09:00:00,5.1,12.2
2025-11-21 10:00:00,4.34,10.1
2025-11-21 11:00:00,4.09,8.8
2025-11-21 12:00:00,3.61,8.3
2025-11-21 13:00:00,3.29,7.6
2025-11-21 14:00:00,3.37,7.2
2025-11-21 15:00:00,2.35,6.7
2025-11-21 16:00:00,2.69,5.3
2025-11-21 17:00:00,2.58,5.2
2025-11-21 18:00:00,2.94,5.3
2025-11-21 19:00:00,2.6,5.4
2025-11-21 20:00:00,2.77,4.9
2025-11-21 21:00:00,1.9,5.0
2025-11-21 22:00:00,1.58,3.7
2025-11-21 23:00:00,1.7,3.2
2025-11-22 00:00:00,1.65,3.1
2025-11-22 01:00:00,2.07,3.4
2025-11-22 02:00:00,2.83,5.4
2025-11-22 03:00:00,3.18,5.8
2025-11-22 04:00:00,3.58,6.5
2025-11-22 05:00:00,3.44,6.5
2025-11-22 06:00:00,3.34,6.5
2025-11-22 07:00:00,3.39,6.3
2025-11-22 08:00:00,3.61,6.2
2025-11-22 09:00:00,3.28,6.4
2025-11-22 10:00:00,3.36,6.3
2025-11-22 11:00:00,3.2,6.8
2025-11-22 12:00:00,3.24,6.8
2025-11-22 13:00:00,3.48,7.5
2025-11-22 14:00:00,3.65,7.6
2025-11-22 15:00:00,3.76,7.4
2025-11-22 16:00:00,4.11,7.9
2025-11-22 17:00:00,4.12,8.0
2025-11-22 18:00:00,3.97,7.9
2025-11-22 19:00:00,4.08,7.8
2025-11-22 20:00:00,4.06,7.9
2025-11-22 21:00:00,4.17,7.9
2025-11-22 22:00:00,3.99,8.0
2025-11-22 23:00:00,4.03,7.8
2025-11-23 00:00:00,3.98,7.8
2025-11-23 01:00:00,3.96,7.7
2025-11-23 02:00:00,4.14,7.7
2025-11-23 03:00:00,3.98,7.8
2025-11-23 04:00:00,3.76,7.5
2025-11-23 05:00:00,3.79,7.1
2025-11-23 06:00:00,3.87,7.3
2025-11-23 07:00:00,4.05,7.5
2025-11-23 08:00:00,4.34,7.6
2025-11-23 09:00:00,4.04,7.8
2025-11-23 10:00:00,3.93,7.6
2025-11-23 11:00:00,3.86,7.6
2025-11-23 12:00:00,3.88,7.9
2025-11-23 13:00:00,3.98,8.2
2025-11-23 14:00:00,4.2,8.2
2025-11-23 15:00:00,4.02,8.1
2025-11-23 16:00:00,3.85,7.8
2025-11-23 17:00:00,3.55,7.3
2025-11-23 18:00:00,3.42,6.4
2025-11-23 19:00:00,3.24,6.3
2025-11-23 20:00:00,3.58,6.0
2025-11-23 21:00:00,3.65,6.7
2025-11-23 22:00:00,3.67,6.8
2025-11-23 23:00:00,3.59,6.7
2025-11-24 00:00:00,3.53,6.6
2025-11-24 01:00:00,3.42,6.5
2025-11-24 02:00:00,3.75,6.4
2025-11-24 03:00:00,3.5,6.7
2025-11-24 04:00:00,3.51,6.5
2025-11-24 05:00:00,3.89,7.5
2025-11-24 06:00:00,4.06,7.8
2025-11-24 07:00:00,3.67,7.8
2025-11-24 08:00:00,3.74,7.0
2025-11-24 09:00:00,3.7,7.2
2025-11-24 10:00:00,3.56,7.1
2025-11-24 11:00:00,3.84,7.2
2025-11-24 12:00:00,3.18,7.8
2025-11-24 13:00:00,3.0,7.1
2025-11-24 14:00:00,3.0,6.4
2025-11-24 15:00:00,2.85,6.2
2025-11-24 16:00:00,2.85,5.8
2025-11-24 17:00:00,2.85,5.5
2025-11-24 18:00:00,2.87,5.4
2025-11-24 19:00:00,2.98,5.5
2025-11-24 20:00:00,3.28,5.8
2025-11-24 21:00:00,3.32,6.3
2025-11-24 22:00:00,3.23,6.3
2025-11-24 23:00:00,3.1,6.0
2025-11-25 00:00:00,3.25,6.2
2025-11-25 01:00:00,3.18,6.3
2025-11-25 02:00:00,3.11,5.9
2025-11-25 03:00:00,2.98,5.8
2025-11-25 04:00:00,2.95,5.6
2025-11-25 05:00:00,3.18,6.0
2025-11-25 06:00:00,3.42,6.6
2025-11-25 07:00:00,3.21,6.6
2025-11-25 08:00:00,3.14,6.1
2025-11-25 09:00:00,3.22,6.1
2025-11-25 10:00:00,2.97,6.0
2025-11-25 11:00:00,2.84,5.7
2025-11-25 12:00:00,3.09,6.7
2025-11-25 13:00:00,2.92,6.1
2025-11-25 14:00:00,2.8,6.3
2025-11-25 15:00:00,2.65,5.4
2025-11-25 16:00:00,2.72,5.2
2025-11-25 17:00:00,2.83,5.3
2025-11-25 18:00:00,3.02,5.6
2025-11-25 19:00:00,3.09,5.7
2025-11-25 20:00:00,2.97,5.8
2025-11-25 21:00:00,2.67,5.3
2025-11-25 22:00:00,2.73,5.1
2025-11-25 23:00:00,2.53,5.1
2025-11-26 00:00:00,2.37,4.7
2025-11-26 01:00:00,2.33,4.5
2025-11-26 02:00:00,2.65,5.1
2025-11-26 03:00:00,2.59,5.0
2025-11-26 04:00:00,2.4,4.8
2025-11-26 05:00:00,2.36,4.5
2025-11-26 06:00:00,2.47,4.7
2025-11-26 07:00:00,2.39,4.7
2025-11-26 08:00:00,2.41,4.4
2025-11-26 09:00:00,2.15,4.3
2025-11-26 10:00:00,2.09,4.6
2025-11-26 11:00:00,1.78,4.3
2025-11-26 12:00:00,1.82,4.0
2025-11-26 13:00:00,1.55,3.9
2025-11-26 14:00:00,1.77,3.4
2025-11-26 15:00:00,1.27,3.6
2025-11-26 16:00:00,0.68,2.9
2025-11-26 17:00:00,0.86,1.5
2025-11-26 18:00:00,1.22,2.2
2025-11-26 19:00:00,1.46,2.6
2025-11-26 20:00:00,1.6,2.6
2025-11-26 21:00:00,1.31,2.8
2025-11-26 22:00:00,1.03,2.5
2025-11-26 23:00:00,0.74,2.0
2025-11-27 00:00:00,0.45,1.7
2025-11-27 01:00:00,0.85,2.0
2025-11-27 02:00:00,0.88,2.0
2025-11-27 03:00:00,0.29,2.0
2025-11-27 04:00:00,1.1,2.5
2025-11-27 05:00:00,1.86,3.7
2025-11-27 06:00:00,2.05,3.9
2025-11-27 07:00:00,2.4,4.5
2025-11-27 08:00:00,3.41,5.3
2025-11-27 09:00:00,3.46,6.4
2025-11-27 10:00:00,3.97,7.3
2025-11-27 11:00:00,4.5,8.7
2025-11-27 12:00:00,5.03,10.7
2025-11-27 13:00:00,5.14,10.0
2025-11-27 14:00:00,5.63,10.5
2025-11-27 15:00:00,5.3,10.9
2025-11-27 16:00:00,5.72,11.0
2025-11-27 17:00:00,6.09,11.8
2025-11-27 18:00:00,6.1,11.8
2025-11-27 19:00:00,6.03,11.9
2025-11-27 20:00:00,5.52,11.7
2025-11-27 21:00:00,4.98,10.5
2025-11-27 22:00:00,4.84,9.5
2025-11-27 23:00:00,4.74,9.3
2025-11-28 00:00:00,4.43,9.0
2025-11-28 01:00:00,4.38,8.4
2025-11-28 02:00:00,3.92,8.3
2025-11-28 03:00:00,4.59,8.5
2025-11-28 04:00:00,4.96,9.3
2025-11-28 05:00:00,5.08,9.6
2025-11-28 06:00:00,5.41,10.1
2025-11-28 07:00:00,5.42,10.4
2025-11-28 08:00:00,5.21,10.2
2025-11-28 09:00:00,5.17,9.7
2025-11-28 10:00:00,5.17,9.7
2025-11-28 11:00:00,5.3,9.9
2025-11-28 12:00:00,4.87,9.9
2025-11-28 13:00:00,4.8,9.1
2025-11-28 14:00:00,4.25,9.2
2025-11-28 15:00:00,4.73,8.6
2025-11-28 16:00:00,4.36,8.7
2025-11-28 17:00:00,4.37,8.3
2025-11-28 18:00:00,4.29,8.0
2025-11-28 19:00:00,4.25,8.0
2025-11-28 20:00:00,4.3,8.1
2025-11-28 21:00:00,4.76,8.9
2025-11-28 22:00:00,4.67,8.9
2025-11-28 23:00:00,4.55,9.0
2025-11-29 00:00:00,4.32,8.6
2025-11-29 01:00:00,4.17,8.1
2025-11-29 02:00:00,3.9,7.9
2025-11-29 03:00:00,4.64,8.4
2025-11-29 04:00:00,4.97,9.1
2025-11-29 05:00:00,5.39,9.8
2025-11-29 06:00:00,5.54,10.5
2025-11-29 07:00:00,5.15,10.5
2025-11-29 08:00:00,4.02,9.9
2025-11-29 09:00:00,4.48,8.8
2025-11-29 10:00:00,4.44,8.5
2025-11-29 11:00:00,4.48,8.5
2025-11-29 12:00:00,4.37,8.5
2025-11-29 13:00:00,4.46,8.7
2025-11-29 14:00:00,4.12,9.1
2025-11-29 15:00:00,4.37,8.5
2025-11-29 16:00:00,4.39,8.7
2025-11-29 17:00:00,4.65,8.8
2025-11-29 18:00:00,4.73,9.2
2025-11-29 19:00:00,4.21,9.0
2025-11-29 20:00:00,3.45,7.9
2025-11-29 21:00:00,3.29,6.4
2025-11-29 22:00:00,3.11,6.0
2025-11-29 23:00:00,3.62,6.6
2025-11-30 00:00:00,3.5,6.9
2025-11-30 01:00:00,2.98,6.5
2025-11-30 02:00:00,3.49,6.3
2025-11-30 03:00:00,3.8,7.1
2025-11-30 04:00:00,4.02,7.5
2025-11-30 05:00:00,3.9,7.6
2025-11-30 06:00:00,3.86,7.2
2025-11-30 07:00:00,4.63,8.7
2025-11-30 08:00:00,4.71,8.9
2025-11-30 09:00:00,4.3,9.1
2025-11-30 10:00:00,4.29,8.0
2025-11-30 11:00:00,4.46,8.4
2025-11-30 12:00:00,4.84,9.0
2025-11-30 13:00:00,5.14,9.7
2025-11-30 14:00:00,4.79,9.8
2025-11-30 15:00:00,4.9,9.3
2025-11-30 16:00:00,4.71,9.2
2025-11-30 17:00:00,4.7,9.0
2025-11-30 18:00:00,4.37,8.8
2025-11-30 19:00:00,4.25,8.2
2025-11-30 20:00:00,4.04,8.1
2025-11-30 21:00:00,4.49,8.4
2025-11-30 22:00:00,4.46,8.5
2025-11-30 23:00:00,5.21,9.8
2025-12-01 00:00:00,5.49,10.6
2025-12-01 01:00:00,5.61,11.1
2025-12-01 02:00:00,5.73,11.3
2025-12-01 03:00:00,5.44,11.5
2025-12-01 04:00:00,5.55,11.2
2025-12-01 05:00:00,5.65,11.5
2025-12-01 06:00:00,5.88,12.1
2025-12-01 07:00:00,5.73,12.0
2025-12-01 08:00:00,5.51,11.6
2025-12-01 09:00:00,5.52,11.4
2025-12-01 10:00:00,5.42,11.3
2025-12-01 11:00:00,5.24,11.0
2025-12-01 12:00:00,4.63,10.5
2025-12-01 13:00:00,5.18,10.5
2025-12-01 14:00:00,4.71,10.5
2025-12-01 15:00:00,4.04,9.4
2025-12-01 16:00:00,3.72,8.0
2025-12-01 17:00:00,3.76,7.4
2025-12-01 18:00:00,3.9,7.7
2025-12-01 19:00:00,3.65,7.7
2025-12-01 20:00:00,3.98,7.4
2025-12-01 21:00:00,4.35,8.6
2025-12-01 22:00:00,4.45,8.8
2025-12-01 23:00:00,4.75,9.3
2025-12-02 00:00:00,5.11,10.1
2025-12-02 01:00:00,5.26,10.6
2025-12-02 02:00:00,5.3,10.7
2025-12-02 03:00:00,5.15,10.5
2025-12-02 04:00:00,5.12,10.2
2025-12-02 05:00:00,5.27,10.4
2025-12-02 06:00:00,5.37,10.8
2025-12-02 07:00:00,5.22,10.7
2025-12-02 08:00:00,5.71,11.3
2025-12-02 09:00:00,5.76,11.5
2025-12-02 10:00:00,5.63,11.4
2025-12-02 11:00:00,5.45,11.2
2025-12-02 12:00:00,5.09,11.0
2025-12-02 13:00:00,5.35,10.9
2025-12-02 14:00:00,4.67,10.8
2025-12-02 15:00:00,4.77,9.8
2025-12-02 16:00:00,4.45,9.4
2025-12-02 17:00:00,4.45,8.8
2025-12-02 18:00:00,4.46,8.9
2025-12-02 19:00:00,4.41,8.9
2025-12-02 20:00:00,4.16,8.7
2025-12-02 21:00:00,4.21,8.4
2025-12-02 22:00:00,3.85,8.3
2025-12-02 23:00:00,3.5,7.7
2025-12-03 00:00:00,3.1,6.8
2025-12-03 01:00:00,2.96,6.1
2025-12-03 02:00:00,2.82,6.1
2025-12-03 03:00:00,2.86,5.7
2025-12-03 04:00:00,2.91,5.6
2025-12-03 05:00:00,2.67,5.7
2025-12-03 06:00:00,2.23,5.1
2025-12-03 07:00:00,2.14,4.2
2025-12-03 08:00:00,2.08,4.0
2025-12-03 09:00:00,2.11,4.1
2025-12-03 10:00:00,1.85,4.0
2025-12-03 11:00:00,2.37,4.3
2025-12-03 12:00:00,2.82,5.4
2025-12-03 13:00:00,3.18,7.1
2025-12-03 14:00:00,2.84,6.3
2025-12-03 15:00:00,3.08,6.1
2025-12-03 16:00:00,2.55,6.1
2025-12-03 17:00:00,1.97,4.8
2025-12-03 18:00:00,2.11,3.9
2025-12-03 19:00:00,2.02,4.0
2025-12-03 20:00:00,1.92,3.7
2025-12-03 21:00:00,2.1,3.8
2025-12-03 22:00:00,2.09,3.9
2025-12-03 23:00:00,2.44,4.6
2025-12-04 00:00:00,2.19,4.6
2025-12-04 01:00:00,2.19,4.1
2025-12-04 02:00:00,2.2,4.1
2025-12-04 03:00:00,2.38,4.3
2025-12-04 04:00:00,2.51,4.6
2025-12-04 05:00:00,2.48,4.6
2025-12-04 06:00:00,2.74,4.9
2025-12-04 07:00:00,2.93,5.4
2025-12-04 08:00:00,2.71,5.8
2025-12-04 09:00:00,3.18,6.0
2025-12-04 10:00:00,3.34,6.2
2025-12-04 11:00:00,3.66,6.8
2025-12-04 12:00:00,3.71,7.2
2025-12-04 13:00:00,3.42,7.0
2025-12-04 14:00:00,3.07,6.7
2025-12-04 15:00:00,3.03,6.0
2025-12-04 16:00:00,3.05,5.7
2025-12-04 17:00:00,2.83,5.7
2025-12-04 18:00:00,2.76,5.3
2025-12-04 19:00:00,2.59,5.2
2025-12-04 20:00:00,2.55,5.1
2025-12-04 21:00:00,2.65,5.2
2025-12-04 22:00:00,2.41,5.0
2025-12-04 23:00:00,2.36,4.5
2025-12-05 00:00:00,1.97,4.5
2025-12-05 01:00:00,1.72,3.7
2025-12-05 02:00:00,1.98,3.1
2025-12-05 03:00:00,2.02,3.9
2025-12-05 04:00:00,1.68,3.8
2025-12-05 05:00:00,1.5,3.2
2025-12-05 06:00:00,1.93,3.6
2025-12-05 07:00:00,2.02,3.8
2025-12-05 08:00:00,1.72,3.8
2025-12-05 09:00:00,2.02,3.7
2025-12-05 10:00:00,2.46,4.6
2025-12-05 11:00:00,2.4,4.7
2025-12-05 12:00:00,2.45,5.1
2025-12-05 13:00:00,2.56,5.4
2025-12-05 14:00:00,1.66,5.2
2025-12-05 15:00:00,1.99,3.9
2025-12-05 16:00:00,2.61,4.9
2025-12-05 17:00:00,2.98,5.7
2025-12-05 18:00:00,2.97,5.7
2025-12-05 19:00:00,2.85,5.5
2025-12-05 20:00:00,2.85,5.3
2025-12-05 21:00:00,2.77,5.0
2025-12-05 22:00:00,3.05,5.6
2025-12-05 23:00:00,2.9,5.7
2025-12-06 00:00:00,2.6,5.3
2025-12-06 01:00:00,2.67,4.8
2025-12-06 02:00:00,1.64,4.9
2025-12-06 03:00:00,1.83,3.4
2025-12-06 04:00:00,1.56,3.2
2025-12-06 05:00:00,1.62,2.9
2025-12-06 06:00:00,1.89,3.3
2025-12-06 07:00:00,2.07,3.6
2025-12-06 08:00:00,2.25,4.0
2025-12-06 09:00:00,2.43,4.3
2025-12-06 10:00:00,3.25,5.8
2025-12-06 11:00:00,3.43,6.8
2025-12-06 12:00:00,2.99,6.5
2025-12-06 13:00:00,3.49,7.2
2025-12-06 14:00:00,3.01,8.3
2025-12-06 15:00:00,2.61,6.0
2025-12-06 16:00:00,1.82,5.1
2025-12-06 17:00:00,2.34,4.4
2025-12-06 18:00:00,2.33,4.9
2025-12-06 19:00:00,3.0,5.8
2025-12-06 20:00:00,3.19,6.4
2025-12-06 21:00:00,3.34,6.9
2025-12-06 22:00:00,2.98,6.6
2025-12-06 23:00:00,2.91,5.8
2025-12-07 00:00:00,2.98,5.8
2025-12-07 01:00:00,3.09,6.0
2025-12-07 02:00:00,3.03,6.3
2025-12-07 03:00:00,3.3,6.4
2025-12-07 04:00:00,3.36,6.7
2025-12-07 05:00:00,3.2,6.5
2025-12-07 06:00:00,3.34,6.5
2025-12-07 07:00:00,3.09,6.5
2025-12-07 08:00:00,2.8,5.9
2025-12-07 09:00:00,3.16,6.0
2025-12-07 10:00:00,3.01,6.1
2025-12-07 11:00:00,3.01,5.8
2025-12-07 12:00:00,3.04,6.0
2025-12-07 13:00:00,2.9,6.1
2025-12-07 14:00:00,2.9,5.9
2025-12-07 15:00:00,3.28,6.2
2025-12-07 16:00:00,2.86,6.1
2025-12-07 17:00:00,3.25,5.7
2025-12-07 18:00:00,2.98,6.1
2025-12-07 19:00:00,2.38,5.4
2025-12-07 20:00:00,2.83,4.7
2025-12-07 21:00:00,3.23,5.8
2025-12-07 22:00:00,3.4,6.3
2025-12-07 23:00:00,3.23,6.2
2025-12-08 00:00:00,3.13,5.9
2025-12-08 01:00:00,3.18,5.8
2025-12-08 02:00:00,2.55,6.3
2025-12-08 03:00:00,3.72,6.8
2025-12-08 04:00:00,4.07,7.5
2025-12-08 05:00:00,4.27,7.9
2025-12-08 06:00:00,4.67,8.8
2025-12-08 07:00:00,5.08,9.8
2025-12-08 08:00:00,5.39,11.0
2025-12-08 09:00:00,6.24,12.0
2025-12-08 10:00:00,5.97,12.2
2025-12-08 11:00:00,5.44,11.5
2025-12-08 12:00:00,4.7,10.4
2025-12-08 13:00:00,5.66,10.7
2025-12-08 14:00:00,5.97,12.4
2025-12-08 15:00:00,6.63,13.1
2025-12-08 16:00:00,6.75,13.4
2025-12-08 17:00:00,7.21,14.5
2025-12-08 18:00:00,7.43,15.0
2025-12-08 19:00:00,7.45,15.3
2025-12-08 20:00:00,6.66,15.0
2025-12-08 21:00:00,6.04,13.4
2025-12-08 22:00:00,5.82,12.0
2025-12-08 23:00:00,5.5,11.8
2025-12-09 00:00:00,5.48,10.8
2025-12-09 01:00:00,5.02,11.0
2025-12-09 02:00:00,5.77,10.9
2025-12-09 03:00:00,6.13,12.1
2025-12-09 04:00:00,5.69,12.1
2025-12-09 05:00:00,5.26,11.3
2025-12-09 06:00:00,5.21,10.5
2025-12-09 07:00:00,5.69,11.3
2025-12-09 08:00:00,5.88,11.6
2025-12-09 09:00:00,5.72,11.9
2025-12-09 10:00:00,5.52,11.3
2025-12-09 11:00:00,5.07,10.9
2025-12-09 12:00:00,4.86,10.1
2025-12-09 13:00:00,4.62,9.9
2025-12-09 14:00:00,4.85,9.7
2025-12-09 15:00:00,4.43,9.9
2025-12-09 16:00:00,3.71,8.7
2025-12-09 17:00:00,3.09,7.2
2025-12-09 18:00:00,2.93,5.9
2025-12-09 19:00:00,2.55,5.6
2025-12-09 20:00:00,1.85,4.8
2025-12-09 21:00:00,2.18,4.1
2025-12-09 22:00:00,1.84,4.0
2025-12-09 23:00:00,2.31,4.1
2025-12-10 00:00:00,3.02,5.5
2025-12-10 01:00:00,3.26,5.9
2025-12-10 02:00:00,3.39,7.0
2025-12-10 03:00:00,4.19,7.9
2025-12-10 04:00:00,4.57,8.5
2025-12-10 05:00:00,4.55,8.7
2025-12-10 06:00:00,4.84,9.0
2025-12-10 07:00:00,4.91,9.3
2025-12-10 08:00:00,4.57,9.3
2025-12-10 09:00:00,4.77,9.0
2025-12-10 10:00:00,4.69,9.0
2025-12-10 11:00:00,4.92,9.2
2025-12-10 12:00:00,5.15,9.9
2025-12-10 13:00:00,5.08,10.0
2025-12-10 14:00:00,5.0,10.4
2025-12-10 15:00:00,4.93,10.1
2025-12-10 16:00:00,4.7,9.7
2025-12-10 17:00:00,4.8,9.4
2025-12-10 18:00:00,4.76,9.7
2025-12-10 19:00:00,4.69,9.4
2025-12-10 20:00:00,4.87,10.0
2025-12-10 21:00:00,5.33,10.7
2025-12-10 22:00:00,5.21,10.6
2025-12-10 23:00:00,5.38,10.6
2025-12-11 00:00:00,6.66,12.9
2025-12-11 01:00:00,5.69,13.1
2025-12-11 02:00:00,5.57,11.8
2025-12-11 03:00:00,6.71,13.0
2025-12-11 04:00:00,6.11,13.1
2025-12-11 05:00:00,6.03,12.2
2025-12-11 06:00:00,6.09,12.2
2025-12-11 07:00:00,6.21,12.7
2025-12-11 08:00:00,5.86,12.4
2025-12-11 09:00:00,5.8,11.6
2025-12-11 10:00:00,5.8,11.6
2025-12-11 11:00:00,5.95,11.9
2025-12-11 12:00:00,6.34,12.8
2025-12-11 13:00:00,6.67,13.5
2025-12-11 14:00:00,5.84,13.5
2025-12-11 15:00:00,6.08,12.1
2025-12-11 16:00:00,5.89,12.1
2025-12-11 17:00:00,6.39,12.5
2025-12-11 18:00:00,7.18,14.0
2025-12-11 19:00:00,6.4,14.0
2025-12-11 20:00:00,6.31,12.5
2025-12-11 21:00:00,6.32,12.6
2025-12-11 22:00:00,5.89,12.5
2025-12-11 23:00:00,5.17,11.6
2025-12-12 00:00:00,4.82,10.2
2025-12-12 01:00:00,4.4,9.5
2025-12-12 02:00:00,4.14,8.7
2025-12-12 03:00:00,4.21,8.3
2025-12-12 04:00:00,4.02,8.3
2025-12-12 05:00:00,3.64,7.9
2025-12-12 06:00:00,3.19,7.1
2025-12-12 07:00:00,3.31,6.4
2025-12-12 08:00:00,3.15,6.6
2025-12-12 09:00:00,3.16,6.3
2025-12-12 10:00:00,2.87,6.2
2025-12-12 11:00:00,2.94,5.8
2025-12-12 12:00:00,3.11,6.8
2025-12-12 13:00:00,2.73,6.8
2025-12-12 14:00:00,1.86,5.7
2025-12-12 15:00:00,1.5,3.4
2025-12-12 16:00:00,1.82,3.2
2025-12-12 17:00:00,2.01,3.5
2025-12-12 18:00:00,1.59,3.6
2025-12-12 19:00:00,1.57,2.7
2025-12-12 20:00:00,1.7,2.8
2025-12-12 21:00:00,1.45,3.0
2025-12-12 22:00:00,1.03,2.5
2025-12-12 23:00:00,0.99,1.9
2025-12-13 00:00:00,1.29,2.4
2025-12-13 01:00:00,1.68,3.0
2025-12-13 02:00:00,2.01,3.2
2025-12-13 03:00:00,1.63,3.8
2025-12-13 04:00:00,1.52,3.1
2025-12-13 05:00:00,1.7,3.2
2025-12-13 06:00:00,1.87,3.5
2025-12-13 07:00:00,2.57,5.0
2025-12-13 08:00:00,2.82,5.4
2025-12-13 09:00:00,3.26,6.5
2025-12-13 10:00:00,3.42,7.0
2025-12-13 11:00:00,3.28,7.2
2025-12-13 12:00:00,3.64,7.5
2025-12-13 13:00:00,2.92,7.8
2025-12-13 14:00:00,3.41,6.3
2025-12-13 15:00:00,3.21,6.4
2025-12-13 16:00:00,2.97,5.8
2025-12-13 17:00:00,3.69,6.7
2025-12-13 18:00:00,4.56,8.6
2025-12-13 19:00:00,4.67,9.0
2025-12-13 20:00:00,4.32,9.1
2025-12-13 21:00:00,4.11,8.3
2025-12-13 22:00:00,4.0,8.0
2025-12-13 23:00:00,3.71,7.8
2025-12-14 00:00:00,3.99,8.0
2025-12-14 01:00:00,4.01,7.9
2025-12-14 02:00:00,4.07,8.4
2025-12-14 03:00:00,4.18,8.4
2025-12-14 04:00:00,3.94,8.5
2025-12-14 05:00:00,4.05,8.2
2025-12-14 06:00:00,3.67,8.1
2025-12-14 07:00:00,4.04,8.1
2025-12-14 08:00:00,4.14,9.2
2025-12-14 09:00:00,4.49,9.6
2025-12-14 10:00:00,4.53,9.7
2025-12-14 11:00:00,4.67,10.2
2025-12-14 12:00:00,5.76,11.5
2025-12-14 13:00:00,5.74,11.9
2025-12-14 14:00:00,5.61,11.7
2025-12-14 15:00:00,6.24,12.3
2025-12-14 16:00:00,6.38,12.4
2025-12-14 17:00:00,6.33,12.5
2025-12-14 18:00:00,5.97,12.5
2025-12-14 19:00:00,5.21,11.7
2025-12-14 20:00:00,4.9,10.3
2025-12-14 21:00:00,4.94,10.0
2025-12-14 22:00:00,5.01,10.0
2025-12-14 23:00:00,4.99,10.0
2025-12-15 00:00:00,5.41,10.7
2025-12-15 01:00:00,5.39,10.9
2025-12-15 02:00:00,5.01,10.8
2025-12-15 03:00:00,4.99,10.0
2025-12-15 04:00:00,4.9,10.1
2025-12-15 05:00:00,4.63,9.8
2025-12-15 06:00:00,4.65,9.3
2025-12-15 07:00:00,4.53,9.4
2025-12-15 08:00:00,4.42,9.2
2025-12-15 09:00:00,4.35,8.9
2025-12-15 10:00:00,4.43,8.9
2025-12-15 11:00:00,4.87,9.5
2025-12-15 12:00:00,5.42,11.7
2025-12-15 13:00:00,5.61,11.8
2025-12-15 14:00:00,5.19,12.4
2025-12-15 15:00:00,4.36,10.3
2025-12-15 16:00:00,4.01,8.7
2025-12-15 17:00:00,3.95,8.1
2025-12-15 18:00:00,3.85,7.9
2025-12-15 19:00:00,3.74,7.6
2025-12-15 20:00:00,3.92,7.4
2025-12-15 21:00:00,3.91,7.5
2025-12-15 22:00:00,3.98,7.8
2025-12-15 23:00:00,4.4,8.9
2025-12-16 00:00:00,4.12,9.0
2025-12-16 01:00:00,3.57,8.3
2025-12-16 02:00:00,3.12,7.6
2025-12-16 03:00:00,3.22,8.0
2025-12-16 04:00:00,2.59,6.7
2025-12-16 05:00:00,2.78,6.0
2025-12-16 06:00:00,2.93,5.7
2025-12-16 07:00:00,3.15,6.1
2025-12-16 08:00:00,2.86,6.8
2025-12-16 09:00:00,2.61,6.5
2025-12-16 10:00:00,2.84,5.7
2025-12-16 11:00:00,2.6,5.6
2025-12-16 12:00:00,2.85,5.8
2025-12-16 13:00:00,2.6,6.0
2025-12-16 14:00:00,3.02,6.3
2025-12-16 15:00:00,2.87,6.4
2025-12-16 16:00:00,2.11,5.8
2025-12-16 17:00:00,2.16,4.0
2025-12-16 18:00:00,2.64,5.0
2025-12-16 19:00:00,2.78,5.5
2025-12-16 20:00:00,3.0,5.7
2025-12-16 21:00:00,3.11,6.0
2025-12-16 22:00:00,2.61,5.9
2025-12-16 23:00:00,2.94,5.4
2025-12-17 00:00:00,3.52,6.7
2025-12-17 01:00:00,3.72,7.2
2025-12-17 02:00:00,3.85,7.0
2025-12-17 03:00:00,3.47,7.0
2025-12-17 04:00:00,3.43,6.5
2025-12-17 05:00:00,3.39,6.5
2025-12-17 06:00:00,3.61,6.7
2025-12-17 07:00:00,3.32,6.8
2025-12-17 08:00:00,3.34,6.2
2025-12-17 09:00:00,3.22,6.1
2025-12-17 10:00:00,3.16,5.9
2025-12-17 11:00:00,3.06,5.8
2025-12-17 12:00:00,3.0,5.6
2025-12-17 13:00:00,2.49,5.5
2025-12-17 14:00:00,2.73,7.9
2025-12-17 15:00:00,2.73,5.4
2025-12-17 16:00:00,2.26,4.8
2025-12-17 17:00:00,2.28,4.0
2025-12-17 18:00:00,2.1,4.2
2025-12-17 19:00:00,1.77,3.7
2025-12-17 20:00:00,1.36,3.1
2025-12-17 21:00:00,1.22,2.3
2025-12-17 22:00:00,1.38,2.4
2025-12-17 23:00:00,1.86,3.2
2025-12-18 00:00:00,1.8,3.5
2025-12-18 01:00:00,1.87,3.2
2025-12-18 02:00:00,2.43,4.5
2025-12-18 03:00:00,2.45,4.6
2025-12-18 04:00:00,3.02,5.6
2025-12-18 05:00:00,3.24,6.3
2025-12-18 06:00:00,3.01,6.0
2025-12-18 07:00:00,3.2,6.3
2025-12-18 08:00:00,3.37,6.1
2025-12-18 09:00:00,4.05,7.6
2025-12-18 10:00:00,4.01,7.6
2025-12-18 11:00:00,4.42,8.4
2025-12-18 12:00:00,4.68,9.0
2025-12-18 13:00:00,5.0,9.8
2025-12-18 14:00:00,4.71,10.2
2025-12-18 15:00:00,4.61,9.4
2025-12-18 16:00:00,4.32,9.1
2025-12-18 17:00:00,4.21,8.5
2025-12-18 18:00:00,3.98,8.2
2025-12-18 19:00:00,3.87,7.9
2025-12-18 20:00:00,3.45,7.7
2025-12-18 21:00:00,3.41,6.7
2025-12-18 22:00:00,3.68,7.2
2025-12-18 23:00:00,3.81,7.5
2025-12-19 00:00:00,4.05,8.0
2025-12-19 01:00:00,4.35,8.6
2025-12-19 02:00:00,4.51,9.0
2025-12-19 03:00:00,5.0,9.7
2025-12-19 04:00:00,5.49,10.9
2025-12-19 05:00:00,5.37,10.9
2025-12-19 06:00:00,5.11,10.8
2025-12-19 07:00:00,4.84,10.2
2025-12-19 08:00:00,4.26,9.6
2025-12-19 09:00:00,4.24,8.3
2025-12-19 10:00:00,4.3,8.3
2025-12-19 11:00:00,4.54,8.9
2025-12-19 12:00:00,4.43,8.8
2025-12-19 13:00:00,4.32,8.9
2025-12-19 14:00:00,4.3,8.6
2025-12-19 15:00:00,4.37,8.7
2025-12-19 16:00:00,4.19,8.6
2025-12-19 17:00:00,4.03,8.1
2025-12-19 18:00:00,3.94,7.8
2025-12-19 19:00:00,3.63,7.5
2025-12-19 20:00:00,3.58,7.0
2025-12-19 21:00:00,3.41,7.0
2025-12-19 22:00:00,3.5,6.6
2025-12-19 23:00:00,3.98,7.6
2025-12-20 00:00:00,4.14,8.1
2025-12-20 01:00:00,4.04,8.1
2025-12-20 02:00:00,3.75,8.0
2025-12-20 03:00:00,4.07,8.1
2025-12-20 04:00:00,4.12,8.0
2025-12-20 05:00:00,4.08,8.0
2025-12-20 06:00:00,4.32,8.5
2025-12-20 07:00:00,4.48,8.9
2025-12-20 08:00:00,4.72,9.5
2025-12-20 09:00:00,4.78,9.8
2025-12-20 10:00:00,4.77,9.7
2025-12-20 11:00:00,4.66,9.6
2025-12-20 12:00:00,5.01,10.0
2025-12-20 13:00:00,5.32,10.5
2025-12-20 14:00:00,4.57,10.8
2025-12-20 15:00:00,5.0,10.1
2025-12-20 16:00:00,4.84,10.2
2025-12-20 17:00:00,4.26,9.7
2025-12-20 18:00:00,3.75,8.4
2025-12-20 19:00:00,3.87,7.6
2025-12-20 20:00:00,4.14,8.2
2025-12-20 21:00:00,4.11,8.4
2025-12-20 22:00:00,3.85,8.2
2025-12-20 23:00:00,3.61,7.6
2025-12-21 00:00:00,3.41,7.1
2025-12-21 01:00:00,3.4,6.8
2025-12-21 02:00:00,3.45,6.8
2025-12-21 03:00:00,3.11,6.9
2025-12-21 04:00:00,2.72,6.2
2025-12-21 05:00:00,2.5,5.4
2025-12-21 06:00:00,2.52,5.0
2025-12-21 07:00:00,2.66,5.1
2025-12-21 08:00:00,2.48,5.1
2025-12-21 09:00:00,1.8,4.6
2025-12-21 10:00:00,1.88,3.6
2025-12-21 11:00:00,2.62,5.7
2025-12-21 12:00:00,2.41,5.7
2025-12-21 13:00:00,1.84,5.6
2025-12-21 14:00:00,1.81,4.2
2025-12-21 15:00:00,1.53,4.0
2025-12-21 16:00:00,1.35,3.2
2025-12-21 17:00:00,1.38,2.8
2025-12-21 18:00:00,1.21,2.7
2025-12-21 19:00:00,0.86,2.3
2025-12-21 20:00:00,1.03,2.1
2025-12-21 21:00:00,1.21,2.4
2025-12-21 22:00:00,0.85,2.4
2025-12-21 23:00:00,0.68,1.8
2025-12-22 00:00:00,1.0,2.0
2025-12-22 01:00:00,1.36,2.6
2025-12-22 02:00:00,1.53,2.8
2025-12-22 03:00:00,1.42,3.2
2025-12-22 04:00:00,1.34,2.8
2025-12-22 05:00:00,1.21,2.7
2025-12-22 06:00:00,1.08,2.5
2025-12-22 07:00:00,1.07,2.1
2025-12-22 08:00:00,1.35,2.4
2025-12-22 09:00:00,1.22,2.6
2025-12-22 10:00:00,1.34,2.8
2025-12-22 11:00:00,1.36,2.8
2025-12-22 12:00:00,1.15,2.6
2025-12-22 13:00:00,0.86,2.3
2025-12-22 14:00:00,0.86,2.1
2025-12-22 15:00:00,0.7,2.0
2025-12-22 16:00:00,1.21,2.5
2025-12-22 17:00:00,1.42,2.9
2025-12-22 18:00:00,1.66,3.3
2025-12-22 19:00:00,2.07,3.8
2025-12-22 20:00:00,2.8,4.8
2025-12-22 21:00:00,2.62,5.4
2025-12-22 22:00:00,2.6,5.7
2025-12-22 23:00:00,2.8,5.8
2025-12-23 00:00:00,2.47,5.9
2025-12-23 01:00:00,1.98,5.0
2025-12-23 02:00:00,2.57,3.9
2025-12-23 03:00:00,2.96,5.8
2025-12-23 04:00:00,3.15,6.2
2025-12-23 05:00:00,3.34,6.5
2025-12-23 06:00:00,3.75,7.3
2025-12-23 07:00:00,4.08,8.2
2025-12-23 08:00:00,4.04,8.1
2025-12-23 09:00:00,3.89,8.1
2025-12-23 10:00:00,3.82,8.2
2025-12-23 11:00:00,4.71,9.5
2025-12-23 12:00:00,5.13,10.5
2025-12-23 13:00:00,5.05,11.1
2025-12-23 14:00:00,4.19,10.5
2025-12-23 15:00:00,3.24,8.8
2025-12-23 16:00:00,3.03,6.4
2025-12-23 17:00:00,3.58,7.6
2025-12-23 18:00:00,3.58,8.4
2025-12-23 19:00:00,2.33,7.4
2025-12-23 20:00:00,3.38,6.6
2025-12-23 21:00:00,3.7,7.9
2025-12-23 22:00:00,3.61,8.4
2025-12-23 23:00:00,2.74,7.6
2025-12-24 00:00:00,2.3,5.8
2025-12-24 01:00:00,1.89,5.0
2025-12-24 02:00:00,1.61,4.1
2025-12-24 03:00:00,0.9,3.5
2025-12-24 04:00:00,0.57,2.2
2025-12-24 05:00:00,0.67,1.8
2025-12-24 06:00:00,0.76,1.9
2025-12-24 07:00:00,1.03,2.6
2025-12-24 08:00:00,1.77,3.7
2025-12-24 09:00:00,1.57,4.0
2025-12-24 10:00:00,1.34,3.6
2025-12-24 11:00:00,1.43,3.3
2025-12-24 12:00:00,1.57,3.9
2025-12-24 13:00:00,1.52,4.0
2025-12-24 14:00:00,1.92,4.0
2025-12-24 15:00:00,1.98,4.7
2025-12-24 16:00:00,2.14,4.8
2025-12-24 17:00:00,2.35,5.2
2025-12-24 18:00:00,2.18,5.3
2025-12-24 19:00:00,2.0,4.8
2025-12-24 20:00:00,1.92,4.5
2025-12-24 21:00:00,1.81,4.5
2025-12-24 22:00:00,1.57,4.2
2025-12-24 23:00:00,1.95,4.4
2025-12-25 00:00:00,1.98,4.8
2025-12-25 01:00:00,1.8,4.4
2025-12-25 02:00:00,2.15,4.3
2025-12-25 03:00:00,2.29,5.1
2025-12-25 04:00:00,2.45,5.5
2025-12-25 05:00:00,2.58,5.9
2025-12-25 06:00:00,2.56,5.8
2025-12-25 07:00:00,2.5,5.7
2025-12-25 08:00:00,3.45,7.0
2025-12-25 09:00:00,3.54,7.4
2025-12-25 10:00:00,3.89,8.1
2025-12-25 11:00:00,3.96,8.3
2025-12-25 12:00:00,4.46,9.3
2025-12-25 13:00:00,4.54,9.5
2025-12-25 14:00:00,4.65,9.3
2025-12-25 15:00:00,4.35,9.6
2025-12-25 16:00:00,3.98,9.5
2025-12-25 17:00:00,3.91,7.9
2025-12-25 18:00:00,4.06,8.0
2025-12-25 19:00:00,4.16,8.3
2025-12-25 20:00:00,4.15,8.5
2025-12-25 21:00:00,4.23,8.3
2025-12-25 22:00:00,4.07,8.4
2025-12-25 23:00:00,3.87,8.0
2025-12-26 00:00:00,3.8,7.6
2025-12-26 01:00:00,3.87,7.5
2025-12-26 02:00:00,3.93,7.7
2025-12-26 03:00:00,3.64,7.2
2025-12-26 04:00:00,3.52,6.8
2025-12-26 05:00:00,3.26,6.6
2025-12-26 06:00:00,3.19,6.0
2025-12-26 07:00:00,2.86,5.8
2025-12-26 08:00:00,3.11,5.1
2025-12-26 09:00:00,2.2,5.4
2025-12-26 10:00:00,1.89,4.1
2025-12-26 11:00:00,2.4,4.1
2025-12-26 12:00:00,2.52,4.5
2025-12-26 13:00:00,2.5,4.6
2025-12-26 14:00:00,2.13,4.5
2025-12-26 15:00:00,2.16,4.1
2025-12-26 16:00:00,1.93,3.6
2025-12-26 17:00:00,1.68,3.2
2025-12-26 18:00:00,1.75,3.1
2025-12-26 19:00:00,1.75,3.2
2025-12-26 20:00:00,1.52,3.0
2025-12-26 21:00:00,1.61,2.8
2025-12-26 22:00:00,1.8,3.2
2025-12-26 23:00:00,1.91,3.4
2025-12-27 00:00:00,2.32,4.2
2025-12-27 01:00:00,2.85,5.3
2025-12-27 02:00:00,3.52,5.8
2025-12-27 03:00:00,2.9,6.2
2025-12-27 04:00:00,3.35,6.3
2025-12-27 05:00:00,3.76,7.0
2025-12-27 06:00:00,4.75,8.7
2025-12-27 07:00:00,4.82,9.0
2025-12-27 08:00:00,4.88,8.9
2025-12-27 09:00:00,5.12,9.9
2025-12-27 10:00:00,4.61,9.6
2025-12-27 11:00:00,4.98,9.3
2025-12-27 12:00:00,4.8,9.2
2025-12-27 13:00:00,5.98,11.5
2025-12-27 14:00:00,4.82,13.6
2025-12-27 15:00:00,5.48,10.7
2025-12-27 16:00:00,6.55,13.0
2025-12-27 17:00:00,6.62,13.2
2025-12-27 18:00:00,6.69,13.3
2025-12-27 19:00:00,7.35,14.7
2025-12-27 20:00:00,7.33,15.4
2025-12-27 21:00:00,7.27,15.0
2025-12-27 22:00:00,7.0,14.7
2025-12-27 23:00:00,7.12,14.4
2025-12-28 00:00:00,7.35,14.8
2025-12-28 01:00:00,7.64,15.5
2025-12-28 02:00:00,6.66,15.4
2025-12-28 03:00:00,6.39,13.3
2025-12-28 04:00:00,6.04,12.8
2025-12-28 05:00:00,5.46,12.1
2025-12-28 06:00:00,4.7,10.9
2025-12-28 07:00:00,4.44,9.3
2025-12-28 08:00:00,4.29,8.8
2025-12-28 09:00:00,3.34,8.2
2025-12-28 10:00:00,3.39,6.6
2025-12-28 11:00:00,3.39,6.6
2025-12-28 12:00:00,2.7,6.6
2025-12-28 13:00:00,3.42,7.2
2025-12-28 14:00:00,2.56,7.0
2025-12-28 15:00:00,3.64,7.3
2025-12-28 16:00:00,3.14,7.1
2025-12-28 17:00:00,3.18,5.9
2025-12-28 18:00:00,3.25,5.4
2025-12-28 19:00:00,3.5,6.0
2025-12-28 20:00:00,2.77,6.0
2025-12-28 21:00:00,2.96,5.3
2025-12-28 22:00:00,3.06,5.7
2025-12-28 23:00:00,3.26,5.6
2025-12-29 00:00:00,2.91,6.1
2025-12-29 01:00:00,3.07,5.7
2025-12-29 02:00:00,3.0,6.0
2025-12-29 03:00:00,3.55,6.4
2025-12-29 04:00:00,4.68,8.6
2025-12-29 05:00:00,4.78,9.4
2025-12-29 06:00:00,4.71,9.4
2025-12-29 07:00:00,4.32,9.1
2025-12-29 08:00:00,4.49,8.9
2025-12-29 09:00:00,4.68,9.1
2025-12-29 10:00:00,4.65,9.1
2025-12-29 11:00:00,5.15,10.1
2025-12-29 12:00:00,5.82,11.7
2025-12-29 13:00:00,6.26,12.6
2025-12-29 14:00:00,5.45,13.2
2025-12-29 15:00:00,5.98,12.2
2025-12-29 16:00:00,5.69,12.3
2025-12-29 17:00:00,5.58,11.6
2025-12-29 18:00:00,5.87,11.8
2025-12-29 19:00:00,6.06,12.3
2025-12-29 20:00:00,6.69,13.2
2025-12-29 21:00:00,6.7,13.8
2025-12-29 22:00:00,6.67,13.7
2025-12-29 23:00:00,6.51,13.7
2025-12-30 00:00:00,6.21,13.2
2025-12-30 01:00:00,6.04,12.6
2025-12-30 02:00:00,5.33,12.2
2025-12-30 03:00:00,4.94,10.6
2025-12-30 04:00:00,5.03,10.3
2025-12-30 05:00:00,5.76,11.6
2025-12-30 06:00:00,6.16,12.5
2025-12-30 07:00:00,6.55,13.3
2025-12-30 08:00:00,6.55,13.6
2025-12-30 09:00:00,6.38,13.3
2025-12-30 10:00:00,6.44,13.1
2025-12-30 11:00:00,6.55,13.2
2025-12-30 12:00:00,5.99,13.3
2025-12-30 13:00:00,6.37,13.4
2025-12-30 14:00:00,6.92,16.0
2025-12-30 15:00:00,6.15,14.2
2025-12-30 16:00:00,5.8,12.9
2025-12-30 17:00:00,5.65,11.8
2025-12-30 18:00:00,5.51,11.4
2025-12-30 19:00:00,5.29,11.0
2025-12-30 20:00:00,4.9,10.6
2025-12-30 21:00:00,4.47,9.8
2025-12-30 22:00:00,4.03,9.0
2025-12-30 23:00:00,4.2,8.3
2025-12-31 00:00:00,3.85,8.3
2025-12-31 01:00:00,3.04,7.5
2025-12-31 02:00:00,2.37,5.8
2025-12-31 03:00:00,2.41,4.5
2025-12-31 04:00:00,2.5,4.9
2025-12-31 05:00:00,2.31,4.7
2025-12-31 06:00:00,1.61,4.2
2025-12-31 07:00:00,1.31,3.0
2025-12-31 08:00:00,1.7,3.0
2025-12-31 09:00:00,1.36,3.1
2025-12-31 10:00:00,1.1,2.5
2025-12-31 11:00:00,1.42,2.8
2025-12-31 12:00:00,1.22,3.2
2025-12-31 13:00:00,1.64,3.9
2025-12-31 14:00:00,1.7,4.6
2025-12-31 15:00:00,1.92,4.8
2025-12-31 16:00:00,0.97,3.8
2025-12-31 17:00:00,0.63,1.8
2025-12-31 18:00:00,0.22,1.2
2025-12-31 19:00:00,0.05,0.4
2025-12-31 20:00:00,1.04,1.2
2025-12-31 21:00:00,1.49,2.8
2025-12-31 22:00:00,2.34,4.3
2025-12-31 23:00:00,2.98,5.5
2026-01-01 00:00:00,3.46,6.6
2026-01-01 01:00:00,3.54,6.9
2026-01-01 02:00:00,3.89,7.4
2026-01-01 03:00:00,4.64,9.0
2026-01-01 04:00:00,5.33,10.7
2026-01-01 05:00:00,5.31,10.6
2026-01-01 06:00:00,5.03,10.8
2026-01-01 07:00:00,5.48,10.9
2026-01-01 08:00:00,5.63,13.0
2026-01-01 09:00:00,6.02,11.8
2026-01-01 10:00:00,5.53,11.6
2026-01-01 11:00:00,5.69,10.9
2026-01-01 12:00:00,5.3,11.0
2026-01-01 13:00:00,5.59,10.7
2026-01-01 14:00:00,5.23,10.4
2026-01-01 15:00:00,5.02,10.7
2026-01-01 16:00:00,4.81,10.1
2026-01-01 17:00:00,5.0,9.2
2026-01-01 18:00:00,5.46,10.7
2026-01-01 19:00:00,5.12,10.5
2026-01-01 20:00:00,3.71,9.9
2026-01-01 21:00:00,3.67,7.0
2026-01-01 22:00:00,3.0,6.8
2026-01-01 23:00:00,2.96,5.8
2026-01-02 00:00:00,3.23,5.7
2026-01-02 01:00:00,3.05,6.2
2026-01-02 02:00:00,4.35,6.0
2026-01-02 03:00:00,3.77,8.3
2026-01-02 04:00:00,3.91,7.3
2026-01-02 05:00:00,3.86,7.6
2026-01-02 06:00:00,3.18,7.3
2026-01-02 07:00:00,2.5,5.9
2026-01-02 08:00:00,2.23,4.6
2026-01-02 09:00:00,1.25,3.7
2026-01-02 10:00:00,1.15,2.3
2026-01-02 11:00:00,0.1,2.0
2026-01-02 12:00:00,1.17,2.5
2026-01-02 13:00:00,2.39,4.8
2026-01-02 14:00:00,2.4,6.2
2026-01-02 15:00:00,1.93,5.1
2026-01-02 16:00:00,1.42,4.2
2026-01-02 17:00:00,3.31,6.5
2026-01-02 18:00:00,2.26,6.9
2026-01-02 19:00:00,1.43,4.6
2026-01-02 20:00:00,0.07,2.8
2026-01-02 21:00:00,1.92,3.5
2026-01-02 22:00:00,3.4,6.5
2026-01-02 23:00:00,3.97,7.9
2026-01-03 00:00:00,3.97,8.1
2026-01-03 01:00:00,4.14,8.4
2026-01-03 02:00:00,4.92,9.4
2026-01-03 03:00:00,5.06,10.2
2026-01-03 04:00:00,4.69,10.0
2026-01-03 05:00:00,4.85,9.7
2026-01-03 06:00:00,5.37,10.8
2026-01-03 07:00:00,5.6,11.3
2026-01-03 08:00:00,5.61,11.4
2026-01-03 09:00:00,5.33,11.2
2026-01-03 10:00:00,4.97,10.5
2026-01-03 11:00:00,4.75,9.9
2026-01-03 12:00:00,4.52,9.4
2026-01-03 13:00:00,4.99,9.9
2026-01-03 14:00:00,4.52,9.9
2026-01-03 15:00:00,4.21,9.2
2026-01-03 16:00:00,4.32,8.9
2026-01-03 17:00:00,4.19,8.6
2026-01-03 18:00:00,4.14,8.4
2026-01-03 19:00:00,4.03,8.2
2026-01-03 20:00:00,3.83,8.0
2026-01-03 21:00:00,3.56,7.6
2026-01-03 22:00:00,3.41,7.0
2026-01-03 23:00:00,3.5,7.3
2026-01-04 00:00:00,3.24,7.2
2026-01-04 01:00:00,3.14,6.3
2026-01-04 02:00:00,3.15,6.2
2026-01-04 03:00:00,3.15,6.3
2026-01-04 04:00:00,3.08,6.2
2026-01-04 05:00:00,3.18,6.2
2026-01-04 06:00:00,3.25,6.3
2026-01-04 07:00:00,4.1,7.9
2026-01-04 08:00:00,4.1,8.1
2026-01-04 09:00:00,4.28,8.3
2026-01-04 10:00:00,4.35,8.5
2026-01-04 11:00:00,4.48,8.9
2026-01-04 12:00:00,3.84,9.2
2026-01-04 13:00:00,4.43,8.9
2026-01-04 14:00:00,4.08,9.0
2026-01-04 15:00:00,4.02,8.8
2026-01-04 16:00:00,3.57,8.5
2026-01-04 17:00:00,3.44,7.1
2026-01-04 18:00:00,3.22,6.7
2026-01-04 19:00:00,3.28,6.7
2026-01-04 20:00:00,2.69,6.7
2026-01-04 21:00:00,2.2,5.0
2026-01-04 22:00:00,2.66,5.2
2026-01-04 23:00:00,3.11,6.3
2026-01-05 00:00:00,2.93,6.3
2026-01-05 01:00:00,2.75,6.1
2026-01-05 02:00:00,2.1,5.9
2026-01-05 03:00:00,1.91,3.8
2026-01-05 04:00:00,2.97,6.0
2026-01-05 05:00:00,2.9,6.3
2026-01-05 06:00:00,1.48,5.6
2026-01-05 07:00:00,0.99,2.7
2026-01-05 08:00:00,1.2,2.9
2026-01-05 09:00:00,1.92,3.6
2026-01-05 10:00:00,1.49,3.7
2026-01-05 11:00:00,1.23,2.8
2026-01-05 12:00:00,1.35,3.1
2026-01-05 13:00:00,0.86,2.8
2026-01-05 14:00:00,0.42,2.1
2026-01-05 15:00:00,0.15,1.1
2026-01-05 16:00:00,0.47,1.1
2026-01-05 17:00:00,0.68,1.5
2026-01-05 18:00:00,1.68,2.8
2026-01-05 19:00:00,2.15,3.8
2026-01-05 20:00:00,2.22,4.3
2026-01-05 21:00:00,2.45,4.2
2026-01-05 22:00:00,2.5,4.4
2026-01-05 23:00:00,1.88,4.5
2026-01-06 00:00:00,2.27,4.0
2026-01-06 01:00:00,1.95,4.5
2026-01-06 02:00:00,1.63,3.6
2026-01-06 03:00:00,1.53,3.0
2026-01-06 04:00:00,1.57,2.8
2026-01-06 05:00:00,1.77,3.2
2026-01-06 06:00:00,1.86,3.3
2026-01-06 07:00:00,2.05,3.7
2026-01-06 08:00:00,1.7,3.6
2026-01-06 09:00:00,1.47,3.0
2026-01-06 10:00:00,1.35,2.7
2026-01-06 11:00:00,1.81,3.6
2026-01-06 12:00:00,1.23,3.9
2026-01-06 13:00:00,1.17,3.1
2026-01-06 14:00:00,1.52,3.2
2026-01-06 15:00:00,1.63,3.8
2026-01-06 16:00:00,1.38,3.8
2026-01-06 17:00:00,1.58,3.6
2026-01-06 18:00:00,1.5,3.6
2026-01-06 19:00:00,1.37,3.3
2026-01-06 20:00:00,1.01,3.0
2026-01-06 21:00:00,0.28,2.2
2026-01-06 22:00:00,0.22,1.0
2026-01-06 23:00:00,0.32,1.0
2026-01-07 00:00:00,0.6,1.7
2026-01-07 01:00:00,0.79,2.2
2026-01-07 02:00:00,0.92,2.3
2026-01-07 03:00:00,0.84,2.3
2026-01-07 04:00:00,1.38,2.8
2026-01-07 05:00:00,1.42,2.9
2026-01-07 06:00:00,2.56,4.5
2026-01-07 07:00:00,3.52,6.5
2026-01-07 08:00:00,4.29,7.2
2026-01-07 09:00:00,4.33,7.5
2026-01-07 10:00:00,3.92,7.8
2026-01-07 11:00:00,3.79,7.4
2026-01-07 12:00:00,2.87,7.0
2026-01-07 13:00:00,3.27,6.9
2026-01-07 14:00:00,3.69,7.0
2026-01-07 15:00:00,3.17,7.3
2026-01-07 16:00:00,3.34,6.4
2026-01-07 17:00:00,4.13,8.0
2026-01-07 18:00:00,4.1,8.1
2026-01-07 19:00:00,4.31,8.4
2026-01-07 20:00:00,4.27,8.4
2026-01-07 21:00:00,4.54,8.7
2026-01-07 22:00:00,5.25,10.1
2026-01-07 23:00:00,5.53,10.8
2026-01-08 00:00:00,5.69,11.1
2026-01-08 01:00:00,5.54,11.2
2026-01-08 02:00:00,5.34,10.8
2026-01-08 03:00:00,5.34,10.5
2026-01-08 04:00:00,5.26,10.4
2026-01-08 05:00:00,5.57,10.9
2026-01-08 06:00:00,5.76,11.3
2026-01-08 07:00:00,5.65,11.3
2026-01-08 08:00:00,5.2,11.0
2026-01-08 09:00:00,4.6,9.9
2026-01-08 10:00:00,4.27,8.8
2026-01-08 11:00:00,4.46,8.6
2026-01-08 12:00:00,4.57,9.1
2026-01-08 13:00:00,5.23,10.8
2026-01-08 14:00:00,5.05,11.4
2026-01-08 15:00:00,4.02,9.8
2026-01-08 16:00:00,3.7,8.2
2026-01-08 17:00:00,3.47,7.4
2026-01-08 18:00:00,3.39,6.9
2026-01-08 19:00:00,3.48,6.9
2026-01-08 20:00:00,3.36,7.0
2026-01-08 21:00:00,3.28,6.4
2026-01-08 22:00:00,3.05,6.3
2026-01-08 23:00:00,2.96,5.7
2026-01-09 00:00:00,2.93,5.7
2026-01-09 01:00:00,2.84,5.5
2026-01-09 02:00:00,3.69,5.5
2026-01-09 03:00:00,3.84,7.4
2026-01-09 04:00:00,3.86,7.5
2026-01-09 05:00:00,3.8,7.7
2026-01-09 06:00:00,3.85,7.4
2026-01-09 07:00:00,3.9,7.8
2026-01-09 08:00:00,4.21,7.6
2026-01-09 09:00:00,4.47,8.8
2026-01-09 10:00:00,4.21,8.7
2026-01-09 11:00:00,4.55,8.7
2026-01-09 12:00:00,5.81,11.0
2026-01-09 13:00:00,4.18,11.4
2026-01-09 14:00:00,5.36,11.6
2026-01-09 15:00:00,5.13,10.7
2026-01-09 16:00:00,5.01,10.3
2026-01-09 17:00:00,5.51,10.8
2026-01-09 18:00:00,5.65,11.1
2026-01-09 19:00:00,5.8,11.5
2026-01-09 20:00:00,4.87,11.5
2026-01-09 21:00:00,4.9,9.5
2026-01-09 22:00:00,4.96,9.8
2026-01-09 23:00:00,5.17,10.0
2026-01-10 00:00:00,5.11,10.2
2026-01-10 01:00:00,4.81,9.9
2026-01-10 02:00:00,4.82,9.3
2026-01-10 03:00:00,5.42,10.5
2026-01-10 04:00:00,5.38,10.7
2026-01-10 05:00:00,5.08,10.6
2026-01-10 06:00:00,5.44,10.5
2026-01-10 07:00:00,5.06,10.5
2026-01-10 08:00:00,5.15,10.1
2026-01-10 09:00:00,4.93,9.6
2026-01-10 10:00:00,5.22,9.9
2026-01-10 11:00:00,5.11,10.1
2026-01-10 12:00:00,5.01,9.9
2026-01-10 13:00:00,5.2,10.0
2026-01-10 14:00:00,5.11,11.0
2026-01-10 15:00:00,5.19,10.2
2026-01-10 16:00:00,5.07,10.2
2026-01-10 17:00:00,5.1,9.8
2026-01-10 18:00:00,5.21,9.9
2026-01-10 19:00:00,5.3,10.1
2026-01-10 20:00:00,5.8,10.3
2026-01-10 21:00:00,5.61,11.2
2026-01-10 22:00:00,5.21,10.8
2026-01-10 23:00:00,5.04,10.0
2026-01-11 00:00:00,5.01,9.7
2026-01-11 01:00:00,5.23,10.0
2026-01-11 02:00:00,5.74,10.5
2026-01-11 03:00:00,5.4,10.9
2026-01-11 04:00:00,5.25,10.3
2026-01-11 05:00:00,5.34,10.2
2026-01-11 06:00:00,5.25,10.2
2026-01-11 07:00:00,5.47,10.5
2026-01-11 08:00:00,5.55,10.6
2026-01-11 09:00:00,5.26,10.6
2026-01-11 10:00:00,5.12,10.1
2026-01-11 11:00:00,4.9,9.8
2026-01-11 12:00:00,4.73,9.4
2026-01-11 13:00:00,4.5,9.3
2026-01-11 14:00:00,4.68,9.1
2026-01-11 15:00:00,4.43,9.1
2026-01-11 16:00:00,4.25,8.6
2026-01-11 17:00:00,3.99,8.1
2026-01-11 18:00:00,3.84,7.5
2026-01-11 19:00:00,3.61,7.1
2026-01-11 20:00:00,3.76,6.6
2026-01-11 21:00:00,3.42,6.6
2026-01-11 22:00:00,3.12,6.3
2026-01-11 23:00:00,2.87,5.6
2026-01-12 00:00:00,2.84,5.1
2026-01-12 01:00:00,2.6,5.0
2026-01-12 02:00:00,2.35,4.6
2026-01-12 03:00:00,1.9,3.9
2026-01-12 04:00:00,1.94,3.4
2026-01-12 05:00:00,1.8,3.3
2026-01-12 06:00:00,1.78,3.0
2026-01-12 07:00:00,1.87,3.2
2026-01-12 08:00:00,1.77,3.4
2026-01-12 09:00:00,1.83,3.1
2026-01-12 10:00:00,1.89,3.4
2026-01-12 11:00:00,1.6,3.3
2026-01-12 12:00:00,1.34,3.0
2026-01-12 13:00:00,0.91,2.4
2026-01-12 14:00:00,0.54,2.0
2026-01-12 15:00:00,0.76,1.8
2026-01-12 16:00:00,1.9,3.5
2026-01-12 17:00:00,2.2,3.9
2026-01-12 18:00:00,2.85,5.2
2026-01-12 19:00:00,2.47,5.5
2026-01-12 20:00:00,2.92,5.2
2026-01-12 21:00:00,2.93,5.6
2026-01-12 22:00:00,3.32,6.2
2026-01-12 23:00:00,3.26,6.5
2026-01-13 00:00:00,3.46,6.5
2026-01-13 01:00:00,3.6,6.7
2026-01-13 02:00:00,3.74,7.1
2026-01-13 03:00:00,3.67,7.1
2026-01-13 04:00:00,3.87,7.4
2026-01-13 05:00:00,4.09,7.9
2026-01-13 06:00:00,4.05,8.0
2026-01-13 07:00:00,3.93,7.8
2026-01-13 08:00:00,3.79,7.5
2026-01-13 09:00:00,3.77,7.3
2026-01-13 10:00:00,3.83,7.4
2026-01-13 11:00:00,3.83,7.5
2026-01-13 12:00:00,4.0,8.1
2026-01-13 13:00:00,3.89,8.1
2026-01-13 14:00:00,4.01,7.9
2026-01-13 15:00:00,4.16,8.2
2026-01-13 16:00:00,4.44,8.7
2026-01-13 17:00:00,4.57,8.9
2026-01-13 18:00:00,4.63,9.0
2026-01-13 19:00:00,4.69,9.3
2026-01-13 20:00:00,4.82,9.2
2026-01-13 21:00:00,4.76,9.4
2026-01-13 22:00:00,4.86,9.6
2026-01-13 23:00:00,4.66,9.5
2026-01-14 00:00:00,4.83,9.3
2026-01-14 01:00:00,4.79,9.4
2026-01-14 02:00:00,5.15,9.5
2026-01-14 03:00:00,5.29,10.2
2026-01-14 04:00:00,5.68,11.0
2026-01-14 05:00:00,5.65,11.0
2026-01-14 06:00:00,5.61,11.0
2026-01-14 07:00:00,5.86,11.4
2026-01-14 08:00:00,5.66,11.5
2026-01-14 09:00:00,5.44,10.9
2026-01-14 10:00:00,5.22,10.5
2026-01-14 11:00:00,4.53,9.9
2026-01-14 12:00:00,3.35,8.6
2026-01-14 13:00:00,2.44,6.3
2026-01-14 14:00:00,2.56,5.2
2026-01-14 15:00:00,3.09,5.6
2026-01-14 16:00:00,3.65,7.1
2026-01-14 17:00:00,3.55,7.0
2026-01-14 18:00:00,3.67,7.0
2026-01-14 19:00:00,3.84,7.3
2026-01-14 20:00:00,3.35,7.4
2026-01-14 21:00:00,3.52,6.2
2026-01-14 22:00:00,3.56,6.6
2026-01-14 23:00:00,3.4,6.5
2026-01-15 00:00:00,3.33,6.2
2026-01-15 01:00:00,3.38,6.0
2026-01-15 02:00:00,3.62,6.6
2026-01-15 03:00:00,3.74,6.9
2026-01-15 04:00:00,3.51,6.9
2026-01-15 05:00:00,3.08,6.5
2026-01-15 06:00:00,2.58,5.6
2026-01-15 07:00:00,1.94,4.7
2026-01-15 08:00:00,2.73,5.1
2026-01-15 09:00:00,2.93,5.5
2026-01-15 10:00:00,2.48,5.4
2026-01-15 11:00:00,2.43,4.8
2026-01-15 12:00:00,3.56,7.0
2026-01-15 13:00:00,3.45,7.1
2026-01-15 14:00:00,3.51,7.0
2026-01-15 15:00:00,2.71,6.5
2026-01-15 16:00:00,4.09,8.0
2026-01-15 17:00:00,4.32,8.1
2026-01-15 18:00:00,4.83,9.2
2026-01-15 19:00:00,4.81,9.4
2026-01-15 20:00:00,5.08,9.4
2026-01-15 21:00:00,5.44,10.3
2026-01-15 22:00:00,5.48,10.7
2026-01-15 23:00:00,5.04,10.5
2026-01-16 00:00:00,4.59,9.7
2026-01-16 01:00:00,4.61,8.7
2026-01-16 02:00:00,4.76,9.0
2026-01-16 03:00:00,4.79,9.1
2026-01-16 04:00:00,4.91,9.3
2026-01-16 05:00:00,5.26,10.0
2026-01-16 06:00:00,5.24,10.3
2026-01-16 07:00:00,5.06,10.0
2026-01-16 08:00:00,5.01,9.7
2026-01-16 09:00:00,5.15,9.8
2026-01-16 10:00:00,5.55,10.5
2026-01-16 11:00:00,5.66,11.3
2026-01-16 12:00:00,5.72,11.0
2026-01-16 13:00:00,5.9,11.6
2026-01-16 14:00:00,6.07,12.0
2026-01-16 15:00:00,5.37,11.7
2026-01-16 16:00:00,5.0,10.4
2026-01-16 17:00:00,4.74,9.6
2026-01-16 18:00:00,4.5,9.0
2026-01-16 19:00:00,4.32,8.6
2026-01-16 20:00:00,3.8,8.1
2026-01-16 21:00:00,3.48,6.9
2026-01-16 22:00:00,3.25,6.4
2026-01-16 23:00:00,2.9,6.1
2026-01-17 00:00:00,2.46,5.3
2026-01-17 01:00:00,2.18,4.5
2026-01-17 02:00:00,2.01,3.9
2026-01-17 03:00:00,1.56,3.4
2026-01-17 04:00:00,1.68,2.9
2026-01-17 05:00:00,2.06,3.6
2026-01-17 06:00:00,1.81,3.7
2026-01-17 07:00:00,1.82,3.2
2026-01-17 08:00:00,2.04,3.7
2026-01-17 09:00:00,2.16,3.9
2026-01-17 10:00:00,2.29,4.2
2026-01-17 11:00:00,2.22,4.3
2026-01-17 12:00:00,1.95,4.1
2026-01-17 13:00:00,1.67,3.8
2026-01-17 14:00:00,1.63,3.8
2026-01-17 15:00:00,1.43,3.5
2026-01-17 16:00:00,1.74,3.3
2026-01-17 17:00:00,2.15,3.9
2026-01-17 18:00:00,2.29,4.3
2026-01-17 19:00:00,2.49,4.6
2026-01-17 20:00:00,2.52,4.8
2026-01-17 21:00:00,2.74,5.0
2026-01-17 22:00:00,2.77,5.7
2026-01-17 23:00:00,2.22,5.6
2026-01-18 00:00:00,2.51,4.3
2026-01-18 01:00:00,2.9,5.2
2026-01-18 02:00:00,2.74,6.5
2026-01-18 03:00:00,2.17,5.3
2026-01-18 04:00:00,1.98,4.3
2026-01-18 05:00:00,2.45,4.2
2026-01-18 06:00:00,2.73,5.0
2026-01-18 07:00:00,2.69,5.0
2026-01-18 08:00:00,2.86,5.3
2026-01-18 09:00:00,2.83,5.3
2026-01-18 10:00:00,2.86,5.2
2026-01-18 11:00:00,2.35,5.3
2026-01-18 12:00:00,2.95,5.8
2026-01-18 13:00:00,2.18,5.8
2026-01-18 14:00:00,2.06,4.6
2026-01-18 15:00:00,1.86,4.1
2026-01-18 16:00:00,2.4,4.5
2026-01-18 17:00:00,2.74,4.9
2026-01-18 18:00:00,2.77,5.1
2026-01-18 19:00:00,2.75,5.1
2026-01-18 20:00:00,2.84,5.1
2026-01-18 21:00:00,2.93,5.5
2026-01-18 22:00:00,3.0,6.0
2026-01-18 23:00:00,3.42,6.0
2026-01-19 00:00:00,3.5,6.8
2026-01-19 01:00:00,3.18,6.7
2026-01-19 02:00:00,3.41,5.9
2026-01-19 03:00:00,3.09,5.9
2026-01-19 04:00:00,3.04,5.6
2026-01-19 05:00:00,2.93,5.8
2026-01-19 06:00:00,3.22,6.2
2026-01-19 07:00:00,3.12,5.9
2026-01-19 08:00:00,3.11,6.2
2026-01-19 09:00:00,3.04,6.1
2026-01-19 10:00:00,2.63,5.9
2026-01-19 11:00:00,2.87,5.6
2026-01-19 12:00:00,2.62,5.8
2026-01-19 13:00:00,2.4,5.7
2026-01-19 14:00:00,2.17,5.0
2026-01-19 15:00:00,1.73,4.4
2026-01-19 16:00:00,2.2,4.1
2026-01-19 17:00:00,2.79,5.0
2026-01-19 18:00:00,3.06,5.5
2026-01-19 19:00:00,3.05,5.6
2026-01-19 20:00:00,3.34,5.6
2026-01-19 21:00:00,3.13,5.7
2026-01-19 22:00:00,3.53,6.2
2026-01-19 23:00:00,3.23,6.3
2026-01-20 00:00:00,2.82,5.7
2026-01-20 01:00:00,2.3,4.9
2026-01-20 02:00:00,1.91,4.0
2026-01-20 03:00:00,1.94,3.2
2026-01-20 04:00:00,2.14,3.7
2026-01-20 05:00:00,2.35,4.4
2026-01-20 06:00:00,2.02,4.1
2026-01-20 07:00:00,2.09,3.5
2026-01-20 08:00:00,2.37,3.8
2026-01-20 09:00:00,1.94,4.0
2026-01-20 10:00:00,1.56,3.2
2026-01-20 11:00:00,1.52,2.9
2026-01-20 12:00:00,1.27,2.8
2026-01-20 13:00:00,1.52,3.3
2026-01-20 14:00:00,1.24,3.3
2026-01-20 15:00:00,1.28,3.1
2026-01-20 16:00:00,0.85,2.8
2026-01-20 17:00:00,0.7,2.0
2026-01-20 18:00:00,0.9,1.7
2026-01-20 19:00:00,0.97,1.9
2026-01-20 20:00:00,1.06,1.9
2026-01-20 21:00:00,1.3,2.4
2026-01-20 22:00:00,1.79,3.2
2026-01-20 23:00:00,2.0,3.8
2026-01-21 00:00:00,2.27,4.3
2026-01-21 01:00:00,2.87,5.7
2026-01-21 02:00:00,3.11,6.1
2026-01-21 03:00:00,3.18,6.8
2026-01-21 04:00:00,2.89,6.8
2026-01-21 05:00:00,2.83,6.5
2026-01-21 06:00:00,2.75,6.3
2026-01-21 07:00:00,2.52,6.1
2026-01-21 08:00:00,1.82,5.3
2026-01-21 09:00:00,2.13,4.5
2026-01-21 10:00:00,2.34,4.4
2026-01-21 11:00:00,2.93,6.0
2026-01-21 12:00:00,3.25,7.0
2026-01-21 13:00:00,2.97,6.6
2026-01-21 14:00:00,3.29,7.4
2026-01-21 15:00:00,4.25,8.9
2026-01-21 16:00:00,4.7,9.5
2026-01-21 17:00:00,4.26,9.4
2026-01-21 18:00:00,3.15,8.3
2026-01-21 19:00:00,2.76,6.1
2026-01-21 20:00:00,4.31,8.2
2026-01-21 21:00:00,4.56,9.4
2026-01-21 22:00:00,4.75,10.0
2026-01-21 23:00:00,4.84,10.1
2026-01-22 00:00:00,4.81,9.9
2026-01-22 01:00:00,5.22,10.9
2026-01-22 02:00:00,5.65,11.3
2026-01-22 03:00:00,4.8,12.0
2026-01-22 04:00:00,4.91,9.5
2026-01-22 05:00:00,6.37,13.5
2026-01-22 06:00:00,6.55,13.7
2026-01-22 07:00:00,6.1,13.8
2026-01-22 08:00:00,6.26,13.0
2026-01-22 09:00:00,5.61,13.1
2026-01-22 10:00:00,5.64,11.8
2026-01-22 11:00:00,6.93,13.2
2026-01-22 12:00:00,6.61,14.8
2026-01-22 13:00:00,6.42,14.5
2026-01-22 14:00:00,6.57,14.2
2026-01-22 15:00:00,6.11,13.5
2026-01-22 16:00:00,6.63,14.4
2026-01-22 17:00:00,5.99,13.9
2026-01-22 18:00:00,5.65,13.7
2026-01-22 19:00:00,5.6,12.3
2026-01-22 20:00:00,6.32,12.5
2026-01-22 21:00:00,6.1,12.9
2026-01-22 22:00:00,6.2,12.9
2026-01-22 23:00:00,6.15,14.0
2026-01-23 00:00:00,5.31,13.6
2026-01-23 01:00:00,5.85,12.3
2026-01-23 02:00:00,5.59,12.2
2026-01-23 03:00:00,6.26,12.6
2026-01-23 04:00:00,5.67,13.0
2026-01-23 05:00:00,6.21,12.8
2026-01-23 06:00:00,5.71,13.3
2026-01-23 07:00:00,5.7,12.6
2026-01-23 08:00:00,5.86,12.2
2026-01-23 09:00:00,5.31,12.0
2026-01-23 10:00:00,5.76,11.8
2026-01-23 11:00:00,6.33,13.0
2026-01-23 12:00:00,5.89,12.9
2026-01-23 13:00:00,5.77,12.2
2026-01-23 14:00:00,5.9,12.2
2026-01-23 15:00:00,5.55,12.4
2026-01-23 16:00:00,5.26,12.0
2026-01-23 17:00:00,4.96,11.6
2026-01-23 18:00:00,4.55,10.4
2026-01-23 19:00:00,4.4,8.9
2026-01-23 20:00:00,5.68,11.9
2026-01-23 21:00:00,5.52,11.7
2026-01-23 22:00:00,5.65,11.3
2026-01-23 23:00:00,5.76,11.7
2026-01-24 00:00:00,5.4,11.6
2026-01-24 01:00:00,4.96,11.0
2026-01-24 02:00:00,4.46,10.0
2026-01-24 03:00:00,3.59,9.5
2026-01-24 04:00:00,3.26,7.1
2026-01-24 05:00:00,3.49,7.1
2026-01-24 06:00:00,3.53,7.5
2026-01-24 07:00:00,3.94,8.0
2026-01-24 08:00:00,3.59,8.3
2026-01-24 09:00:00,4.01,8.4
2026-01-24 10:00:00,3.69,8.1
2026-01-24 11:00:00,4.1,8.5
2026-01-24 12:00:00,5.1,10.7
2026-01-24 13:00:00,5.06,10.9
2026-01-24 14:00:00,5.26,10.9
2026-01-24 15:00:00,5.15,11.0
2026-01-24 16:00:00,4.8,10.8
2026-01-24 17:00:00,4.85,10.2
2026-01-24 18:00:00,5.0,10.4
2026-01-24 19:00:00,5.22,10.8
2026-01-24 20:00:00,5.01,10.9
2026-01-24 21:00:00,5.12,10.9
2026-01-24 22:00:00,5.16,10.6
2026-01-24 23:00:00,4.9,10.6
2026-01-25 00:00:00,4.73,10.4
2026-01-25 01:00:00,4.4,10.4
2026-01-25 02:00:00,3.39,9.5
2026-01-25 03:00:00,3.41,7.2
2026-01-25 04:00:00,3.28,7.2
2026-01-25 05:00:00,3.5,7.1
2026-01-25 06:00:00,3.44,7.4
2026-01-25 07:00:00,3.82,7.8
2026-01-25 08:00:00,3.88,8.0
2026-01-25 09:00:00,3.32,7.9
2026-01-25 10:00:00,3.03,6.6
2026-01-25 11:00:00,2.77,5.9
2026-01-25 12:00:00,3.06,6.4
2026-01-25 13:00:00,3.29,6.8
2026-01-25 14:00:00,3.83,7.6
2026-01-25 15:00:00,3.57,7.9
2026-01-25 16:00:00,3.4,7.4
2026-01-25 17:00:00,3.13,7.1
2026-01-25 18:00:00,2.93,6.7
2026-01-25 19:00:00,2.91,6.5
2026-01-25 20:00:00,2.89,6.0
2026-01-25 21:00:00,2.81,5.9
2026-01-25 22:00:00,2.98,5.9
2026-01-25 23:00:00,2.74,5.9
2026-01-26 00:00:00,2.9,5.6
2026-01-26 01:00:00,3.08,6.0
2026-01-26 02:00:00,3.15,6.0
2026-01-26 03:00:00,3.19,6.3
2026-01-26 04:00:00,3.49,6.8
2026-01-26 05:00:00,3.78,7.4
2026-01-26 06:00:00,3.8,7.4
2026-01-26 07:00:00,4.3,8.2
2026-01-26 08:00:00,4.46,9.5
2026-01-26 09:00:00,4.58,8.9
2026-01-26 10:00:00,5.06,9.7
2026-01-26 11:00:00,4.1,10.4
2026-01-26 12:00:00,4.24,8.7
2026-01-26 13:00:00,4.18,8.9
2026-01-26 14:00:00,4.99,10.9
2026-01-26 15:00:00,5.18,10.7
2026-01-26 16:00:00,4.11,10.4
2026-01-26 17:00:00,4.21,8.6
2026-01-26 18:00:00,5.38,10.6
2026-01-26 19:00:00,4.63,11.2
2026-01-26 20:00:00,4.51,9.1
2026-01-26 21:00:00,4.53,9.2
2026-01-26 22:00:00,5.29,10.4
2026-01-26 23:00:00,5.26,10.8
2026-01-27 00:00:00,5.27,10.5
2026-01-27 01:00:00,5.32,10.8
2026-01-27 02:00:00,5.26,10.7
2026-01-27 03:00:00,5.42,11.0
2026-01-27 04:00:00,5.17,11.0
2026-01-27 05:00:00,5.12,10.7
2026-01-27 06:00:00,5.19,10.8
2026-01-27 07:00:00,5.1,10.8
2026-01-27 08:00:00,4.94,10.3
2026-01-27 09:00:00,4.67,9.8
2026-01-27 10:00:00,4.69,9.3
2026-01-27 11:00:00,5.05,10.7
2026-01-27 12:00:00,5.15,11.1
2026-01-27 13:00:00,5.19,10.7
2026-01-27 14:00:00,5.17,10.8
2026-01-27 15:00:00,5.06,10.8
2026-01-27 16:00:00,5.12,10.8
2026-01-27 17:00:00,4.47,11.0
2026-01-27 18:00:00,4.48,9.1
2026-01-27 19:00:00,4.29,9.1
2026-01-27 20:00:00,4.56,8.6
2026-01-27 21:00:00,5.2,11.8
2026-01-27 22:00:00,5.11,10.5
2026-01-27 23:00:00,4.47,10.2
2026-01-28 00:00:00,3.89,9.1
2026-01-28 01:00:00,3.93,7.8
2026-01-28 02:00:00,4.08,8.2
2026-01-28 03:00:00,4.08,8.7
2026-01-28 04:00:00,4.74,10.1
2026-01-28 05:00:00,4.08,9.5
2026-01-28 06:00:00,3.96,8.2
2026-01-28 07:00:00,4.16,8.4
2026-01-28 08:00:00,4.4,8.7
2026-01-28 09:00:00,3.9,8.7
2026-01-28 10:00:00,4.07,8.1
2026-01-28 11:00:00,5.21,10.5
2026-01-28 12:00:00,5.37,11.3
2026-01-28 13:00:00,5.46,11.6
2026-01-28 14:00:00,5.05,11.4
2026-01-28 15:00:00,4.94,10.9
2026-01-28 16:00:00,5.04,10.5
2026-01-28 17:00:00,5.0,11.0
2026-01-28 18:00:00,4.14,10.1
2026-01-28 19:00:00,4.41,8.6
2026-01-28 20:00:00,4.19,8.9
2026-01-28 21:00:00,4.18,8.2
2026-01-28 22:00:00,4.09,8.2
2026-01-28 23:00:00,4.11,7.9
2026-01-29 00:00:00,4.34,8.4
2026-01-29 01:00:00,4.56,8.9
2026-01-29 02:00:00,4.19,9.0
2026-01-29 03:00:00,4.07,8.2
2026-01-29 04:00:00,3.88,8.0
2026-01-29 05:00:00,4.01,8.0
2026-01-29 06:00:00,3.9,8.3
2026-01-29 07:00:00,3.29,7.8
2026-01-29 08:00:00,3.94,6.8
2026-01-29 09:00:00,4.54,9.2
2026-01-29 10:00:00,5.02,10.3
2026-01-29 11:00:00,5.34,11.2
2026-01-29 12:00:00,5.19,11.0
2026-01-29 13:00:00,5.38,11.3
2026-01-29 14:00:00,5.25,11.3
2026-01-29 15:00:00,4.72,10.7
2026-01-29 16:00:00,4.08,9.6
2026-01-29 17:00:00,3.66,8.6
2026-01-29 18:00:00,4.5,9.0
2026-01-29 19:00:00,4.66,9.5
2026-01-29 20:00:00,4.8,9.8
2026-01-29 21:00:00,4.63,9.7
2026-01-29 22:00:00,4.13,9.3
2026-01-29 23:00:00,4.22,8.4
2026-01-30 00:00:00,4.24,8.6
2026-01-30 01:00:00,3.89,8.5
2026-01-30 02:00:00,3.46,7.8
2026-01-30 03:00:00,5.1,10.9
2026-01-30 04:00:00,4.61,11.4
2026-01-30 05:00:00,5.25,11.8
2026-01-30 06:00:00,4.96,12.0
2026-01-30 07:00:00,5.36,11.5
2026-01-30 08:00:00,5.3,13.0
2026-01-30 09:00:00,5.86,11.8
2026-01-30 10:00:00,6.05,13.0
2026-01-30 11:00:00,5.77,13.0
2026-01-30 12:00:00,6.39,13.3
2026-01-30 13:00:00,6.13,13.3
2026-01-30 14:00:00,6.35,13.3
2026-01-30 15:00:00,5.58,13.0
2026-01-30 16:00:00,5.98,12.0
2026-01-30 17:00:00,5.35,12.3
2026-01-30 18:00:00,5.0,12.2
2026-01-30 19:00:00,5.05,10.3
2026-01-30 20:00:00,4.9,10.5
2026-01-30 21:00:00,5.04,10.2
2026-01-30 22:00:00,5.31,10.6
2026-01-30 23:00:00,5.58,11.2
2026-01-31 00:00:00,5.7,11.5
2026-01-31 01:00:00,5.51,11.5
2026-01-31 02:00:00,4.81,11.0
2026-01-31 03:00:00,4.98,10.4
2026-01-31 04:00:00,4.67,10.7
2026-01-31 05:00:00,4.67,10.3
2026-01-31 06:00:00,4.69,10.0
2026-01-31 07:00:00,4.7,9.9
2026-01-31 08:00:00,5.16,10.0
2026-01-31 09:00:00,5.24,10.6
2026-01-31 10:00:00,5.29,10.6
2026-01-31 11:00:00,6.08,11.5
2026-01-31 12:00:00,6.08,12.5
2026-01-31 13:00:00,6.44,13.5
2026-01-31 14:00:00,6.64,15.0
2026-01-31 15:00:00,6.76,13.8
2026-01-31 16:00:00,6.38,13.6
2026-01-31 17:00:00,5.86,12.8
2026-01-31 18:00:00,5.57,11.6
2026-01-31 19:00:00,5.52,11.0
2026-01-31 20:00:00,5.5,10.8
2026-01-31 21:00:00,5.27,10.8
2026-01-31 22:00:00,5.08,10.3
2026-01-31 23:00:00,4.71,9.9
2026-02-01 00:00:00,4.5,9.2
2026-02-01 01:00:00,4.41,8.7
2026-02-01 02:00:00,4.38,8.9
2026-02-01 03:00:00,4.51,9.1
2026-02-01 04:00:00,4.37,8.9
2026-02-01 05:00:00,4.25,8.7
2026-02-01 06:00:00,4.21,8.5
2026-02-01 07:00:00,4.24,8.5
2026-02-01 08:00:00,4.41,8.9
2026-02-01 09:00:00,4.63,9.2
2026-02-01 10:00:00,4.87,9.9
2026-02-01 11:00:00,5.87,12.0
2026-02-01 12:00:00,5.68,12.2
2026-02-01 13:00:00,5.44,11.7
2026-02-01 14:00:00,5.35,11.4
2026-02-01 15:00:00,5.38,11.3
2026-02-01 16:00:00,5.19,11.1
2026-02-01 17:00:00,4.59,11.3
2026-02-01 18:00:00,3.97,9.2
2026-02-01 19:00:00,4.05,8.1
2026-02-01 20:00:00,4.4,8.4
2026-02-01 21:00:00,5.06,11.4
2026-02-01 22:00:00,4.84,11.1
2026-02-01 23:00:00,4.43,10.7
2026-02-02 00:00:00,4.45,10.0
2026-02-02 01:00:00,3.97,9.4
2026-02-02 02:00:00,3.41,7.8
2026-02-02 03:00:00,3.4,6.9
2026-02-02 04:00:00,3.46,6.9
2026-02-02 05:00:00,3.19,6.9
2026-02-02 06:00:00,4.16,9.0
2026-02-02 07:00:00,4.67,10.6
2026-02-02 08:00:00,4.64,10.4
2026-02-02 09:00:00,4.86,9.9
2026-02-02 10:00:00,5.1,10.3
2026-02-02 11:00:00,4.97,10.6
2026-02-02 12:00:00,5.03,10.6
2026-02-02 13:00:00,4.91,10.5
2026-02-02 14:00:00,4.9,10.4
2026-02-02 15:00:00,5.19,10.8
2026-02-02 16:00:00,4.98,10.8
2026-02-02 17:00:00,4.86,10.9
2026-02-02 18:00:00,4.05,10.3
2026-02-02 19:00:00,4.15,8.3
2026-02-02 20:00:00,4.06,8.3
2026-02-02 21:00:00,4.31,8.4
2026-02-02 22:00:00,4.2,8.5
2026-02-02 23:00:00,4.11,8.2
2026-02-03 00:00:00,4.11,8.0
2026-02-03 01:00:00,3.91,8.0
2026-02-03 02:00:00,3.7,7.5
2026-02-03 03:00:00,3.6,7.2
2026-02-03 04:00:00,3.65,7.0
2026-02-03 05:00:00,3.5,7.0
2026-02-03 06:00:00,3.6,6.9
2026-02-03 07:00:00,3.8,7.3
2026-02-03 08:00:00,4.1,8.5
2026-02-03 09:00:00,4.43,8.8
2026-02-03 10:00:00,4.53,9.0
2026-02-03 11:00:00,4.31,9.4
2026-02-03 12:00:00,4.64,9.3
2026-02-03 13:00:00,5.99,12.9
2026-02-03 14:00:00,5.81,14.4
2026-02-03 15:00:00,6.15,14.5
2026-02-03 16:00:00,5.51,13.5
2026-02-03 17:00:00,5.19,11.1
2026-02-03 18:00:00,5.16,10.4
2026-02-03 19:00:00,5.3,10.5
2026-02-03 20:00:00,5.46,10.7
2026-02-03 21:00:00,5.53,10.9
2026-02-03 22:00:00,5.5,10.9
2026-02-03 23:00:00,5.5,10.9
2026-02-04 00:00:00,5.56,11.0
2026-02-04 01:00:00,5.61,11.2
2026-02-04 02:00:00,5.15,11.2
2026-02-04 03:00:00,5.1,11.3
2026-02-04 04:00:00,4.95,10.6
2026-02-04 05:00:00,5.25,13.2
2026-02-04 06:00:00,4.9,11.4
2026-02-04 07:00:00,5.41,11.5
2026-02-04 08:00:00,5.91,13.4
2026-02-04 09:00:00,6.16,12.9
2026-02-04 10:00:00,6.55,14.0
2026-02-04 11:00:00,6.6,13.6
2026-02-04 12:00:00,6.91,14.3
2026-02-04 13:00:00,6.82,14.4
2026-02-04 14:00:00,6.67,14.0
2026-02-04 15:00:00,6.37,13.7
2026-02-04 16:00:00,6.0,13.1
2026-02-04 17:00:00,5.85,12.3
2026-02-04 18:00:00,5.6,12.6
2026-02-04 19:00:00,5.35,11.7
2026-02-04 20:00:00,4.62,11.2
2026-02-04 21:00:00,3.88,9.3
2026-02-04 22:00:00,3.9,8.1
2026-02-04 23:00:00,3.98,7.9
2026-02-05 00:00:00,2.84,7.8
2026-02-05 01:00:00,2.72,5.9
2026-02-05 02:00:00,3.54,5.8
2026-02-05 03:00:00,5.14,10.3
2026-02-05 04:00:00,5.03,11.0
2026-02-05 05:00:00,4.84,10.8
2026-02-05 06:00:00,5.04,10.6
2026-02-05 07:00:00,4.11,10.2
2026-02-05 08:00:00,4.21,8.6
2026-02-05 09:00:00,4.03,8.7
2026-02-05 10:00:00,4.28,8.4
2026-02-05 11:00:00,5.76,11.3
2026-02-05 12:00:00,5.59,11.7
2026-02-05 13:00:00,5.59,11.3
2026-02-05 14:00:00,5.87,12.2
2026-02-05 15:00:00,5.57,11.7
2026-02-05 16:00:00,5.66,12.3
2026-02-05 17:00:00,5.16,11.8
2026-02-05 18:00:00,6.17,12.2
2026-02-05 19:00:00,6.09,12.7
2026-02-05 20:00:00,6.2,12.0
2026-02-05 21:00:00,6.29,12.2
2026-02-05 22:00:00,6.4,12.9
2026-02-05 23:00:00,6.23,13.2
2026-02-06 00:00:00,6.04,12.7
2026-02-06 01:00:00,5.84,12.1
2026-02-06 02:00:00,6.41,12.0
2026-02-06 03:00:00,6.37,12.8
2026-02-06 04:00:00,6.01,12.7
2026-02-06 05:00:00,5.99,12.1
2026-02-06 06:00:00,5.74,12.1
2026-02-06 07:00:00,5.17,11.5
2026-02-06 08:00:00,5.41,10.5
2026-02-06 09:00:00,5.08,10.7
2026-02-06 10:00:00,5.0,10.3
2026-02-06 11:00:00,5.45,10.9
2026-02-06 12:00:00,4.79,10.9
2026-02-06 13:00:00,5.09,10.4
2026-02-06 14:00:00,4.5,10.4
2026-02-06 15:00:00,4.44,10.4
2026-02-06 16:00:00,4.81,10.5
2026-02-06 17:00:00,4.84,9.6
2026-02-06 18:00:00,4.9,9.6
2026-02-06 19:00:00,5.03,9.9
2026-02-06 20:00:00,5.02,10.0
2026-02-06 21:00:00,4.43,9.8
2026-02-06 22:00:00,3.95,8.5
2026-02-06 23:00:00,4.13,8.0
2026-02-07 00:00:00,4.48,8.7
2026-02-07 01:00:00,4.49,8.9
2026-02-07 02:00:00,4.49,8.9
2026-02-07 03:00:00,4.05,8.9
2026-02-07 04:00:00,4.12,8.2
2026-02-07 05:00:00,4.04,8.3
2026-02-07 06:00:00,4.05,8.2
2026-02-07 07:00:00,4.06,8.1
2026-02-07 08:00:00,4.43,8.2
2026-02-07 09:00:00,4.21,8.6
2026-02-07 10:00:00,4.39,8.6
2026-02-07 11:00:00,5.17,10.4
2026-02-07 12:00:00,5.44,10.7
2026-02-07 13:00:00,5.66,11.2
2026-02-07 14:00:00,5.34,11.4
2026-02-07 15:00:00,5.37,11.4
2026-02-07 16:00:00,4.29,11.3
2026-02-07 17:00:00,3.7,8.5
2026-02-07 18:00:00,4.3,8.3
2026-02-07 19:00:00,4.47,8.8
2026-02-07 20:00:00,4.58,9.0
2026-02-07 21:00:00,4.89,9.7
2026-02-07 22:00:00,4.96,10.1
2026-02-07 23:00:00,4.67,9.9
2026-02-08 00:00:00,4.21,9.2
2026-02-08 01:00:00,4.04,8.3
2026-02-08 02:00:00,4.14,7.9
2026-02-08 03:00:00,4.29,8.1
2026-02-08 04:00:00,4.37,8.4
2026-02-08 05:00:00,4.34,8.4
2026-02-08 06:00:00,4.37,8.4
2026-02-08 07:00:00,4.41,8.4
2026-02-08 08:00:00,4.63,8.5
2026-02-08 09:00:00,4.72,9.1
2026-02-08 10:00:00,4.59,9.3
2026-02-08 11:00:00,5.09,10.3
2026-02-08 12:00:00,5.77,12.3
2026-02-08 13:00:00,4.89,11.6
2026-02-08 14:00:00,5.1,10.1
2026-02-08 15:00:00,4.51,10.4
2026-02-08 16:00:00,4.23,9.5
2026-02-08 17:00:00,4.02,8.8
2026-02-08 18:00:00,3.3,8.8
2026-02-08 19:00:00,3.37,7.0
2026-02-08 20:00:00,3.45,6.7
2026-02-08 21:00:00,3.22,6.8
2026-02-08 22:00:00,3.15,7.3
2026-02-08 23:00:00,3.05,6.8
2026-02-09 00:00:00,3.01,6.4
2026-02-09 01:00:00,2.76,6.1
2026-02-09 02:00:00,2.52,5.5
2026-02-09 03:00:00,1.98,4.7
2026-02-09 04:00:00,1.88,3.7
2026-02-09 05:00:00,2.02,3.7
2026-02-09 06:00:00,2.39,4.4
2026-02-09 07:00:00,2.75,5.1
2026-02-09 08:00:00,2.27,5.2
2026-02-09 09:00:00,1.78,5.7
2026-02-09 10:00:00,2.76,5.4
2026-02-09 11:00:00,2.65,5.8
2026-02-09 12:00:00,2.3,5.7
2026-02-09 13:00:00,2.2,5.2
2026-02-09 14:00:00,1.46,5.0
2026-02-09 15:00:00,1.22,3.7
2026-02-09 16:00:00,1.36,3.3
2026-02-09 17:00:00,1.66,3.7
2026-02-09 18:00:00,1.38,3.8
2026-02-09 19:00:00,1.29,3.3
2026-02-09 20:00:00,1.45,2.9
2026-02-09 21:00:00,1.49,3.1
2026-02-09 22:00:00,1.25,3.1
2026-02-09 23:00:00,1.08,2.7
2026-02-10 00:00:00,1.08,2.4
2026-02-10 01:00:00,1.03,2.4
2026-02-10 02:00:00,1.34,2.3
2026-02-10 03:00:00,1.33,2.8
2026-02-10 04:00:00,1.22,2.8
2026-02-10 05:00:00,1.08,2.5
2026-02-10 06:00:00,1.15,2.4
2026-02-10 07:00:00,1.22,2.6
2026-02-10 08:00:00,1.7,2.8
2026-02-10 09:00:00,1.8,3.4
2026-02-10 10:00:00,1.85,4.1
2026-02-10 11:00:00,1.94,4.0
2026-02-10 12:00:00,1.79,4.1
2026-02-10 13:00:00,1.72,3.9
2026-02-10 14:00:00,1.64,3.7
2026-02-10 15:00:00,1.63,3.5
2026-02-10 16:00:00,1.6,3.5
2026-02-10 17:00:00,1.62,3.6
2026-02-10 18:00:00,1.88,3.5
2026-02-10 19:00:00,2.01,3.8
2026-02-10 20:00:00,2.22,4.4
2026-02-10 21:00:00,2.33,4.4
2026-02-10 22:00:00,2.26,4.4
2026-02-10 23:00:00,2.16,4.3
2026-02-11 00:00:00,2.11,4.4
2026-02-11 01:00:00,1.77,3.9
2026-02-11 02:00:00,2.12,3.4
2026-02-11 03:00:00,2.85,5.1
2026-02-11 04:00:00,3.29,6.4
2026-02-11 05:00:00,3.53,7.0
2026-02-11 06:00:00,3.35,6.9
2026-02-11 07:00:00,3.4,7.0
2026-02-11 08:00:00,3.13,6.7
2026-02-11 09:00:00,3.05,5.9
2026-02-11 10:00:00,2.86,5.9
2026-02-11 11:00:00,3.11,6.1
2026-02-11 12:00:00,3.19,6.4
2026-02-11 13:00:00,3.47,6.9
2026-02-11 14:00:00,3.59,7.0
2026-02-11 15:00:00,4.07,8.1
2026-02-11 16:00:00,3.84,8.2
2026-02-11 17:00:00,3.47,8.0
2026-02-11 18:00:00,3.27,7.4
2026-02-11 19:00:00,3.25,6.5
2026-02-11 20:00:00,3.43,6.6
2026-02-11 21:00:00,4.14,8.2
2026-02-11 22:00:00,4.35,8.8
2026-02-11 23:00:00,4.33,8.7
2026-02-12 00:00:00,4.12,8.4
2026-02-12 01:00:00,4.21,8.2
2026-02-12 02:00:00,4.49,8.8
2026-02-12 03:00:00,5.02,9.8
2026-02-12 04:00:00,5.23,10.5
2026-02-12 05:00:00,4.22,9.6
2026-02-12 06:00:00,4.19,8.1
2026-02-12 07:00:00,4.56,8.5
2026-02-12 08:00:00,5.4,9.1
2026-02-12 09:00:00,5.47,11.0
2026-02-12 10:00:00,4.14,10.7
2026-02-12 11:00:00,3.89,8.3
2026-02-12 12:00:00,4.8,9.2
2026-02-12 13:00:00,4.8,9.6
2026-02-12 14:00:00,4.43,9.5
2026-02-12 15:00:00,4.74,9.6
2026-02-12 16:00:00,4.47,9.5
2026-02-12 17:00:00,3.7,8.9
2026-02-12 18:00:00,5.71,11.4
2026-02-12 19:00:00,5.49,11.4
2026-02-12 20:00:00,5.87,10.9
2026-02-12 21:00:00,5.94,11.8
2026-02-12 22:00:00,5.36,11.9
2026-02-12 23:00:00,5.09,10.2
2026-02-13 00:00:00,4.48,9.8
2026-02-13 01:00:00,4.41,8.5
2026-02-13 02:00:00,4.44,8.6
2026-02-13 03:00:00,5.15,9.7
2026-02-13 04:00:00,4.95,9.9
2026-02-13 05:00:00,4.64,9.5
2026-02-13 06:00:00,4.36,9.2
2026-02-13 07:00:00,3.71,8.7
2026-02-13 08:00:00,4.92,9.0
2026-02-13 09:00:00,4.03,10.2
2026-02-13 10:00:00,3.94,7.8
2026-02-13 11:00:00,5.39,11.0
2026-02-13 12:00:00,4.62,10.4
2026-02-13 13:00:00,4.9,10.0
2026-02-13 14:00:00,4.79,10.4
2026-02-13 15:00:00,4.62,9.7
2026-02-13 16:00:00,4.67,9.7
2026-02-13 17:00:00,4.07,9.5
2026-02-13 18:00:00,4.57,8.9
2026-02-13 19:00:00,4.42,9.1
2026-02-13 20:00:00,4.07,8.6
2026-02-13 21:00:00,3.78,7.6
2026-02-13 22:00:00,3.89,7.3
2026-02-13 23:00:00,4.07,7.8
2026-02-14 00:00:00,3.94,7.8
2026-02-14 01:00:00,4.2,8.2
2026-02-14 02:00:00,4.13,8.5
2026-02-14 03:00:00,3.96,7.9
2026-02-14 04:00:00,3.85,7.6
2026-02-14 05:00:00,3.98,7.7
2026-02-14 06:00:00,3.67,7.6
2026-02-14 07:00:00,3.55,7.1
2026-02-14 08:00:00,3.29,6.7
2026-02-14 09:00:00,3.02,6.0
2026-02-14 10:00:00,3.27,6.5
2026-02-14 11:00:00,2.41,6.8
2026-02-14 12:00:00,2.57,5.5
2026-02-14 13:00:00,2.83,6.1
2026-02-14 14:00:00,3.28,6.4
2026-02-14 15:00:00,2.83,7.1
2026-02-14 16:00:00,2.4,6.1
2026-02-14 17:00:00,2.13,5.2
2026-02-14 18:00:00,1.85,4.6
2026-02-14 19:00:00,2.25,4.2
2026-02-14 20:00:00,1.68,4.3
2026-02-14 21:00:00,1.55,3.1
2026-02-14 22:00:00,1.33,2.9
2026-02-14 23:00:00,0.97,2.5
2026-02-15 00:00:00,0.7,2.0
2026-02-15 01:00:00,0.55,1.6
2026-02-15 02:00:00,1.25,1.4
2026-02-15 03:00:00,0.87,2.4
2026-02-15 04:00:00,0.57,2.0
2026-02-15 05:00:00,0.3,1.4
2026-02-15 06:00:00,0.27,0.9
2026-02-15 07:00:00,0.16,0.5
2026-02-15 08:00:00,0.36,0.5
2026-02-15 09:00:00,0.25,1.1
2026-02-15 10:00:00,0.43,1.2
2026-02-15 11:00:00,0.97,2.0
2026-02-15 12:00:00,1.17,2.8
2026-02-15 13:00:00,1.71,4.0
2026-02-15 14:00:00,1.83,4.5
2026-02-15 15:00:00,2.35,5.2
2026-02-15 16:00:00,2.76,5.8
2026-02-15 17:00:00,2.36,5.7
2026-02-15 18:00:00,2.83,4.9
2026-02-15 19:00:00,3.07,5.4
2026-02-15 20:00:00,3.14,5.5
2026-02-15 21:00:00,2.66,5.3
2026-02-15 22:00:00,2.65,4.8
2026-02-15 23:00:00,3.32,5.6
2026-02-16 00:00:00,4.1,7.4
2026-02-16 01:00:00,4.1,7.6
2026-02-16 02:00:00,4.28,7.5
2026-02-16 03:00:00,4.0,7.6
2026-02-16 04:00:00,4.17,7.6
2026-02-16 05:00:00,4.53,8.4
2026-02-16 06:00:00,4.46,8.5
2026-02-16 07:00:00,4.53,8.5
2026-02-16 08:00:00,4.72,8.7
2026-02-16 09:00:00,4.65,8.9
2026-02-16 10:00:00,4.85,9.3
2026-02-16 11:00:00,4.47,10.0
2026-02-16 12:00:00,4.69,9.1
2026-02-16 13:00:00,5.71,11.5
2026-02-16 14:00:00,5.71,12.3
2026-02-16 15:00:00,5.61,11.7
2026-02-16 16:00:00,5.62,12.6
2026-02-16 17:00:00,5.21,11.9
2026-02-16 18:00:00,5.07,10.5
2026-02-16 19:00:00,5.14,10.2
2026-02-16 20:00:00,5.18,10.3
2026-02-16 21:00:00,5.11,10.2
2026-02-16 22:00:00,5.01,10.2
2026-02-16 23:00:00,4.74,9.8
2026-02-17 00:00:00,4.53,9.4
2026-02-17 01:00:00,4.39,9.0
2026-02-17 02:00:00,4.52,8.7
2026-02-17 03:00:00,4.35,8.9
2026-02-17 04:00:00,4.19,8.6
2026-02-17 05:00:00,4.18,8.3
2026-02-17 06:00:00,4.0,8.1
2026-02-17 07:00:00,3.78,7.7
2026-02-17 08:00:00,3.86,7.2
2026-02-17 09:00:00,3.6,7.0
2026-02-17 10:00:00,3.41,6.8
2026-02-17 11:00:00,3.15,6.9
2026-02-17 12:00:00,4.61,9.8
2026-02-17 13:00:00,4.24,9.3
2026-02-17 14:00:00,3.62,8.7
2026-02-17 15:00:00,3.65,8.1
2026-02-17 16:00:00,3.2,7.7
2026-02-17 17:00:00,2.85,6.9
2026-02-17 18:00:00,2.61,6.0
2026-02-17 19:00:00,2.16,5.2
2026-02-17 20:00:00,2.79,4.4
2026-02-17 21:00:00,1.99,5.3
2026-02-17 22:00:00,1.39,4.0
2026-02-17 23:00:00,1.28,2.7
2026-02-18 00:00:00,1.69,3.1
2026-02-18 01:00:00,2.07,3.8
2026-02-18 02:00:00,2.6,4.1
2026-02-18 03:00:00,2.15,4.9
2026-02-18 04:00:00,2.0,4.4
2026-02-18 05:00:00,1.91,4.0
2026-02-18 06:00:00,2.11,4.1
2026-02-18 07:00:00,2.06,4.2
2026-02-18 08:00:00,2.19,4.1
2026-02-18 09:00:00,1.81,4.0
2026-02-18 10:00:00,1.71,4.3
2026-02-18 11:00:00,1.53,3.8
2026-02-18 12:00:00,2.5,5.7
2026-02-18 13:00:00,2.6,5.9
2026-02-18 14:00:00,2.36,6.0
2026-02-18 15:00:00,2.26,5.2
2026-02-18 16:00:00,2.32,5.5
2026-02-18 17:00:00,1.5,5.2
2026-02-18 18:00:00,1.75,3.2
2026-02-18 19:00:00,1.86,3.2
2026-02-18 20:00:00,1.36,3.2
2026-02-18 21:00:00,1.47,2.5
2026-02-18 22:00:00,1.06,2.6
2026-02-18 23:00:00,1.27,2.1
2026-02-19 00:00:00,1.49,2.6
2026-02-19 01:00:00,1.5,2.7
2026-02-19 02:00:00,1.21,2.5
2026-02-19 03:00:00,1.87,3.3
2026-02-19 04:00:00,1.66,3.6
2026-02-19 05:00:00,1.82,3.2
2026-02-19 06:00:00,1.77,3.2
2026-02-19 07:00:00,1.83,3.2
2026-02-19 08:00:00,2.16,3.5
2026-02-19 09:00:00,2.45,4.5
2026-02-19 10:00:00,2.05,4.8
2026-02-19 11:00:00,1.8,4.5
2026-02-19 12:00:00,1.82,4.6
2026-02-19 13:00:00,2.62,5.7
2026-02-19 14:00:00,2.82,6.0
2026-02-19 15:00:00,2.43,6.2
2026-02-19 16:00:00,1.9,5.3
2026-02-19 17:00:00,1.46,4.3
2026-02-19 18:00:00,1.71,3.0
2026-02-19 19:00:00,1.8,3.0
2026-02-19 20:00:00,1.54,3.0
2026-02-19 21:00:00,0.86,2.2
2026-02-19 22:00:00,0.83,1.6
2026-02-19 23:00:00,0.74,1.6
2026-02-20 00:00:00,0.64,1.5
2026-02-20 01:00:00,0.34,1.3
2026-02-20 02:00:00,1.75,1.8
2026-02-20 03:00:00,1.42,3.2
2026-02-20 04:00:00,1.31,2.6
2026-02-20 05:00:00,0.89,2.3
2026-02-20 06:00:00,0.91,1.8
2026-02-20 07:00:00,0.61,1.8
2026-02-20 08:00:00,1.3,2.0
2026-02-20 09:00:00,1.59,2.8
2026-02-20 10:00:00,2.12,3.8
2026-02-20 11:00:00,2.3,4.4
2026-02-20 12:00:00,2.13,4.4
2026-02-20 13:00:00,2.87,5.8
2026-02-20 14:00:00,3.46,7.0
2026-02-20 15:00:00,4.01,8.1
2026-02-20 16:00:00,4.27,8.6
2026-02-20 17:00:00,5.25,10.3
2026-02-20 18:00:00,5.55,10.7
2026-02-20 19:00:00,6.11,11.8
2026-02-20 20:00:00,6.46,12.4
2026-02-20 21:00:00,6.32,12.5
2026-02-20 22:00:00,6.53,12.8
2026-02-20 23:00:00,6.26,12.8
2026-02-21 00:00:00,5.93,12.2
2026-02-21 01:00:00,5.4,11.6
2026-02-21 02:00:00,4.83,10.6
2026-02-21 03:00:00,4.76,9.4
2026-02-21 04:00:00,4.67,9.3
2026-02-21 05:00:00,4.55,9.1
2026-02-21 06:00:00,4.5,8.9
2026-02-21 07:00:00,4.3,8.8
2026-02-21 08:00:00,4.0,8.2
2026-02-21 09:00:00,3.88,7.7
2026-02-21 10:00:00,3.66,7.7
2026-02-21 11:00:00,3.45,6.7
2026-02-21 12:00:00,3.95,8.3
2026-02-21 13:00:00,3.6,7.8
2026-02-21 14:00:00,2.8,7.4
2026-02-21 15:00:00,2.51,5.6
2026-02-21 16:00:00,2.38,5.4
2026-02-21 17:00:00,2.44,5.1
2026-02-21 18:00:00,3.1,5.8
2026-02-21 19:00:00,3.76,7.1
2026-02-21 20:00:00,4.04,7.6
2026-02-21 21:00:00,4.57,8.6
2026-02-21 22:00:00,4.78,9.3
2026-02-21 23:00:00,4.64,9.2
2026-02-22 00:00:00,4.74,9.6
2026-02-22 01:00:00,4.39,9.1
2026-02-22 02:00:00,3.87,8.6
2026-02-22 03:00:00,2.88,7.1
2026-02-22 04:00:00,2.07,5.3
2026-02-22 05:00:00,1.79,3.7
2026-02-22 06:00:00,1.66,3.2
2026-02-22 07:00:00,1.25,2.9
2026-02-22 08:00:00,0.92,2.2
2026-02-22 09:00:00,0.18,1.2
2026-02-22 10:00:00,0.29,1.3
2026-02-22 11:00:00,1.24,2.7
2026-02-22 12:00:00,1.08,2.9
2026-02-22 13:00:00,1.62,3.7
2026-02-22 14:00:00,2.53,4.8
2026-02-22 15:00:00,2.73,6.1
2026-02-22 16:00:00,2.19,6.0
2026-02-22 17:00:00,2.3,4.5
2026-02-22 18:00:00,2.86,5.4
2026-02-22 19:00:00,3.43,6.6
2026-02-22 20:00:00,3.85,6.9
2026-02-22 21:00:00,4.0,7.8
2026-02-22 22:00:00,4.1,8.1
2026-02-22 23:00:00,4.02,8.0
2026-02-23 00:00:00,3.67,7.8
2026-02-23 01:00:00,3.0,7.1
2026-02-23 02:00:00,1.88,5.6
2026-02-23 03:00:00,1.91,3.6
2026-02-23 04:00:00,1.31,3.6
2026-02-23 05:00:00,1.31,2.5
2026-02-23 06:00:00,1.53,2.7
2026-02-23 07:00:00,1.83,3.3
2026-02-23 08:00:00,2.34,4.5
2026-02-23 09:00:00,2.53,4.7
2026-02-23 10:00:00,2.56,4.8
2026-02-23 11:00:00,2.15,4.9
2026-02-23 12:00:00,1.84,4.4
2026-02-23 13:00:00,1.47,3.7
2026-02-23 14:00:00,1.52,3.5
2026-02-23 15:00:00,1.14,2.9
2026-02-23 16:00:00,1.14,2.8
2026-02-23 17:00:00,1.12,2.9
2026-02-23 18:00:00,1.32,2.3
2026-02-23 19:00:00,1.51,2.8
2026-02-23 20:00:00,1.41,2.6
2026-02-23 21:00:00,1.71,2.9
2026-02-23 22:00:00,1.55,3.4
2026-02-23 23:00:00,0.78,2.7
2026-02-24 00:00:00,1.32,2.1
2026-02-24 01:00:00,1.84,3.1
2026-02-24 02:00:00,2.06,3.4
2026-02-24 03:00:00,1.66,3.7
2026-02-24 04:00:00,1.73,2.9
2026-02-24 05:00:00,1.84,3.1
2026-02-24 06:00:00,1.98,3.6
2026-02-24 07:00:00,2.05,3.5
2026-02-24 08:00:00,2.05,3.7
2026-02-24 09:00:00,1.79,3.6
2026-02-24 10:00:00,1.91,3.9
2026-02-24 11:00:00,2.31,4.7
2026-02-24 12:00:00,2.49,5.5
2026-02-24 13:00:00,3.32,6.9
2026-02-24 14:00:00,3.43,7.7
2026-02-24 15:00:00,2.98,6.8
2026-02-24 16:00:00,2.85,6.5
2026-02-24 17:00:00,2.71,6.7
2026-02-24 18:00:00,2.34,5.5
2026-02-24 19:00:00,1.76,4.5
2026-02-24 20:00:00,2.9,4.7
2026-02-24 21:00:00,2.21,5.3
2026-02-24 22:00:00,1.85,4.0
2026-02-24 23:00:00,1.66,3.4
2026-02-25 00:00:00,1.88,3.3
2026-02-25 01:00:00,2.33,4.5
2026-02-25 02:00:00,2.48,4.4
2026-02-25 03:00:00,1.86,4.5
2026-02-25 04:00:00,1.5,3.4
2026-02-25 05:00:00,1.45,2.8
2026-02-25 06:00:00,2.06,4.2
2026-02-25 07:00:00,2.46,5.1
2026-02-25 08:00:00,2.46,5.3
2026-02-25 09:00:00,2.41,5.2
2026-02-25 10:00:00,2.65,5.6
2026-02-25 11:00:00,3.16,6.6
2026-02-25 12:00:00,3.38,6.9
2026-02-25 13:00:00,3.8,7.6
2026-02-25 14:00:00,4.18,8.8
2026-02-25 15:00:00,4.26,8.7
2026-02-25 16:00:00,4.74,9.7
2026-02-25 17:00:00,4.52,9.8
2026-02-25 18:00:00,4.22,9.0
2026-02-25 19:00:00,4.55,8.9
2026-02-25 20:00:00,4.75,8.9
2026-02-25 21:00:00,5.0,9.8
2026-02-25 22:00:00,5.15,10.1
2026-02-25 23:00:00,4.96,10.1
2026-02-26 00:00:00,4.72,9.6
2026-02-26 01:00:00,4.8,9.2
2026-02-26 02:00:00,4.8,9.5
2026-02-26 03:00:00,4.95,9.3
2026-02-26 04:00:00,5.2,9.9
2026-02-26 05:00:00,4.82,9.9
2026-02-26 06:00:00,4.52,9.1
2026-02-26 07:00:00,4.8,9.0
2026-02-26 08:00:00,4.65,9.1
2026-02-26 09:00:00,4.55,8.7
2026-02-26 10:00:00,4.55,9.0
2026-02-26 11:00:00,4.84,9.8
2026-02-26 12:00:00,4.95,10.5
2026-02-26 13:00:00,5.0,10.9
2026-02-26 14:00:00,5.17,11.7
2026-02-26 15:00:00,5.79,12.2
2026-02-26 16:00:00,5.04,11.0
2026-02-26 17:00:00,4.71,9.3
2026-02-26 18:00:00,4.58,8.7
2026-02-26 19:00:00,4.43,8.5
2026-02-26 20:00:00,4.3,8.1
2026-02-26 21:00:00,4.16,8.1
2026-02-26 22:00:00,4.01,7.6
2026-02-26 23:00:00,4.32,7.8
2026-02-27 00:00:00,4.81,8.8
2026-02-27 01:00:00,4.67,9.0
2026-02-27 02:00:00,4.36,8.7
2026-02-27 03:00:00,4.31,7.8
2026-02-27 04:00:00,3.85,8.0
2026-02-27 05:00:00,4.25,7.7
2026-02-27 06:00:00,4.16,7.8
2026-02-27 07:00:00,4.46,8.1
2026-02-27 08:00:00,3.15,8.2
2026-02-27 09:00:00,4.3,7.6
2026-02-27 10:00:00,4.97,9.0
2026-02-27 11:00:00,4.85,9.1
2026-02-27 12:00:00,4.8,9.1
2026-02-27 13:00:00,4.76,9.3
2026-02-27 14:00:00,3.93,9.2
2026-02-27 15:00:00,4.69,9.0
2026-02-27 16:00:00,4.48,8.8
2026-02-27 17:00:00,3.91,8.3
2026-02-27 18:00:00,3.76,7.2
2026-02-27 19:00:00,3.6,6.8
2026-02-27 20:00:00,2.76,6.5
2026-02-27 21:00:00,3.37,6.1
2026-02-27 22:00:00,3.2,6.0
2026-02-27 23:00:00,3.04,5.6
2026-02-28 00:00:00,2.65,5.3
2026-02-28 01:00:00,1.84,4.7
2026-02-28 02:00:00,2.12,3.2
2026-02-28 03:00:00,2.07,3.5
2026-02-28 04:00:00,2.75,4.6
2026-02-28 05:00:00,2.47,4.7
2026-02-28 06:00:00,2.15,4.2
2026-02-28 07:00:00,1.75,3.6
2026-02-28 08:00:00,1.65,3.2
2026-02-28 09:00:00,1.71,2.9
2026-02-28 10:00:00,1.44,2.9
2026-02-28 11:00:00,1.74,2.9
2026-02-28 12:00:00,1.98,3.5
2026-02-28 13:00:00,1.82,4.2
2026-02-28 14:00:00,1.47,4.2
2026-02-28 15:00:00,1.96,4.3
2026-02-28 16:00:00,2.49,4.5
2026-02-28 17:00:00,2.9,5.1
2026-02-28 18:00:00,2.1,5.2
2026-02-28 19:00:00,2.4,4.1
2026-02-28 20:00:00,2.48,5.0
2026-02-28 21:00:00,4.27,7.5
2026-02-28 22:00:00,4.25,8.1
2026-02-28 23:00:00,4.27,8.0
2026-03-01 00:00:00,3.38,7.8
2026-03-01 01:00:00,3.26,6.0
2026-03-01 02:00:00,4.88,6.9
2026-03-01 03:00:00,4.58,9.2
2026-03-01 04:00:00,3.97,8.2
2026-03-01 05:00:00,3.45,7.2
2026-03-01 06:00:00,4.94,9.2
2026-03-01 07:00:00,4.91,9.2
2026-03-01 08:00:00,5.52,10.1
2026-03-01 09:00:00,5.69,11.3
2026-03-01 10:00:00,6.1,11.7
2026-03-01 11:00:00,6.51,13.0
2026-03-01 12:00:00,6.53,13.2
2026-03-01 13:00:00,6.45,13.1
2026-03-01 14:00:00,6.49,13.7
2026-03-01 15:00:00,6.94,14.7
2026-03-01 16:00:00,6.85,15.2
2026-03-01 17:00:00,5.93,13.9
2026-03-01 18:00:00,5.23,11.8
2026-03-01 19:00:00,4.65,10.3
2026-03-01 20:00:00,4.25,9.0
2026-03-01 21:00:00,3.98,8.1
2026-03-01 22:00:00,3.6,7.5
2026-03-01 23:00:00,3.34,6.7
2026-03-02 00:00:00,3.16,6.1
2026-03-02 01:00:00,2.85,5.7
2026-03-02 02:00:00,2.62,4.9
2026-03-02 03:00:00,2.65,4.6
2026-03-02 04:00:00,2.44,4.5
2026-03-02 05:00:00,2.14,4.2
2026-03-02 06:00:00,1.49,3.3
2026-03-02 07:00:00,1.49,2.8
2026-03-02 08:00:00,1.61,2.7
2026-03-02 09:00:00,1.96,3.2
2026-03-02 10:00:00,1.5,3.5
2026-03-02 11:00:00,1.28,3.0
2026-03-02 12:00:00,1.16,2.9
2026-03-02 13:00:00,1.26,3.4
2026-03-02 14:00:00,1.2,3.4
2026-03-02 15:00:00,1.81,3.4
2026-03-02 16:00:00,1.45,3.3
2026-03-02 17:00:00,1.79,3.1
2026-03-02 18:00:00,1.84,3.2
2026-03-02 19:00:00,2.26,3.6
2026-03-02 20:00:00,1.96,3.9
2026-03-02 21:00:00,2.68,4.5
2026-03-02 22:00:00,2.26,4.4
2026-03-02 23:00:00,1.84,3.5
2026-03-03 00:00:00,2.29,3.8
2026-03-03 01:00:00,2.67,4.6
2026-03-03 02:00:00,2.73,4.6
2026-03-03 03:00:00,2.59,4.6
2026-03-03 04:00:00,2.82,4.9
2026-03-03 05:00:00,2.91,5.2
2026-03-03 06:00:00,2.93,5.2
2026-03-03 07:00:00,3.19,5.7
2026-03-03 08:00:00,3.76,6.0
2026-03-03 09:00:00,4.0,6.8
2026-03-03 10:00:00,4.2,7.7
2026-03-03 11:00:00,3.77,7.9
2026-03-03 12:00:00,3.87,8.2
2026-03-03 13:00:00,4.27,9.1
2026-03-03 14:00:00,4.62,10.5
2026-03-03 15:00:00,5.76,12.0
2026-03-03 16:00:00,5.92,12.1
2026-03-03 17:00:00,5.45,12.1
2026-03-03 18:00:00,5.05,10.8
2026-03-03 19:00:00,4.94,9.8
2026-03-03 20:00:00,5.02,9.6
2026-03-03 21:00:00,4.97,9.7
2026-03-03 22:00:00,4.82,9.7
2026-03-03 23:00:00,4.43,9.4
2026-03-04 00:00:00,4.12,8.6
2026-03-04 01:00:00,3.94,7.8
2026-03-04 02:00:00,4.2,7.5
2026-03-04 03:00:00,3.98,7.8
2026-03-04 04:00:00,3.98,7.5
2026-03-04 05:00:00,4.01,7.6
2026-03-04 06:00:00,3.94,7.6
2026-03-04 07:00:00,3.83,7.4
2026-03-04 08:00:00,3.99,7.1
2026-03-04 09:00:00,4.03,7.4
2026-03-04 10:00:00,3.22,7.6
2026-03-04 11:00:00,4.0,8.6
2026-03-04 12:00:00,3.84,9.0
2026-03-04 13:00:00,4.07,9.0
2026-03-04 14:00:00,4.13,9.9
2026-03-04 15:00:00,4.66,9.9
2026-03-04 16:00:00,4.85,10.2
2026-03-04 17:00:00,3.94,9.9
2026-03-04 18:00:00,3.94,7.7
2026-03-04 19:00:00,3.99,7.5
2026-03-04 20:00:00,3.93,7.4
2026-03-04 21:00:00,3.8,7.1
2026-03-04 22:00:00,3.89,7.2
2026-03-04 23:00:00,3.64,7.2
2026-03-05 00:00:00,3.42,6.7
2026-03-05 01:00:00,3.15,6.2
2026-03-05 02:00:00,2.96,5.7
2026-03-05 03:00:00,2.7,5.1
2026-03-05 04:00:00,2.72,4.8
2026-03-05 05:00:00,2.64,4.8
2026-03-05 06:00:00,2.67,4.8
2026-03-05 07:00:00,2.56,4.7
2026-03-05 08:00:00,2.44,4.5
2026-03-05 09:00:00,2.6,4.6
2026-03-05 10:00:00,1.78,4.7
2026-03-05 11:00:00,2.0,5.2
2026-03-05 12:00:00,2.35,6.0
2026-03-05 13:00:00,2.75,6.7
2026-03-05 14:00:00,2.7,6.7
2026-03-05 15:00:00,2.71,6.7
2026-03-05 16:00:00,2.6,6.3
2026-03-05 17:00:00,2.2,5.8
2026-03-05 18:00:00,2.45,4.1
2026-03-05 19:00:00,1.86,3.9
2026-03-05 20:00:00,1.95,2.9
2026-03-05 21:00:00,2.11,3.7
2026-03-05 22:00:00,1.81,3.5
2026-03-05 23:00:00,1.7,3.0
2026-03-06 00:00:00,1.48,2.7
2026-03-06 01:00:00,0.79,2.2
2026-03-06 02:00:00,0.61,1.1
2026-03-06 03:00:00,0.6,0.9
2026-03-06 04:00:00,0.68,1.0
2026-03-06 05:00:00,0.82,1.2
2026-03-06 06:00:00,0.74,1.2
2026-03-06 07:00:00,0.67,1.1
2026-03-06 08:00:00,0.67,1.1
2026-03-06 09:00:00,1.51,2.8
2026-03-06 10:00:00,1.06,3.2
2026-03-06 11:00:00,1.17,3.8
2026-03-06 12:00:00,1.75,4.9
2026-03-06 13:00:00,2.26,5.7
2026-03-06 14:00:00,2.01,6.2
2026-03-06 15:00:00,2.59,6.0
2026-03-06 16:00:00,2.71,5.9
2026-03-06 17:00:00,2.06,5.6
2026-03-06 18:00:00,2.67,3.8
2026-03-06 19:00:00,3.12,4.6
2026-03-06 20:00:00,2.41,5.1
2026-03-06 21:00:00,2.69,4.8
2026-03-06 22:00:00,2.17,4.5
2026-03-06 23:00:00,1.75,3.7
2026-03-07 00:00:00,1.61,2.9
2026-03-07 01:00:00,1.11,2.5
2026-03-07 02:00:00,0.76,1.5
2026-03-07 03:00:00,0.29,1.0
2026-03-07 04:00:00,0.43,0.8
2026-03-07 05:00:00,0.68,1.1
2026-03-07 06:00:00,0.63,1.2
2026-03-07 07:00:00,0.82,1.3
2026-03-07 08:00:00,0.65,1.4
2026-03-07 09:00:00,0.99,2.4
2026-03-07 10:00:00,0.4,2.5
2026-03-07 11:00:00,0.29,2.5
2026-03-07 12:00:00,0.25,2.6
2026-03-07 13:00:00,0.29,2.6
2026-03-07 14:00:00,0.05,2.2
2026-03-07 15:00:00,0.14,1.8
2026-03-07 16:00:00,1.01,1.6
2026-03-07 17:00:00,1.67,3.4
2026-03-07 18:00:00,2.05,2.9
2026-03-07 19:00:00,2.84,5.2
2026-03-07 20:00:00,3.13,4.9
2026-03-07 21:00:00,2.92,5.0
2026-03-07 22:00:00,2.64,4.6
2026-03-07 23:00:00,2.3,4.2
2026-03-08 00:00:00,1.65,3.6
2026-03-08 01:00:00,1.78,2.7
2026-03-08 02:00:00,2.35,3.5
2026-03-08 03:00:00,2.28,4.2
2026-03-08 04:00:00,2.24,3.7
2026-03-08 05:00:00,2.01,3.7
2026-03-08 06:00:00,2.36,3.8
2026-03-08 07:00:00,2.22,3.8
2026-03-08 08:00:00,2.55,3.7
2026-03-08 09:00:00,3.01,5.1
2026-03-08 10:00:00,2.26,5.3
2026-03-08 11:00:00,2.18,5.3
2026-03-08 12:00:00,2.84,6.7
2026-03-08 13:00:00,3.29,7.5
2026-03-08 14:00:00,3.08,8.2
2026-03-08 15:00:00,3.83,8.3
2026-03-08 16:00:00,3.81,8.3
2026-03-08 17:00:00,3.36,7.9
2026-03-08 18:00:00,3.11,6.5
2026-03-08 19:00:00,3.33,5.9
2026-03-08 20:00:00,3.15,5.8
2026-03-08 21:00:00,3.1,5.6
2026-03-08 22:00:00,2.97,5.4
2026-03-08 23:00:00,2.91,5.1
2026-03-09 00:00:00,2.97,5.1
2026-03-09 01:00:00,3.11,5.3
2026-03-09 02:00:00,3.31,5.5
2026-03-09 03:00:00,3.12,5.8
2026-03-09 04:00:00,3.03,5.4
2026-03-09 05:00:00,2.86,5.2
2026-03-09 06:00:00,2.79,4.9
2026-03-09 07:00:00,2.24,4.6
2026-03-09 08:00:00,2.25,3.8
2026-03-09 09:00:00,2.44,4.7
2026-03-09 10:00:00,2.05,4.6
2026-03-09 11:00:00,1.7,4.6
2026-03-09 12:00:00,1.9,5.0
2026-03-09 13:00:00,2.11,5.4
2026-03-09 14:00:00,1.5,5.8
2026-03-09 15:00:00,2.42,5.7
2026-03-09 16:00:00,2.83,6.2
2026-03-09 17:00:00,2.69,6.2
2026-03-09 18:00:00,2.9,5.1
2026-03-09 19:00:00,2.96,5.3
2026-03-09 20:00:00,2.77,5.0
2026-03-09 21:00:00,2.98,5.0
2026-03-09 22:00:00,2.98,5.1
2026-03-09 23:00:00,2.68,5.2
2026-03-10 00:00:00,2.21,4.7
2026-03-10 01:00:00,1.83,3.7
2026-03-10 02:00:00,1.66,3.1
2026-03-10 03:00:00,1.57,2.9
2026-03-10 04:00:00,1.64,2.8
2026-03-10 05:00:00,1.63,2.7
2026-03-10 06:00:00,1.71,2.9
2026-03-10 07:00:00,1.81,3.3
2026-03-10 08:00:00,1.61,3.2
2026-03-10 09:00:00,2.3,3.9
2026-03-10 10:00:00,1.81,4.2
2026-03-10 11:00:00,1.53,4.4
2026-03-10 12:00:00,1.95,5.3
2026-03-10 13:00:00,2.39,6.0
2026-03-10 14:00:00,2.17,6.4
2026-03-10 15:00:00,2.86,6.4
2026-03-10 16:00:00,3.08,6.5
2026-03-10 17:00:00,2.56,6.5
2026-03-10 18:00:00,2.51,4.8
2026-03-10 19:00:00,2.86,4.7
2026-03-10 20:00:00,2.13,4.7
2026-03-10 21:00:00,2.45,4.1
2026-03-10 22:00:00,2.53,4.2
2026-03-10 23:00:00,2.86,5.0
2026-03-11 00:00:00,2.75,5.2
2026-03-11 01:00:00,2.74,5.2
2026-03-11 02:00:00,2.09,4.7
2026-03-11 03:00:00,1.85,3.6
2026-03-11 04:00:00,1.45,3.2
2026-03-11 05:00:00,1.9,3.2
2026-03-11 06:00:00,2.38,4.1
2026-03-11 07:00:00,3.06,5.4
2026-03-11 08:00:00,3.4,6.1
2026-03-11 09:00:00,3.6,6.4
2026-03-11 10:00:00,3.61,6.7
2026-03-11 11:00:00,3.82,6.8
2026-03-11 12:00:00,4.46,7.6
2026-03-11 13:00:00,3.3,8.2
2026-03-11 14:00:00,3.25,8.2
2026-03-11 15:00:00,4.22,8.5
2026-03-11 16:00:00,4.92,11.5
2026-03-11 17:00:00,4.16,10.1
2026-03-11 18:00:00,3.95,8.0
2026-03-11 19:00:00,4.06,7.5
2026-03-11 20:00:00,4.25,8.4
2026-03-11 21:00:00,4.32,8.4
2026-03-11 22:00:00,4.2,7.8
2026-03-11 23:00:00,4.16,7.6
2026-03-12 00:00:00,4.27,7.8
2026-03-12 01:00:00,4.21,7.7
2026-03-12 02:00:00,4.32,8.7
2026-03-12 03:00:00,4.42,8.2
2026-03-12 04:00:00,4.0,8.1
2026-03-12 05:00:00,4.25,8.0
2026-03-12 06:00:00,4.32,8.3
2026-03-12 07:00:00,3.93,8.1
2026-03-12 08:00:00,3.56,7.2
2026-03-12 09:00:00,4.6,8.8
2026-03-12 10:00:00,4.38,9.1
2026-03-12 11:00:00,4.51,9.6
2026-03-12 12:00:00,5.39,11.0
2026-03-12 13:00:00,5.95,12.6
2026-03-12 14:00:00,5.78,12.8
2026-03-12 15:00:00,5.63,12.5
2026-03-12 16:00:00,5.28,11.7
2026-03-12 17:00:00,5.21,11.0
2026-03-12 18:00:00,5.39,10.5
2026-03-12 19:00:00,5.68,11.1
2026-03-12 20:00:00,5.89,11.6
2026-03-12 21:00:00,5.81,11.9
2026-03-12 22:00:00,6.14,12.0
2026-03-12 23:00:00,6.43,12.6
2026-03-13 00:00:00,6.59,13.1
2026-03-13 01:00:00,6.57,13.1
2026-03-13 02:00:00,6.18,13.0
2026-03-13 03:00:00,6.16,12.3
2026-03-13 04:00:00,6.09,12.1
2026-03-13 05:00:00,6.02,12.0
2026-03-13 06:00:00,6.22,12.2
2026-03-13 07:00:00,6.4,12.6
2026-03-13 08:00:00,6.32,13.1
2026-03-13 09:00:00,6.74,14.1
2026-03-13 10:00:00,6.8,13.9
2026-03-13 11:00:00,7.23,14.8
2026-03-13 12:00:00,8.11,16.6
2026-03-13 13:00:00,7.9,16.7
2026-03-13 14:00:00,6.61,16.2
2026-03-13 15:00:00,6.35,14.0
2026-03-13 16:00:00,5.55,13.1
2026-03-13 17:00:00,5.41,11.4
2026-03-13 18:00:00,4.36,10.6
2026-03-13 19:00:00,3.73,8.2
2026-03-13 20:00:00,2.17,6.9
2026-03-13 21:00:00,2.77,5.2
2026-03-13 22:00:00,2.19,5.1
2026-03-13 23:00:00,1.98,4.0
2026-03-14 00:00:00,1.72,3.5
2026-03-14 01:00:00,1.27,3.0
2026-03-14 02:00:00,0.5,2.1
2026-03-14 03:00:00,0.11,0.7
2026-03-14 04:00:00,0.39,0.7
2026-03-14 05:00:00,0.54,1.0
2026-03-14 06:00:00,0.96,1.8
2026-03-14 07:00:00,1.33,2.2
2026-03-14 08:00:00,1.65,3.5
2026-03-14 09:00:00,1.86,3.7
2026-03-14 10:00:00,2.73,5.3
2026-03-14 11:00:00,2.55,5.2
2026-03-14 12:00:00,3.2,5.9
2026-03-14 13:00:00,3.08,6.2
2026-03-14 14:00:00,2.95,5.7
2026-03-14 15:00:00,3.09,6.2
2026-03-14 16:00:00,3.1,6.0
2026-03-14 17:00:00,2.61,5.8
2026-03-14 18:00:00,2.71,5.0
2026-03-14 19:00:00,2.77,4.9
2026-03-14 20:00:00,1.43,4.9
2026-03-14 21:00:00,1.52,2.8
2026-03-14 22:00:00,1.46,2.7
2026-03-14 23:00:00,1.54,2.8
2026-03-15 00:00:00,1.85,3.4
2026-03-15 01:00:00,1.88,3.5
2026-03-15 02:00:00,2.21,4.0
2026-03-15 03:00:00,1.38,3.7
2026-03-15 04:00:00,1.04,2.4
2026-03-15 05:00:00,0.85,1.6
2026-03-15 06:00:00,0.89,1.5
2026-03-15 07:00:00,1.23,2.1
2026-03-15 08:00:00,1.49,2.8
2026-03-15 09:00:00,1.73,3.5
2026-03-15 10:00:00,2.03,4.4
2026-03-15 11:00:00,3.1,6.4
2026-03-15 12:00:00,3.51,7.5
2026-03-15 13:00:00,3.32,7.5
2026-03-15 14:00:00,3.36,8.3
2026-03-15 15:00:00,3.45,7.6
2026-03-15 16:00:00,3.62,7.6
2026-03-15 17:00:00,3.51,8.0
2026-03-15 18:00:00,3.0,7.2
2026-03-15 19:00:00,2.67,5.8
2026-03-15 20:00:00,2.8,5.1
2026-03-15 21:00:00,1.6,4.9
2026-03-15 22:00:00,1.39,2.8
2026-03-15 23:00:00,2.05,3.5
2026-03-16 00:00:00,3.32,5.8
2026-03-16 01:00:00,3.27,6.1
2026-03-16 02:00:00,3.18,6.0
2026-03-16 03:00:00,3.2,5.9
2026-03-16 04:00:00,3.33,6.2
2026-03-16 05:00:00,3.75,7.0
2026-03-16 06:00:00,4.05,7.6
2026-03-16 07:00:00,4.29,8.1
2026-03-16 08:00:00,4.25,8.5
2026-03-16 09:00:00,4.59,8.6
2026-03-16 10:00:00,5.23,10.3
2026-03-16 11:00:00,5.69,11.9
2026-03-16 12:00:00,5.48,11.8
2026-03-16 13:00:00,6.07,13.3
2026-03-16 14:00:00,5.01,13.0
2026-03-16 15:00:00,4.85,10.9
2026-03-16 16:00:00,4.83,10.3
2026-03-16 17:00:00,3.73,10.2
2026-03-16 18:00:00,3.01,7.7
2026-03-16 19:00:00,2.71,5.9
2026-03-16 20:00:00,2.75,5.1
2026-03-16 21:00:00,2.31,4.9
2026-03-16 22:00:00,2.07,4.4
2026-03-16 23:00:00,1.73,3.7
2026-03-17 00:00:00,1.25,3.0
2026-03-17 01:00:00,1.09,2.0
2026-03-17 02:00:00,1.7,2.3
2026-03-17 03:00:00,1.9,3.5
2026-03-17 04:00:00,1.67,3.5
2026-03-17 05:00:00,1.56,3.0
2026-03-17 06:00:00,1.51,2.8
2026-03-17 07:00:00,1.35,2.6
2026-03-17 08:00:00,1.46,3.2
2026-03-17 09:00:00,1.23,3.7
2026-03-17 10:00:00,1.26,3.9
2026-03-17 11:00:00,1.22,4.3
2026-03-17 12:00:00,1.26,4.4
2026-03-17 13:00:00,1.66,5.3
2026-03-17 14:00:00,2.69,6.4
2026-03-17 15:00:00,2.7,7.1
2026-03-17 16:00:00,2.6,6.9
2026-03-17 17:00:00,2.6,6.4
2026-03-17 18:00:00,1.99,5.8
2026-03-17 19:00:00,2.55,4.2
2026-03-17 20:00:00,3.97,7.5
2026-03-17 21:00:00,3.46,7.3
2026-03-17 22:00:00,3.4,6.5
2026-03-17 23:00:00,3.3,6.6
2026-03-18 00:00:00,3.26,6.4
2026-03-18 01:00:00,3.15,6.4
2026-03-18 02:00:00,2.66,6.1
2026-03-18 03:00:00,2.91,5.7
2026-03-18 04:00:00,3.2,6.3
2026-03-18 05:00:00,3.1,6.4
2026-03-18 06:00:00,3.3,6.2
2026-03-18 07:00:00,3.21,6.3
2026-03-18 08:00:00,3.28,6.8
2026-03-18 09:00:00,3.58,7.3
2026-03-18 10:00:00,2.91,7.6
2026-03-18 11:00:00,2.95,6.9
2026-03-18 12:00:00,3.4,7.8
2026-03-18 13:00:00,3.96,8.9
2026-03-18 14:00:00,4.11,9.7
2026-03-18 15:00:00,4.3,9.5
2026-03-18 16:00:00,4.17,9.4
2026-03-18 17:00:00,3.61,8.9
2026-03-18 18:00:00,3.01,7.1
2026-03-18 19:00:00,2.93,5.6
2026-03-18 20:00:00,2.97,5.1
2026-03-18 21:00:00,3.15,5.7
2026-03-18 22:00:00,3.18,5.8
2026-03-18 23:00:00,3.04,5.7
2026-03-19 00:00:00,3.01,5.5
2026-03-19 01:00:00,2.97,5.4
2026-03-19 02:00:00,3.09,5.5
2026-03-19 03:00:00,3.18,5.8
2026-03-19 04:00:00,3.23,5.8
2026-03-19 05:00:00,3.29,6.1
2026-03-19 06:00:00,3.34,6.1
2026-03-19 07:00:00,3.49,6.4
2026-03-19 08:00:00,3.5,6.5
2026-03-19 09:00:00,3.4,6.8
2026-03-19 10:00:00,2.99,6.6
2026-03-19 11:00:00,3.1,6.8
2026-03-19 12:00:00,3.06,6.8
2026-03-19 13:00:00,3.25,7.3
2026-03-19 14:00:00,3.0,7.4
2026-03-19 15:00:00,3.57,7.6
2026-03-19 16:00:00,3.44,8.1
2026-03-19 17:00:00,3.07,7.3
2026-03-19 18:00:00,2.94,6.0
2026-03-19 19:00:00,2.93,5.7
2026-03-19 20:00:00,2.8,5.3
2026-03-19 21:00:00,2.66,4.9
2026-03-19 22:00:00,2.14,4.7
2026-03-19 23:00:00,2.14,3.8
2026-03-20 00:00:00,2.5,4.4
2026-03-20 01:00:00,2.34,4.4
2026-03-20 02:00:00,2.14,4.2
2026-03-20 03:00:00,1.63,3.6
2026-03-20 04:00:00,1.43,3.0
2026-03-20 05:00:00,1.46,2.7
2026-03-20 06:00:00,1.42,2.7
2026-03-20 07:00:00,1.32,2.6
2026-03-20 08:00:00,1.72,2.4
2026-03-20 09:00:00,0.93,3.1
2026-03-20 10:00:00,0.43,3.0
2026-03-20 11:00:00,0.25,2.9
2026-03-20 12:00:00,0.86,3.8
2026-03-20 13:00:00,1.1,4.3
2026-03-20 14:00:00,0.85,4.3
2026-03-20 15:00:00,0.71,3.8
2026-03-20 16:00:00,0.99,3.5
2026-03-20 17:00:00,1.28,3.5
2026-03-20 18:00:00,1.69,3.3
2026-03-20 19:00:00,1.53,3.6
2026-03-20 20:00:00,1.84,4.7
2026-03-20 21:00:00,4.04,7.1
2026-03-20 22:00:00,3.3,7.3
2026-03-20 23:00:00,2.93,6.0
2026-03-21 00:00:00,2.34,5.4
2026-03-21 01:00:00,1.66,4.2
2026-03-21 02:00:00,1.28,3.1
2026-03-21 03:00:00,1.06,2.2
2026-03-21 04:00:00,1.22,2.2
2026-03-21 05:00:00,1.35,2.4
2026-03-21 06:00:00,1.42,2.5
2026-03-21 07:00:00,1.36,2.5
2026-03-21 08:00:00,1.42,2.8
2026-03-21 09:00:00,1.63,3.8
2026-03-21 10:00:00,1.68,4.5
2026-03-21 11:00:00,2.33,5.9
2026-03-21 12:00:00,2.82,6.9
2026-03-21 13:00:00,3.41,7.9
2026-03-21 14:00:00,3.29,8.6
2026-03-21 15:00:00,3.48,8.1
2026-03-21 16:00:00,3.48,8.1
2026-03-21 17:00:00,3.29,7.8
2026-03-21 18:00:00,2.86,7.1
2026-03-21 19:00:00,3.21,5.6
2026-03-21 20:00:00,3.8,7.0
2026-03-21 21:00:00,3.11,6.7
2026-03-21 22:00:00,2.62,5.6
2026-03-21 23:00:00,2.55,4.7
2026-03-22 00:00:00,1.81,4.6
2026-03-22 01:00:00,1.62,3.4
2026-03-22 02:00:00,2.04,3.5
2026-03-22 03:00:00,1.5,3.8
2026-03-22 04:00:00,1.06,2.8
2026-03-22 05:00:00,1.03,2.1
2026-03-22 06:00:00,1.44,2.8
2026-03-22 07:00:00,1.47,3.0
2026-03-22 08:00:00,1.86,3.2
2026-03-22 09:00:00,1.64,4.4
2026-03-22 10:00:00,2.14,5.5
2026-03-22 11:00:00,2.79,6.8
2026-03-22 12:00:00,3.49,8.0
2026-03-22 13:00:00,4.39,9.9
2026-03-22 14:00:00,4.23,10.1
2026-03-22 15:00:00,4.07,9.7
2026-03-22 16:00:00,3.82,9.1
2026-03-22 17:00:00,3.58,8.4
2026-03-22 18:00:00,2.77,7.4
2026-03-22 19:00:00,2.16,5.2
2026-03-22 20:00:00,1.76,3.8
2026-03-22 21:00:00,1.54,3.0
2026-03-22 22:00:00,1.59,2.8
2026-03-22 23:00:00,1.74,3.1
2026-03-23 00:00:00,2.55,4.4
2026-03-23 01:00:00,2.65,4.9
2026-03-23 02:00:00,3.06,5.0
2026-03-23 03:00:00,2.55,5.4
2026-03-23 04:00:00,2.44,4.7
2026-03-23 05:00:00,2.35,4.5
2026-03-23 06:00:00,2.47,4.6
2026-03-23 07:00:00,2.51,4.7
2026-03-23 08:00:00,2.69,4.9
2026-03-23 09:00:00,2.35,5.0
2026-03-23 10:00:00,2.4,5.8
2026-03-23 11:00:00,2.97,6.8
2026-03-23 12:00:00,3.18,7.2
2026-03-23 13:00:00,3.61,8.6
2026-03-23 14:00:00,4.08,9.5
2026-03-23 15:00:00,4.5,9.7
2026-03-23 16:00:00,4.11,9.8
2026-03-23 17:00:00,3.86,8.7
2026-03-23 18:00:00,3.5,7.6
2026-03-23 19:00:00,3.3,6.7
2026-03-23 20:00:00,3.55,6.1
2026-03-23 21:00:00,3.21,6.2
2026-03-23 22:00:00,3.05,5.9
2026-03-23 23:00:00,2.5,5.7
2026-03-24 00:00:00,2.34,4.6
2026-03-24 01:00:00,2.2,4.3
2026-03-24 02:00:00,2.21,4.1
2026-03-24 03:00:00,2.41,4.4
2026-03-24 04:00:00,2.52,4.8
2026-03-24 05:00:00,2.57,4.9
2026-03-24 06:00:00,3.12,5.7
2026-03-24 07:00:00,3.58,6.8
2026-03-24 08:00:00,3.57,6.9
2026-03-24 09:00:00,3.9,7.7
2026-03-24 10:00:00,4.33,9.1
2026-03-24 11:00:00,4.83,10.4
2026-03-24 12:00:00,4.34,10.3
2026-03-24 13:00:00,4.56,9.6
2026-03-24 14:00:00,5.41,9.7
2026-03-24 15:00:00,5.17,11.6
2026-03-24 16:00:00,5.63,13.9
2026-03-24 17:00:00,5.53,11.4
2026-03-24 18:00:00,5.16,11.5
2026-03-24 19:00:00,4.95,10.3
2026-03-24 20:00:00,5.12,10.1
2026-03-24 21:00:00,5.2,10.2
2026-03-24 22:00:00,5.37,10.6
2026-03-24 23:00:00,5.51,10.9
2026-03-25 00:00:00,5.46,10.9
2026-03-25 01:00:00,5.72,10.9
2026-03-25 02:00:00,5.98,11.9
2026-03-25 03:00:00,6.45,12.4
2026-03-25 04:00:00,6.19,12.4
2026-03-25 05:00:00,6.28,12.2
2026-03-25 06:00:00,6.33,12.5
2026-03-25 07:00:00,6.66,12.8
2026-03-25 08:00:00,6.15,12.9
2026-03-25 09:00:00,6.85,13.2
2026-03-25 10:00:00,7.18,13.9
2026-03-25 11:00:00,7.33,14.2
2026-03-25 12:00:00,6.54,14.3
2026-03-25 13:00:00,6.91,15.2
2026-03-25 14:00:00,8.1,18.4
2026-03-25 15:00:00,8.76,18.1
2026-03-25 16:00:00,7.88,18.2
2026-03-25 17:00:00,7.13,17.3
2026-03-25 18:00:00,6.02,14.3
2026-03-25 19:00:00,6.0,12.5
2026-03-25 20:00:00,5.83,12.3
2026-03-25 21:00:00,5.79,12.2
2026-03-25 22:00:00,5.66,11.7
2026-03-25 23:00:00,5.69,11.5
2026-03-26 00:00:00,6.05,12.2
2026-03-26 01:00:00,6.81,13.8
2026-03-26 02:00:00,6.24,13.6
2026-03-26 03:00:00,5.48,12.2
2026-03-26 04:00:00,6.43,12.2
2026-03-26 05:00:00,6.06,12.5
2026-03-26 06:00:00,5.7,11.8
2026-03-26 07:00:00,5.8,11.3
2026-03-26 08:00:00,5.69,11.2
2026-03-26 09:00:00,6.42,11.5
2026-03-26 10:00:00,6.6,14.8
2026-03-26 11:00:00,6.42,13.8
2026-03-26 12:00:00,5.97,14.4
2026-03-26 13:00:00,6.25,13.6
2026-03-26 14:00:00,5.07,13.8
2026-03-26 15:00:00,6.36,13.4
2026-03-26 16:00:00,6.18,13.5
2026-03-26 17:00:00,5.28,13.1
2026-03-26 18:00:00,4.96,11.6
2026-03-26 19:00:00,4.15,9.8
2026-03-26 20:00:00,4.32,8.3
2026-03-26 21:00:00,3.87,8.4
2026-03-26 22:00:00,3.46,7.5
2026-03-26 23:00:00,3.18,6.7
2026-03-27 00:00:00,2.98,6.3
2026-03-27 01:00:00,3.01,5.8
2026-03-27 02:00:00,3.42,5.8
2026-03-27 03:00:00,2.94,6.2
2026-03-27 04:00:00,2.64,5.6
2026-03-27 05:00:00,2.31,4.9
2026-03-27 06:00:00,1.92,4.3
2026-03-27 07:00:00,1.68,3.7
2026-03-27 08:00:00,2.49,4.3
2026-03-27 09:00:00,3.16,6.8
2026-03-27 10:00:00,2.18,6.9
2026-03-27 11:00:00,2.29,6.2
2026-03-27 12:00:00,2.21,6.5
2026-03-27 13:00:00,2.16,6.3
2026-03-27 14:00:00,2.58,6.8
2026-03-27 15:00:00,3.24,7.6
2026-03-27 16:00:00,3.31,7.7
2026-03-27 17:00:00,3.35,7.5
2026-03-27 18:00:00,3.04,7.1
2026-03-27 19:00:00,3.98,7.8
2026-03-27 20:00:00,3.87,7.8
2026-03-27 21:00:00,3.67,7.4
2026-03-27 22:00:00,2.79,7.1
2026-03-27 23:00:00,2.41,5.4
2026-03-28 00:00:00,2.73,5.0
2026-03-28 01:00:00,3.11,5.8
2026-03-28 02:00:00,3.8,6.6
2026-03-28 03:00:00,3.77,7.2
2026-03-28 04:00:00,3.98,7.8
2026-03-28 05:00:00,4.13,8.2
2026-03-28 06:00:00,4.49,8.9
2026-03-28 07:00:00,4.58,9.1
2026-03-28 08:00:00,4.67,9.3
2026-03-28 09:00:00,4.72,9.4
2026-03-28 10:00:00,4.22,9.5
2026-03-28 11:00:00,4.01,8.8
2026-03-28 12:00:00,4.83,9.6
2026-03-28 13:00:00,4.81,10.2
2026-03-28 14:00:00,3.41,9.8
2026-03-28 15:00:00,3.47,7.5
2026-03-28 16:00:00,3.08,6.9
2026-03-28 17:00:00,2.93,6.3
2026-03-28 18:00:00,2.59,5.5
2026-03-28 19:00:00,1.87,4.9
2026-03-28 20:00:00,2.06,3.7
2026-03-28 21:00:00,1.68,3.8
2026-03-28 22:00:00,1.68,3.1
2026-03-28 23:00:00,1.97,3.7
2026-03-29 00:00:00,1.93,3.9
2026-03-29 01:00:00,1.71,3.6
2026-03-29 02:00:00,2.03,3.2
2026-03-29 03:00:00,1.46,3.3
2026-03-29 04:00:00,1.53,2.8
2026-03-29 05:00:00,1.57,2.9
2026-03-29 06:00:00,1.58,3.0
2026-03-29 07:00:00,1.8,3.4
2026-03-29 08:00:00,2.5,4.5
2026-03-29 09:00:00,3.58,6.9
2026-03-29 10:00:00,4.74,9.9
2026-03-29 11:00:00,4.21,10.0
2026-03-29 12:00:00,4.51,9.8
2026-03-29 13:00:00,4.93,10.7
2026-03-29 14:00:00,4.94,11.3
2026-03-29 15:00:00,4.88,11.1
2026-03-29 16:00:00,5.46,11.8
2026-03-29 17:00:00,5.32,11.8
2026-03-29 18:00:00,5.01,12.5
2026-03-29 19:00:00,4.48,10.1
2026-03-29 20:00:00,4.29,8.9
2026-03-29 21:00:00,4.49,8.4
2026-03-29 22:00:00,4.11,8.6
2026-03-29 23:00:00,4.16,8.1
2026-03-30 00:00:00,4.37,8.6
2026-03-30 01:00:00,4.56,9.0
2026-03-30 02:00:00,4.6,9.8
2026-03-30 03:00:00,5.1,9.7
2026-03-30 04:00:00,5.46,10.7
2026-03-30 05:00:00,5.5,11.2
2026-03-30 06:00:00,5.87,11.5
2026-03-30 07:00:00,6.2,12.1
2026-03-30 08:00:00,5.74,12.1
2026-03-30 09:00:00,5.34,11.1
2026-03-30 10:00:00,5.33,10.6
2026-03-30 11:00:00,4.94,10.4
2026-03-30 12:00:00,4.37,10.6
2026-03-30 13:00:00,3.63,8.8
2026-03-30 14:00:00,3.15,7.3
2026-03-30 15:00:00,2.69,6.3
2026-03-30 16:00:00,2.62,5.8
2026-03-30 17:00:00,2.7,6.2
2026-03-30 18:00:00,2.5,6.6
2026-03-30 19:00:00,2.27,5.3
2026-03-30 20:00:00,3.02,4.1
2026-03-30 21:00:00,3.23,5.7
2026-03-30 22:00:00,3.2,5.9
2026-03-30 23:00:00,3.11,5.8
2026-03-31 00:00:00,3.18,5.8
2026-03-31 01:00:00,3.06,5.9
2026-03-31 02:00:00,3.76,5.9
2026-03-31 03:00:00,3.48,7.0
2026-03-31 04:00:00,3.65,6.9
2026-03-31 05:00:00,3.61,7.1
2026-03-31 06:00:00,3.5,6.9
2026-03-31 07:00:00,3.55,6.7
2026-03-31 08:00:00,3.52,7.0
2026-03-31 09:00:00,2.83,6.5
2026-03-31 10:00:00,2.8,6.3
2026-03-31 11:00:00,1.88,6.2
2026-03-31 12:00:00,1.74,5.0
2026-03-31 13:00:00,2.16,5.6
2026-03-31 14:00:00,2.1,6.5
2026-03-31 15:00:00,2.58,6.3
2026-03-31 16:00:00,2.41,6.3
2026-03-31 17:00:00,2.26,6.0
2026-03-31 18:00:00,2.28,5.4
2026-03-31 19:00:00,1.32,4.4
2026-03-31 20:00:00,1.27,2.4
2026-03-31 21:00:00,0.85,1.6
2026-03-31 22:00:00,1.36,2.1
2026-03-31 23:00:00,1.66,2.9
2026-04-01 00:00:00,1.53,2.9
2026-04-01 01:00:00,1.08,2.7
2026-04-01 02:00:00,0.43,2.0
2026-04-01 03:00:00,0.43,1.3
2026-04-01 04:00:00,0.21,1.2
2026-04-01 05:00:00,0.1,0.6
2026-04-01 06:00:00,0.25,0.6
2026-04-01 07:00:00,0.38,0.9
2026-04-01 08:00:00,0.98,2.7
2026-04-01 09:00:00,1.09,3.2
2026-04-01 10:00:00,1.36,4.2
2026-04-01 11:00:00,2.3,6.1
2026-04-01 12:00:00,2.87,7.3
2026-04-01 13:00:00,3.0,7.5
2026-04-01 14:00:00,3.08,7.7
2026-04-01 15:00:00,3.61,8.2
2026-04-01 16:00:00,3.85,8.5
2026-04-01 17:00:00,4.0,8.6
2026-04-01 18:00:00,3.61,8.6
2026-04-01 19:00:00,3.13,7.2
2026-04-01 20:00:00,3.31,5.9
2026-04-01 21:00:00,3.36,6.0
2026-04-01 22:00:00,3.17,6.1
2026-04-01 23:00:00,2.77,5.8
2026-04-02 00:00:00,2.46,5.1
2026-04-02 01:00:00,2.09,4.5
2026-04-02 02:00:00,2.59,3.8
2026-04-02 03:00:00,2.41,4.7
2026-04-02 04:00:00,2.09,4.4
2026-04-02 05:00:00,2.23,4.0
2026-04-02 06:00:00,2.51,4.6
2026-04-02 07:00:00,2.49,4.6
2026-04-02 08:00:00,2.62,4.6
2026-04-02 09:00:00,2.65,4.9
2026-04-02 10:00:00,2.77,6.3
2026-04-02 11:00:00,2.41,6.2
2026-04-02 12:00:00,2.97,7.2
2026-04-02 13:00:00,3.33,8.2
2026-04-02 14:00:00,3.72,8.8
2026-04-02 15:00:00,3.68,8.9
2026-04-02 16:00:00,3.22,8.6
2026-04-02 17:00:00,3.13,7.4
2026-04-02 18:00:00,3.56,7.3
2026-04-02 19:00:00,2.85,7.2
2026-04-02 20:00:00,2.92,5.4
2026-04-02 21:00:00,2.69,5.5
2026-04-02 22:00:00,2.45,5.1
2026-04-02 23:00:00,2.42,4.5
2026-04-03 00:00:00,2.92,5.4
2026-04-03 01:00:00,2.79,5.6
2026-04-03 02:00:00,3.09,6.3
2026-04-03 03:00:00,3.57,6.9
2026-04-03 04:00:00,2.95,7.0
2026-04-03 05:00:00,2.22,5.7
2026-04-03 06:00:00,2.2,4.4
2026-04-03 07:00:00,2.16,4.3
2026-04-03 08:00:00,2.94,6.0
2026-04-03 09:00:00,3.77,7.0
2026-04-03 10:00:00,3.86,8.2
2026-04-03 11:00:00,4.41,9.6
2026-04-03 12:00:00,4.35,9.1
2026-04-03 13:00:00,4.7,10.0
2026-04-03 14:00:00,4.9,10.5
2026-04-03 15:00:00,4.63,9.9
2026-04-03 16:00:00,4.51,10.0
2026-04-03 17:00:00,4.58,9.8
2026-04-03 18:00:00,4.51,10.5
2026-04-03 19:00:00,3.71,10.1
2026-04-03 20:00:00,2.88,7.5
2026-04-03 21:00:00,2.24,5.6
2026-04-03 22:00:00,2.77,5.6
2026-04-03 23:00:00,2.92,5.5
2026-04-04 00:00:00,3.36,6.5
2026-04-04 01:00:00,3.86,7.4
2026-04-04 02:00:00,5.06,9.1
2026-04-04 03:00:00,6.02,12.0
2026-04-04 04:00:00,6.33,12.4
2026-04-04 05:00:00,6.07,12.2
2026-04-04 06:00:00,5.96,11.7
2026-04-04 07:00:00,6.11,11.8
2026-04-04 08:00:00,6.72,14.6
2026-04-04 09:00:00,6.78,13.5
2026-04-04 10:00:00,8.1,16.7
2026-04-04 11:00:00,8.85,18.6
2026-04-04 12:00:00,9.35,19.1
2026-04-04 13:00:00,9.71,20.3
2026-04-04 14:00:00,8.6,21.6
2026-04-04 15:00:00,8.72,20.8
2026-04-04 16:00:00,9.07,21.0
2026-04-04 17:00:00,8.77,19.4
2026-04-04 18:00:00,7.85,18.2
2026-04-04 19:00:00,7.3,16.1
2026-04-04 20:00:00,6.37,14.9
2026-04-04 21:00:00,6.15,12.7
2026-04-04 22:00:00,5.45,12.3
2026-04-04 23:00:00,4.66,10.8
2026-04-05 00:00:00,4.24,9.2
2026-04-05 01:00:00,3.35,8.3
2026-04-05 02:00:00,3.09,6.5
2026-04-05 03:00:00,2.26,5.6
2026-04-05 04:00:00,2.91,5.2
2026-04-05 05:00:00,3.56,6.7
2026-04-05 06:00:00,4.53,8.3
2026-04-05 07:00:00,5.99,11.7
2026-04-05 08:00:00,6.42,13.5
2026-04-05 09:00:00,7.8,14.6
2026-04-05 10:00:00,7.52,15.7
2026-04-05 11:00:00,6.5,15.4
2026-04-05 12:00:00,7.69,15.5
2026-04-05 13:00:00,9.52,19.4
2026-04-05 14:00:00,9.93,21.9
2026-04-05 15:00:00,10.76,22.7
2026-04-05 16:00:00,10.73,23.2
2026-04-05 17:00:00,10.53,24.2
2026-04-05 18:00:00,10.74,21.6
2026-04-05 19:00:00,10.65,22.9
2026-04-05 20:00:00,9.83,21.9
2026-04-05 21:00:00,9.96,21.1
2026-04-05 22:00:00,9.54,20.4
2026-04-05 23:00:00,10.38,19.8
2026-04-06 00:00:00,9.52,20.9
2026-04-06 01:00:00,9.79,19.6
2026-04-06 02:00:00,8.07,19.7
2026-04-06 03:00:00,7.86,16.6
2026-04-06 04:00:00,7.8,18.0
2026-04-06 05:00:00,8.36,17.5
2026-04-06 06:00:00,6.82,17.3
2026-04-06 07:00:00,6.31,16.0
2026-04-06 08:00:00,8.77,17.5
2026-04-06 09:00:00,9.65,19.7
2026-04-06 10:00:00,9.78,20.6
2026-04-06 11:00:00,9.77,20.6
2026-04-06 12:00:00,9.28,20.2
2026-04-06 13:00:00,9.74,21.8
2026-04-06 14:00:00,9.33,21.0
2026-04-06 15:00:00,9.21,19.3
2026-04-06 16:00:00,7.38,19.0
2026-04-06 17:00:00,7.77,17.3
2026-04-06 18:00:00,6.62,15.5
2026-04-06 19:00:00,6.28,13.5
2026-04-06 20:00:00,4.87,12.5
2026-04-06 21:00:00,5.59,10.7
2026-04-06 22:00:00,5.47,11.5
2026-04-06 23:00:00,5.05,10.8
2026-04-07 00:00:00,4.39,9.9
2026-04-07 01:00:00,4.15,8.5
2026-04-07 02:00:00,4.37,8.0
2026-04-07 03:00:00,3.98,8.3
2026-04-07 04:00:00,4.12,8.0
2026-04-07 05:00:00,4.57,9.1
2026-04-07 06:00:00,4.61,9.1
2026-04-07 07:00:00,4.59,9.2
2026-04-07 08:00:00,3.83,9.3
2026-04-07 09:00:00,4.82,10.3
2026-04-07 10:00:00,5.21,11.3
2026-04-07 11:00:00,5.23,11.6
2026-04-07 12:00:00,5.2,11.8
2026-04-07 13:00:00,5.46,12.2
2026-04-07 14:00:00,5.53,12.7
2026-04-07 15:00:00,5.44,12.6
2026-04-07 16:00:00,5.91,12.8
2026-04-07 17:00:00,5.45,12.7
2026-04-07 18:00:00,4.79,11.5
2026-04-07 19:00:00,3.33,9.6
2026-04-07 20:00:00,1.83,6.4
2026-04-07 21:00:00,2.14,3.9
2026-04-07 22:00:00,2.04,3.8
2026-04-07 23:00:00,1.61,3.7
2026-04-08 00:00:00,1.76,3.3
2026-04-08 01:00:00,1.88,3.6
2026-04-08 02:00:00,1.65,3.6
2026-04-08 03:00:00,1.64,3.4
2026-04-08 04:00:00,1.91,3.6
2026-04-08 05:00:00,2.4,4.5
2026-04-08 06:00:00,2.99,5.4
2026-04-08 07:00:00,3.3,6.1
2026-04-08 08:00:00,3.06,6.4
2026-04-08 09:00:00,3.16,7.3
2026-04-08 10:00:00,2.84,7.3
2026-04-08 11:00:00,3.94,8.9
2026-04-08 12:00:00,3.78,9.3
2026-04-08 13:00:00,3.75,9.2
2026-04-08 14:00:00,2.64,8.9
2026-04-08 15:00:00,2.64,7.2
2026-04-08 16:00:00,2.28,6.9
2026-04-08 17:00:00,2.44,6.1
2026-04-08 18:00:00,2.75,6.0
2026-04-08 19:00:00,1.75,5.9
2026-04-08 20:00:00,1.7,3.1
2026-04-08 21:00:00,3.31,5.7
2026-04-08 22:00:00,2.65,6.6
2026-04-08 23:00:00,1.92,5.0
2026-04-09 00:00:00,1.17,3.6
2026-04-09 01:00:00,0.74,2.2
2026-04-09 02:00:00,0.83,1.6
2026-04-09 03:00:00,1.19,2.5
2026-04-09 04:00:00,1.18,2.3
2026-04-09 05:00:00,1.35,2.6
2026-04-09 06:00:00,1.43,2.9
2026-04-09 07:00:00,1.95,3.6
2026-04-09 08:00:00,1.68,4.3
2026-04-09 09:00:00,1.35,4.3
2026-04-09 10:00:00,1.64,5.1
2026-04-09 11:00:00,1.84,5.8
2026-04-09 12:00:00,1.93,5.9
2026-04-09 13:00:00,1.92,5.8
2026-04-09 14:00:00,2.12,5.9
2026-04-09 15:00:00,2.14,6.1
2026-04-09 16:00:00,2.43,6.2
2026-04-09 17:00:00,2.72,6.5
2026-04-09 18:00:00,3.12,6.7
2026-04-09 19:00:00,3.28,6.7
2026-04-09 20:00:00,3.76,6.5
2026-04-09 21:00:00,3.48,7.1
2026-04-09 22:00:00,2.68,6.6
2026-04-09 23:00:00,2.72,5.2
2026-04-10 00:00:00,2.98,5.8
2026-04-10 01:00:00,2.84,5.9
2026-04-10 02:00:00,3.43,5.8
2026-04-10 03:00:00,3.43,6.9
2026-04-10 04:00:00,3.64,7.4
2026-04-10 05:00:00,3.68,7.4
2026-04-10 06:00:00,3.95,7.9
2026-04-10 07:00:00,4.12,8.5
2026-04-10 08:00:00,3.94,8.5
2026-04-10 09:00:00,4.24,9.3
2026-04-10 10:00:00,4.79,10.7
2026-04-10 11:00:00,6.13,14.4
2026-04-10 12:00:00,5.48,13.3
2026-04-10 13:00:00,4.91,12.3
2026-04-10 14:00:00,4.88,11.6
2026-04-10 15:00:00,4.92,11.4
2026-04-10 16:00:00,5.0,11.4
2026-04-10 17:00:00,4.62,11.1
2026-04-10 18:00:00,4.21,10.2
2026-04-10 19:00:00,3.27,9.1
2026-04-10 20:00:00,2.93,6.5
2026-04-10 21:00:00,2.55,5.3
2026-04-10 22:00:00,2.04,4.7
2026-04-10 23:00:00,1.98,4.0
2026-04-11 00:00:00,1.93,3.9
2026-04-11 01:00:00,1.76,3.9
2026-04-11 02:00:00,1.84,3.4
2026-04-11 03:00:00,1.27,3.5
2026-04-11 04:00:00,1.15,2.7
2026-04-11 05:00:00,0.96,2.4
2026-04-11 06:00:00,1.06,2.2
2026-04-11 07:00:00,1.55,2.9
2026-04-11 08:00:00,1.36,3.8
2026-04-11 09:00:00,1.2,4.1
2026-04-11 10:00:00,1.46,4.9
2026-04-11 11:00:00,1.61,5.5
2026-04-11 12:00:00,1.38,5.2
2026-04-11 13:00:00,1.56,5.3
2026-04-11 14:00:00,1.8,5.9
2026-04-11 15:00:00,2.17,6.1
2026-04-11 16:00:00,2.53,6.5
2026-04-11 17:00:00,2.97,6.9
2026-04-11 18:00:00,3.23,6.9
2026-04-11 19:00:00,3.25,6.8
2026-04-11 20:00:00,4.11,7.6
2026-04-11 21:00:00,3.85,8.1
2026-04-11 22:00:00,3.52,7.4
2026-04-11 23:00:00,3.42,6.8
2026-04-12 00:00:00,3.36,6.5
2026-04-12 01:00:00,3.53,6.9
2026-04-12 02:00:00,3.89,6.8
2026-04-12 03:00:00,3.77,7.5
2026-04-12 04:00:00,3.8,7.5
2026-04-12 05:00:00,3.64,7.4
2026-04-12 06:00:00,3.73,7.3
2026-04-12 07:00:00,3.59,7.2
2026-04-12 08:00:00,3.38,7.0
2026-04-12 09:00:00,3.14,6.6
2026-04-12 10:00:00,3.26,7.2
2026-04-12 11:00:00,3.47,7.6
2026-04-12 12:00:00,3.83,8.1
2026-04-12 13:00:00,4.43,9.5
2026-04-12 14:00:00,4.85,10.7
2026-04-12 15:00:00,4.64,10.5
2026-04-12 16:00:00,4.42,10.0
2026-04-12 17:00:00,4.14,9.2
2026-04-12 18:00:00,4.14,8.5
2026-04-12 19:00:00,3.76,8.1
2026-04-12 20:00:00,3.67,7.3
2026-04-12 21:00:00,3.87,7.3
2026-04-12 22:00:00,4.08,7.8
2026-04-12 23:00:00,4.12,8.0
2026-04-13 00:00:00,4.02,7.9
2026-04-13 01:00:00,3.97,7.8
2026-04-13 02:00:00,3.78,7.7
2026-04-13 03:00:00,3.78,7.3
2026-04-13 04:00:00,3.62,7.2
2026-04-13 05:00:00,3.73,7.0
2026-04-13 06:00:00,4.01,7.6
2026-04-13 07:00:00,4.25,8.0
2026-04-13 08:00:00,3.69,8.7
2026-04-13 09:00:00,4.07,8.4
2026-04-13 10:00:00,4.72,10.0
2026-04-13 11:00:00,5.76,12.3
2026-04-13 12:00:00,6.01,13.0
2026-04-13 13:00:00,5.93,13.0
2026-04-13 14:00:00,5.65,13.2
2026-04-13 15:00:00,5.69,12.7
2026-04-13 16:00:00,5.8,12.5
2026-04-13 17:00:00,5.78,12.6
2026-04-13 18:00:00,5.57,12.2
2026-04-13 19:00:00,4.96,11.5
2026-04-13 20:00:00,4.56,10.0
2026-04-13 21:00:00,4.53,9.1
2026-04-13 22:00:00,4.57,9.2
2026-04-13 23:00:00,5.01,9.9
2026-04-14 00:00:00,5.22,10.4
2026-04-14 01:00:00,5.47,10.9
2026-04-14 02:00:00,5.13,10.9
2026-04-14 03:00:00,5.15,10.2
2026-04-14 04:00:00,5.18,10.3
2026-04-14 05:00:00,5.15,10.3
2026-04-14 06:00:00,4.94,10.2
2026-04-14 07:00:00,4.94,9.8
2026-04-14 08:00:00,4.67,10.4
2026-04-14 09:00:00,4.2,9.0
2026-04-14 10:00:00,4.68,9.9
2026-04-14 11:00:00,6.25,13.2
2026-04-14 12:00:00,7.37,15.1
2026-04-14 13:00:00,6.92,15.4
2026-04-14 14:00:00,6.08,14.3
2026-04-14 15:00:00,5.48,12.2
2026-04-14 16:00:00,5.72,12.0
2026-04-14 17:00:00,5.35,11.9
2026-04-14 18:00:00,4.68,10.8
2026-04-14 19:00:00,4.07,9.3
2026-04-14 20:00:00,3.43,7.9
2026-04-14 21:00:00,3.06,6.4
2026-04-14 22:00:00,2.71,5.4
2026-04-14 23:00:00,1.73,4.5
2026-04-15 00:00:00,1.25,3.1
2026-04-15 01:00:00,1.45,2.7
2026-04-15 02:00:00,1.51,2.8
2026-04-15 03:00:00,0.85,2.6
2026-04-15 04:00:00,1.19,1.9
2026-04-15 05:00:00,1.57,2.7
2026-04-15 06:00:00,1.58,2.8
2026-04-15 07:00:00,2.65,4.2
2026-04-15 08:00:00,2.85,5.7
2026-04-15 09:00:00,2.78,6.4
2026-04-15 10:00:00,2.8,6.6
2026-04-15 11:00:00,2.61,6.6
2026-04-15 12:00:00,2.8,6.8
2026-04-15 13:00:00,2.65,6.8
2026-04-15 14:00:00,2.4,6.6
2026-04-15 15:00:00,2.34,6.2
2026-04-15 16:00:00,2.52,6.5
2026-04-15 17:00:00,2.31,6.4
2026-04-15 18:00:00,2.46,5.8
2026-04-15 19:00:00,2.0,5.6
2026-04-15 20:00:00,1.49,3.8
2026-04-15 21:00:00,1.45,2.8
2026-04-15 22:00:00,1.39,2.6
2026-04-15 23:00:00,1.32,2.4
